#
# There is insufficient memory for the Java Runtime Environment to continue.
# Native memory allocation (malloc) failed to allocate 1411360 bytes. Error detail: Chunk::new
# Possible reasons:
#   The system is out of physical RAM or swap space
#   This process is running with CompressedOops enabled, and the Java Heap may be blocking the growth of the native heap
# Possible solutions:
#   Reduce memory load on the system
#   Increase physical memory or swap space
#   Check if swap backing store is full
#   Decrease Java heap size (-Xmx/-Xms)
#   Decrease number of Java threads
#   Decrease Java thread stack sizes (-Xss)
#   Set larger code cache with -XX:ReservedCodeCacheSize=
#   JVM is running with Unscaled Compressed Oops mode in which the Java heap is
#     placed in the first 4GB address space. The Java Heap base address is the
#     maximum limit for the native heap growth. Please use -XX:HeapBaseMinAddress
#     to set the Java Heap base and to place the Java Heap above 4GB virtual address.
# This output file may be truncated or incomplete.
#
#  Out of Memory Error (arena.cpp:168), pid=28576, tid=13268
#
# JRE version: OpenJDK Runtime Environment Temurin-21.0.12.1+1 (21.0.12.1+1) (build 21.0.12.1+1-LTS)
# Java VM: OpenJDK 64-Bit Server VM Temurin-21.0.12.1+1 (21.0.12.1+1-LTS, mixed mode, sharing, tiered, compressed oops, compressed class ptrs, parallel gc, windows-amd64)
# No core dump will be written. Minidumps are not enabled by default on client versions of Windows
#

---------------  S U M M A R Y ------------

Command Line: --add-modules=ALL-SYSTEM --add-opens=java.base/java.util=ALL-UNNAMED --add-opens=java.base/java.lang=ALL-UNNAMED --add-opens=java.base/sun.nio.fs=ALL-UNNAMED -Declipse.application=org.eclipse.jdt.ls.core.id1 -Dosgi.bundles.defaultStartLevel=4 -Declipse.product=org.eclipse.jdt.ls.core.product -Djava.import.generatesMetadataFilesAtProjectRoot=false -Dm2e.project.cache.size=50 -DDetectVMInstallationsJob.disabled=true -Dfile.encoding=utf8 -XX:+UseParallelGC -XX:GCTimeRatio=4 -XX:AdaptiveSizePolicyWeight=90 -Dsun.zip.disableMemoryMapping=true -Xmx2G -Xms100m -Xlog:disable -javaagent:c:\Users\ASUS\.vscode\extensions\redhat.java-1.56.0-win32-x64\lombok\lombok-1.18.39-4050.jar -XX:+HeapDumpOnOutOfMemoryError -XX:HeapDumpPath=c:\Users\ASUS\AppData\Roaming\Code\User\workspaceStorage\abc006f80b475779e14d82337ef5c2f0\redhat.java -Daether.dependencyCollector.impl=bf c:\Users\ASUS\.vscode\extensions\redhat.java-1.56.0-win32-x64\server\plugins\org.eclipse.equinox.launcher_1.8.0.v20260804-1928.jar -configuration c:\Users\ASUS\AppData\Roaming\Code\User\globalStorage\redhat.java\1.56.0\config_win -data c:\Users\ASUS\AppData\Roaming\Code\User\workspaceStorage\abc006f80b475779e14d82337ef5c2f0\redhat.java\jdt_ws --stdio

Host: 13th Gen Intel(R) Core(TM) i5-1335U, 12 cores, 15G,  Windows 11 , 64 bit Build 26100 (10.0.26100.9168)
Time: Wed Sep  9 13:20:34 2026 SE Asia Standard Time elapsed time: 1485.084513 seconds (0d 0h 24m 45s)

---------------  T H R E A D  ---------------

Current thread (0x0000012edeed5a00):  JavaThread "C2 CompilerThread0" daemon [_thread_in_native, id=13268, stack(0x000000025b600000,0x000000025b700000) (1024K)]


Current CompileTask:
C2:1485084 23107       4       java.lang.Throwable::printEnclosedStackTrace (350 bytes)

Stack: [0x000000025b600000,0x000000025b700000]
Native frames: (J=compiled Java code, j=interpreted, Vv=VM code, C=native code)
V  [jvm.dll+0x6d83e9]
V  [jvm.dll+0x8b5736]
V  [jvm.dll+0x8b7cee]
V  [jvm.dll+0x8b83d3]
V  [jvm.dll+0x284596]
V  [jvm.dll+0xc685d]
V  [jvm.dll+0xc6da1]
V  [jvm.dll+0x3bf18b]
V  [jvm.dll+0x38b6d2]
V  [jvm.dll+0x38ab1a]
V  [jvm.dll+0x24c700]
V  [jvm.dll+0x24bce0]
V  [jvm.dll+0x1cb4ae]
V  [jvm.dll+0x25baad]
V  [jvm.dll+0x25a03a]
V  [jvm.dll+0x3f8aae]
V  [jvm.dll+0x8600cd]
V  [jvm.dll+0x6d6c1d]
C  [ucrtbase.dll+0x2cd30]
C  [KERNEL32.DLL+0x2ccb7]
C  [ntdll.dll+0xaad6c]


---------------  P R O C E S S  ---------------

Threads class SMR info:
_java_thread_list=0x0000012f04591b50, length=2569, elements={
0x0000012edef33390, 0x0000012edeec9400, 0x0000012edeecaad0, 0x0000012edeece780,
0x0000012edeed12f0, 0x0000012edeed1d50, 0x0000012edeed27b0, 0x0000012edeed5a00,
0x0000012ef6c93f40, 0x0000012ef6e6d590, 0x0000012ef6f8d220, 0x0000012efc8240e0,
0x0000012efc91f760, 0x0000012efca1f3b0, 0x0000012efc865c00, 0x0000012efcae5360,
0x0000012ef6e23c90, 0x0000012efd080f40, 0x0000012ef6e99d60, 0x0000012ef6e996d0,
0x0000012efd46da70, 0x0000012efd46c6c0, 0x0000012efd46ac80, 0x0000012ec177cb90,
0x0000012ec177d8b0, 0x0000012ec177d220, 0x0000012ec177be70, 0x0000012ec177f980,
0x0000012ec1780010, 0x0000012ec17806a0, 0x0000012efed5ccb0, 0x0000012efed5b270,
0x0000012efed5d340, 0x0000012efed5b900, 0x0000012eff234aa0, 0x0000012eff237200,
0x0000012eff2364e0, 0x0000012eff235130, 0x0000012eff2357c0, 0x0000012eff235e50,
0x0000012eff233d80, 0x0000012eff237890, 0x0000012eff2392d0, 0x0000012eff238c40,
0x0000012ed3b61f90, 0x0000012ed3b64060, 0x0000012ecae7a080, 0x0000012ecae77920,
0x0000012ecae79360, 0x0000012eff8272a0, 0x0000012eff828650, 0x0000012eff82b440,
0x0000012eff82adb0, 0x0000012ed64f8a90, 0x0000012ed64fed00, 0x0000012ed64fc5a0,
0x0000012ed65000b0, 0x0000012ed64fdfe0, 0x0000012ed6502ea0, 0x0000012efed61b70,
0x0000012eca652e80, 0x0000012eca653ba0, 0x0000012eca654f50, 0x0000012eca656300,
0x0000012eca6590f0, 0x0000012eca65b850, 0x0000012eca65ab30, 0x0000012ecd178da0,
0x0000012ecd17bb90, 0x0000012ecd17c8b0, 0x0000012ecd17cf40, 0x0000012ecd1810e0,
0x0000012ecd183840, 0x0000012ecd184bf0, 0x0000012ecd186cc0, 0x0000012ece9eafa0,
0x0000012ece9f1210, 0x0000012ed13ec560, 0x0000012ed13eab20, 0x0000012ed13ef350,
0x0000012ed13f0d90, 0x0000012ed13f6970, 0x0000012ece9ef140, 0x0000012ecd182b20,
0x0000012ecc2d4740, 0x0000012ecc2d8f70, 0x0000012ecc2da320, 0x0000012ecc2df1e0,
0x0000012ecc2e12b0, 0x0000012ecc2e3a10, 0x0000012ecc2e40a0, 0x0000012ecc2e6e90,
0x0000012ecc2e8f60, 0x0000012ecc2ede20, 0x0000012ecc2ed790, 0x0000012ecc2efef0,
0x0000012ecc2f12a0, 0x0000012ecc2e9c80, 0x0000012ed13f0070, 0x0000012ed5077150,
0x0000012ed5077e70, 0x0000012ed50798b0, 0x0000012ed507b2f0, 0x0000012ed5079f40,
0x0000012ed5081bf0, 0x0000012ed5082fa0, 0x0000012ed5081560, 0x0000012ed5085d90,
0x0000012ed508c690, 0x0000012ed508a5c0, 0x0000012ed508ac50, 0x0000012ed64f7050,
0x0000012ed6506320, 0x0000012ecd1e1d40, 0x0000012ed13f5c50, 0x0000012ecc2db040,
0x0000012ecc2e6800, 0x0000012ecd17ae70, 0x0000012ed507da50, 0x0000012ed5090ec0,
0x0000012ed6501af0, 0x0000012ecd1def50, 0x0000012efc9fab90, 0x0000012ecc2ed100,
0x0000012ed5094340, 0x0000012ed5086420, 0x0000012ed508c000, 0x0000012ed5084350,
0x0000012eff82d510, 0x0000012eff82a090, 0x0000012ecc2ea9a0, 0x0000012ed13f83b0,
0x0000012efc9fa500, 0x0000012ece9ed700, 0x0000012ed13f90d0, 0x0000012ecd1de230,
0x0000012ed507e770, 0x0000012ece9f0b80, 0x0000012efd46b310, 0x0000012eca65f360,
0x0000012ecc7b0ff0, 0x0000012ecc7b4b00, 0x0000012ecc7b0960, 0x0000012ecc7b4470,
0x0000012ecc7b8ca0, 0x0000012ecc7ba050, 0x0000012ecc7b78f0, 0x0000012ecc7bc7b0,
0x0000012ecc7be1f0, 0x0000012ecc7c1d00, 0x0000012ecc7c0fe0, 0x0000012ecc7c2a20,
0x0000012ecc7bd4d0, 0x0000012ecc7c1670, 0x0000012ecc7c5ea0, 0x0000012ecc7c78e0,
0x0000012ecc7c4af0, 0x0000012ecc7c99b0, 0x0000012ecc7cef00, 0x0000012ecc7cc110,
0x0000012ecc2d9c90, 0x0000012ecc2e7520, 0x0000012ecc2e95f0, 0x0000012ed5092f90,
0x0000012ecd17a150, 0x0000012ecd185280, 0x0000012eca65bee0, 0x0000012ed6501460,
0x0000012ed13f34f0, 0x0000012ed13f4f30, 0x0000012efd470860, 0x0000012ece9edd90,
0x0000012ecd1e30f0, 0x0000012ec1af4c70, 0x0000012ec1af38c0, 0x0000012ec1af73d0,
0x0000012ec1af45e0, 0x0000012ec1af94a0, 0x0000012ec1afaee0, 0x0000012ec1af9b30,
0x0000012ec1af80f0, 0x0000012ec1afcfb0, 0x0000012ec1afdcd0, 0x0000012ec1affda0,
0x0000012ec1b00ac0, 0x0000012ec1b00430, 0x0000012ec1aff710, 0x0000012ec1af8780,
0x0000012ec1b02500, 0x0000012ec1b01e70, 0x0000012ec1b073c0, 0x0000012ec1b07a50,
0x0000012ec1b08e00, 0x0000012ec1b09b20, 0x0000012ec1b080e0, 0x0000012ec1b03220,
0x0000012ec1b08770, 0x0000012ec1b0e350, 0x0000012ec1b0e9e0, 0x0000012ec1b0d630,
0x0000012ec1b10420, 0x0000012ec1b0bbf0, 0x0000012ecd0ec400, 0x0000012ecd0e8f80,
0x0000012ecd0e5470, 0x0000012ecd0ed7b0, 0x0000012ecd0eb050, 0x0000012ecd0f1950,
0x0000012ecd0ed120, 0x0000012ecd0eff10, 0x0000012ecd0ee4d0, 0x0000012ecd0f3390,
0x0000012ecd0f3a20, 0x0000012ecd0f4740, 0x0000012ecd0f5460, 0x0000012ecd0f40b0,
0x0000012ecd0f9600, 0x0000012ecd0f7530, 0x0000012ecd0f5af0, 0x0000012ecd0fc3f0,
0x0000012ecd1012b0, 0x0000012ecd0fd7a0, 0x0000012ecd102660, 0x0000012ecd0fe4c0,
0x0000012ecd100c20, 0x0000012ecd1040a0, 0x0000012ecd105ae0, 0x0000012ecd107520,
0x0000012ecd106e90, 0x0000012ecd109c80, 0x0000012ecd106800, 0x0000012ecd0cd7d0,
0x0000012ecd10a9a0, 0x0000012ecd0ce4f0, 0x0000012ecd0cb700, 0x0000012ecd0ccab0,
0x0000012ecd0cb070, 0x0000012ecd0cf8a0, 0x0000012ecd0d12e0, 0x0000012ecd0d2690,
0x0000012ecd0cf210, 0x0000012ecd0cbd90, 0x0000012ecd0d33b0, 0x0000012ecd0d05c0,
0x0000012ecd0d1970, 0x0000012ecd0e5b00, 0x0000012ecd0e6820, 0x0000012ecd0fa320,
0x0000012ecd0e7540, 0x0000012ecd0f6180, 0x0000012ecd1095f0, 0x0000012ecd0d4760,
0x0000012ecd0d5b10, 0x0000012ecd10a310, 0x0000012ecd0d8270, 0x0000012ecd0da340,
0x0000012ecd0d61a0, 0x0000012ecd0d9cb0, 0x0000012ecd0dd130, 0x0000012ecd0db6f0,
0x0000012ecd0dd7c0, 0x0000012ecd0df890, 0x0000012ecd0e0c40, 0x0000012ecd0e2d10,
0x0000012ecd0e33a0, 0x0000012ecd0e4750, 0x0000012ec1b11140, 0x0000012ec1afe360,
0x0000012ec1b117d0, 0x0000012ec177b7e0, 0x0000012ec177aac0, 0x0000012ec177ec60,
0x0000012efed5faa0, 0x0000012efed5e6f0, 0x0000012ecc2eb030, 0x0000012ecd17f6a0,
0x0000012ed13f55c0, 0x0000012efed5e060, 0x0000012ec177b150, 0x0000012ecc2dbd60,
0x0000012efd46f4b0, 0x0000012ecd1e3e10, 0x0000012ecd0fb6d0, 0x0000012ecd17d5d0,
0x0000012effa0b670, 0x0000012effa0fea0, 0x0000012effa0ddd0, 0x0000012effa0c390,
0x0000012eff9f74e0, 0x0000012eff9f8200, 0x0000012eff9f8890, 0x0000012eff9fa960,
0x0000012eff9ff190, 0x0000012eff9fca30, 0x0000012eff9ff820, 0x0000012eff9feb00,
0x0000012effa00540, 0x0000012effa04050, 0x0000012effa01260, 0x0000012effa04d70,
0x0000012effa05a90, 0x0000012effa067b0, 0x0000012effa08880, 0x0000012effa08f10,
0x0000012effa07b60, 0x0000012effa081f0, 0x0000012effa09c30, 0x0000012ed5076430,
0x0000012ed508da40, 0x0000012eca653510, 0x0000012eca6576b0, 0x0000012ecc2e4dc0,
0x0000012eca657020, 0x0000012ed5087e60, 0x0000012ed64f7d70, 0x0000012efd471c10,
0x0000012efc9f9150, 0x0000012ed5092900, 0x0000012ed6500dd0, 0x0000012eced36730,
0x0000012eced37450, 0x0000012eced3a8d0, 0x0000012eced3bc80, 0x0000012eced3c310,
0x0000012eced40b40, 0x0000012eced3dd50, 0x0000012eced411d0, 0x0000012eced41860,
0x0000012eced45370, 0x0000012eced3d6c0, 0x0000012eced44650, 0x0000012eced43fc0,
0x0000012eced42580, 0x0000012eced46db0, 0x0000012eced46090, 0x0000012eced4bc70,
0x0000012eced4d6b0, 0x0000012eced4dd40, 0x0000012eced4ea60, 0x0000012eced4f0f0,
0x0000012eced53290, 0x0000012eced4e3d0, 0x0000012eced559f0, 0x0000012eced52c00,
0x0000012eced587e0, 0x0000012eced57430, 0x0000012eced52570, 0x0000012eced58e70,
0x0000012eced5b5d0, 0x0000012eced59500, 0x0000012eced5af40, 0x0000012eced5c980,
0x0000012eced5bc60, 0x0000012eced5c2f0, 0x0000012eced61840, 0x0000012eced5dd30,
0x0000012eced5ea50, 0x0000012eced5f0e0, 0x0000012eced60490, 0x0000012eced5fe00,
0x0000012eced63910, 0x0000012eced66700, 0x0000012eced611b0, 0x0000012eced68140,
0x0000012eced64cc0, 0x0000012eced6a8a0, 0x0000012eced687d0, 0x0000012eced6b5c0,
0x0000012eced694f0, 0x0000012eced6e3b0, 0x0000012eced6dd20, 0x0000012eced6d690,
0x0000012eced72550, 0x0000012eced73270, 0x0000012eced6fdf0, 0x0000012eced6f0d0,
0x0000012eced66070, 0x0000012ed64f97b0, 0x0000012ed507fb20, 0x0000012eca651440,
0x0000012eced4d020, 0x0000012ecae7e8b0, 0x0000012eced71830, 0x0000012ed64fd2c0,
0x0000012ed13f8a40, 0x0000012eff827fc0, 0x0000012ed5075da0, 0x0000012eca655c70,
0x0000012ecd4cc210, 0x0000012ecd4cbb80, 0x0000012ecd4d0a40, 0x0000012ecd4d2480,
0x0000012ecd4d3830, 0x0000012ecd4cfd20, 0x0000012ecd4d5270, 0x0000012ecd4cd5c0,
0x0000012ecd4d1760, 0x0000012ecd4d5900, 0x0000012ecd4d31a0, 0x0000012ecd4d1df0,
0x0000012ecd4da130, 0x0000012ecd4de960, 0x0000012ecd4e1de0, 0x0000012ecd4e2470,
0x0000012ecd4e0a30, 0x0000012ecd4e4540, 0x0000012ecd4e7330, 0x0000012ecd4e9400,
0x0000012ecd4ea7b0, 0x0000012ecd4efd00, 0x0000012ecd4ecf10, 0x0000012ecd4ee2c0,
0x0000012ecd4ee950, 0x0000012ecd4edc30, 0x0000012ecd4f1dd0, 0x0000012ecd4f5250,
0x0000012ecd4f7320, 0x0000012ecd4f9a80, 0x0000012ecd4f93f0, 0x0000012ecd4fefd0,
0x0000012ecd500380, 0x0000012ecd4ffcf0, 0x0000012ecd502ae0, 0x0000012ecd4df680,
0x0000012ecd5058d0, 0x0000012ecd505f60, 0x0000012ecd501dc0, 0x0000012ecd5065f0,
0x0000012ecd509a70, 0x0000012ecc2d6180, 0x0000012ecc2d40b0, 0x0000012ecc2e5450,
0x0000012ecc2e0590, 0x0000012ecc2eeb40, 0x0000012ed507ee00, 0x0000012ed508b2e0,
0x0000012ed13ebed0, 0x0000012ed13f2e60, 0x0000012ed13f3b80, 0x0000012ed13f2140,
0x0000012ed13f7d20, 0x0000012ecd180a50, 0x0000012ecc7bdb60, 0x0000012ecae7c150,
0x0000012ecd4ce2e0, 0x0000012ece9ea910, 0x0000012ed6505600, 0x0000012ecd4f2af0,
0x0000012ec1b0b560, 0x0000012ed3b61270, 0x0000012eca650090, 0x0000012eca65ecd0,
0x0000012ecc2ee4b0, 0x0000012ecc7b99c0, 0x0000012ece9ef7d0, 0x0000012ecd0f8250,
0x0000012ecd4f86d0, 0x0000012ecd178710, 0x0000012eced6a210, 0x0000012eced71ec0,
0x0000012ecd4f58e0, 0x0000012ecd4f3ea0, 0x0000012ecd4f5f70, 0x0000012efc9f7da0,
0x0000012eca659e10, 0x0000012ec1b06d30, 0x0000012ecd1e0990, 0x0000012ed604d350,
0x0000012ed604e700, 0x0000012ed604e070, 0x0000012ed6052210, 0x0000012ed6055d20,
0x0000012ed6055690, 0x0000012ed605b270, 0x0000012ed6059830, 0x0000012ed605a550,
0x0000012ed6058b10, 0x0000012ed605d340, 0x0000012ed605e6f0, 0x0000012ed6065d10,
0x0000012ed6064ff0, 0x0000012ed606c610, 0x0000012ed606bf80, 0x0000012ed606e050,
0x0000012ed6072880, 0x0000012ed6076390, 0x0000012ed607abc0, 0x0000012ed6079180,
0x0000012ed6079810, 0x0000012ed607b250, 0x0000012ed607a530, 0x0000012ed607c600,
0x0000012ed6078af0, 0x0000012ed604a560, 0x0000012ed6053c50, 0x0000012ed6055000,
0x0000012ed60514f0, 0x0000012ed607bf70, 0x0000012ed605abe0, 0x0000012ed605ccb0,
0x0000012ed60642d0, 0x0000012ed606abd0, 0x0000012ed6067750, 0x0000012ed606f400,
0x0000012ed606ed70, 0x0000012ed607f3f0, 0x0000012ed60721f0, 0x0000012ed6075d00,
0x0000012ed6077740, 0x0000012ed607fa80, 0x0000012ed6075670, 0x0000012ed6073c30,
0x0000012ed6060130, 0x0000012ed6083590, 0x0000012ed6059ec0, 0x0000012ed604b910,
0x0000012ed604fab0, 0x0000012ed6085cf0, 0x0000012ed60770b0, 0x0000012ed6086380,
0x0000012ed6084fd0, 0x0000012ed6087dc0, 0x0000012ed606d330, 0x0000012ed64ffa20,
0x0000012ed64f9e40, 0x0000012ecd4cf690, 0x0000012ecd4d6620, 0x0000012ecd4fbb50,
0x0000012ecd4f6c90, 0x0000012ecc7b1680, 0x0000012ecc7b6bd0, 0x0000012ecc7c3740,
0x0000012ed606b260, 0x0000012ed6089800, 0x0000012ecae7a710, 0x0000012ecae78640,
0x0000012ecae7d500, 0x0000012ecd1831b0, 0x0000012ecd1dce80, 0x0000012ed60670c0,
0x0000012ed605bf90, 0x0000012eff9f0be0, 0x0000012effa0e460, 0x0000012ed508e0d0,
0x0000012ed507f490, 0x0000012ed60614e0, 0x0000012ed6063c40, 0x0000012ed6052f30,
0x0000012ed6062890, 0x0000012ece9eeab0, 0x0000012ed13ecbf0, 0x0000012ecc2f3370,
0x0000012ecc2deb50, 0x0000012ecc2e1940, 0x0000012ecc2dd110, 0x0000012eced56080,
0x0000012ecd185fa0, 0x0000012efd471580, 0x0000012ecc7bba90, 0x0000012ecc7bf5a0,
0x0000012ecc7c5180, 0x0000012ecc7b7f80, 0x0000012ed605faa0, 0x0000012ed605e060,
0x0000012ed6051b80, 0x0000012ecd4e3190, 0x0000012eced360a0, 0x0000012ed13f62e0,
0x0000012ed6065680, 0x0000012ed6056a40, 0x0000012ed6068470, 0x0000012eced73900,
0x0000012eff236b70, 0x0000012ece9ea280, 0x0000012ece9ed070, 0x0000012ecae7c7e0,
0x0000012ecd1df5e0, 0x0000012ecd0f05a0, 0x0000012ecd0e7bd0, 0x0000012ecd0f9c90,
0x0000012ecd0d0c50, 0x0000012ecd0fb040, 0x0000012ed607cc90, 0x0000012ed6066a30,
0x0000012ecd0f7bc0, 0x0000012eca6555e0, 0x0000012ed5091be0, 0x0000012efd470ef0,
0x0000012efd46fb40, 0x0000012ec1b04c60, 0x0000012eff23b3a0, 0x0000012ecd4fa110,
0x0000012eced59b90, 0x0000012ecd1779f0, 0x0000012effa074d0, 0x0000012ecd0f4dd0,
0x0000012ec177c500, 0x0000012efc9f9e70, 0x0000012eff829a00, 0x0000012ed606fa90,
0x0000012f02a43c20, 0x0000012f02a45660, 0x0000012f02a47dc0, 0x0000012f02a470a0,
0x0000012f02a48450, 0x0000012f02a49170, 0x0000012f02a48ae0, 0x0000012f02a49e90,
0x0000012f02a4cc80, 0x0000012f02a4d310, 0x0000012f02a4abb0, 0x0000012f02a4a520,
0x0000012f02a0fab0, 0x0000012f02a10e60, 0x0000012f02a12210, 0x0000012f02a128a0,
0x0000012f02a15000, 0x0000012f02a15d20, 0x0000012f02a13c50, 0x0000012f02a142e0,
0x0000012f02a170d0, 0x0000012f02a17760, 0x0000012f02a12f30, 0x0000012f02a16a40,
0x0000012f02a18480, 0x0000012f02a1d340, 0x0000012f02a22f20, 0x0000012f02a20130,
0x0000012f02a24960, 0x0000012f02a25d10, 0x0000012f02a22890, 0x0000012f02a214e0,
0x0000012f02a29190, 0x0000012f02a2cca0, 0x0000012f02a2e6e0, 0x0000012f02a39810,
0x0000012f02a3abc0, 0x0000012f02a3b250, 0x0000012f02a38460, 0x0000012f02a41b50,
0x0000012f02a3f3f0, 0x0000012ecc7cc7a0, 0x0000012ecc7b7260, 0x0000012ecd0ff1e0,
0x0000012efd46e100, 0x0000012ecd07f670, 0x0000012ecd07dc30, 0x0000012ecd084530,
0x0000012ecd083810, 0x0000012ecd07efe0, 0x0000012ecd084bc0, 0x0000012ecd0893f0,
0x0000012ecd082460, 0x0000012ecd086600, 0x0000012ecd088040, 0x0000012ecd08e2b0,
0x0000012ecd093170, 0x0000012ecd091dc0, 0x0000012ecd092450, 0x0000012ecd086c90,
0x0000012ecd092ae0, 0x0000012ecd091730, 0x0000012ecd0965f0, 0x0000012ecd095f60,
0x0000012ecd096c80, 0x0000012ecd099a70, 0x0000012ecd09bb40, 0x0000012ecd09f650,
0x0000012ecd09c860, 0x0000012ecd0a0a00, 0x0000012ecd0a3160, 0x0000012ecd0a3e80,
0x0000012ecd0a8020, 0x0000012ecd0a86b0, 0x0000012ecd0ac850, 0x0000012ecd0adc00,
0x0000012ecd0afcd0, 0x0000012ecd0b0360, 0x0000012ecd0acee0, 0x0000012ecd0ae290,
0x0000012ecd0b1710, 0x0000012ecd0b37e0, 0x0000012ecd0b1da0, 0x0000012ecd0b2ac0,
0x0000012ecd0b5220, 0x0000012ecd0b3150, 0x0000012ecd0b4b90, 0x0000012ecd0b58b0,
0x0000012ecd095240, 0x0000012ecd0b8010, 0x0000012ecd081dd0, 0x0000012ecd07e950,
0x0000012ecd0b6c60, 0x0000012ecd0879b0, 0x0000012ecd08b4c0, 0x0000012ecd08d590,
0x0000012ecd0bbb20, 0x0000012ecd08dc20, 0x0000012ecd08bb50, 0x0000012ecd0ba770,
0x0000012f02a29820, 0x0000012f02a2c610, 0x0000012f02a2e050, 0x0000012f02a2b260,
0x0000012f02a307b0, 0x0000012f02a2ed70, 0x0000012f02a314d0, 0x0000012f02a37740,
0x0000012f02a36390, 0x0000012f02a370b0, 0x0000012f02a3b8e0, 0x0000012f02a37dd0,
0x0000012f02a3e6d0, 0x0000012f02a3cc90, 0x0000012f02a1abe0, 0x0000012f02a17df0,
0x0000012f02a1bf90, 0x0000012f02a18b10, 0x0000012f02a1b270, 0x0000012f02a1c620,
0x0000012f02a1a550, 0x0000012f02a1b900, 0x0000012f02a19ec0, 0x0000012f02a1d9d0,
0x0000012f02a207c0, 0x0000012f02a407a0, 0x0000012f02a3e040, 0x0000012f02a3fa80,
0x0000012f02a34fe0, 0x0000012f02a45cf0, 0x0000012f02a47730, 0x0000012f02a270c0,
0x0000012f02a27de0, 0x0000012f02a235b0, 0x0000012f02a26a30, 0x0000012f02a32880,
0x0000012f02a35670, 0x0000012f02a28b00, 0x0000012f02a28470, 0x0000012ecd4e8d70,
0x0000012ecd4e79c0, 0x0000012ecd4e86e0, 0x0000012ecd4e8050, 0x0000012ecd4e9a90,
0x0000012ecd4e58f0, 0x0000012ecd4e6610, 0x0000012ecd4e5f80, 0x0000012ecd4ea120,
0x0000012ecd4eb4d0, 0x0000012ecd4ec880, 0x0000012ecd50a100, 0x0000012ecd504bb0,
0x0000012ecd4d2b10, 0x0000012ecd4db4e0, 0x0000012ecd4dbb70, 0x0000012ecd4d4550,
0x0000012ecd4dae50, 0x0000012ecd4d9410, 0x0000012ecd4ddc40, 0x0000012ecd4dc890,
0x0000012ecd4e2b00, 0x0000012ecd4ebb60, 0x0000012eced504a0, 0x0000012eced511c0,
0x0000012eced50b30, 0x0000012eced4f780, 0x0000012eced58150, 0x0000012eced4fe10,
0x0000012eced67420, 0x0000012eced34cf0, 0x0000012eced39bb0, 0x0000012eced38800,
0x0000012eced38170, 0x0000012eced3a240, 0x0000012eced404b0, 0x0000012eced3f790,
0x0000012eced45a00, 0x0000012eced3b5f0, 0x0000012eced4b5e0, 0x0000012ed6049840,
0x0000012ed6057df0, 0x0000012ed604ccc0, 0x0000012ed6062200, 0x0000012ed6069eb0,
0x0000012ed60870a0, 0x0000012ed6082f00, 0x0000012ed60607c0, 0x0000012ed605f410,
0x0000012ed6088450, 0x0000012ecc2d7530, 0x0000012ecc2d6ea0, 0x0000012ecc2d8250,
0x0000012ecc2d88e0, 0x0000012ecc2dca80, 0x0000012ecc2d4dd0, 0x0000012ecc2d6810,
0x0000012ecc2df870, 0x0000012ecc2dff00, 0x0000012ecc2d5460, 0x0000012ecc2dde30,
0x0000012ecc2e0c20, 0x0000012ecc2e8240, 0x0000012ecc2d9600, 0x0000012ecc2e6170,
0x0000012ecc2e1fd0, 0x0000012ecc2eb6c0, 0x0000012ecc2ea310, 0x0000012ecc2f0580,
0x0000012ecc2f2ce0, 0x0000012ecc7b30c0, 0x0000012ecc7b5190, 0x0000012ecc7b23a0,
0x0000012ecc7b5820, 0x0000012ecc7ba6e0, 0x0000012ecc7b5eb0, 0x0000012ecc7bad70,
0x0000012ecc7b2a30, 0x0000012ecc7bef10, 0x0000012ecc7b9330, 0x0000012ecc7bce40,
0x0000012ecc7c7f70, 0x0000012ecc7c9320, 0x0000012ecc7bfc30, 0x0000012ecc7cad60,
0x0000012ecc7ce1e0, 0x0000012ecc7cf590, 0x0000012eff9f2cb0, 0x0000012eff9fe470,
0x0000012eff9faff0, 0x0000012effa02610, 0x0000012effa018f0, 0x0000012effa0f810,
0x0000012effa0d0b0, 0x0000012effa0d740, 0x0000012ed50884f0, 0x0000012ed507d3c0,
0x0000012ed5086ab0, 0x0000012ed50877d0, 0x0000012ed508edf0, 0x0000012ed5091550,
0x0000012f02a2abd0, 0x0000012f02a42870, 0x0000012f02a23c40, 0x0000012f02a1e060,
0x0000012f02a2bf80, 0x0000012f02a30120, 0x0000012f02a25680, 0x0000012ed64f9120,
0x0000012ed64fe670, 0x0000012ed6502810, 0x0000012ed13ee630, 0x0000012ed13ed910,
0x0000012ed13ef9e0, 0x0000012ed13ed280, 0x0000012ed13f48a0, 0x0000012efd46c030,
0x0000012efd4701d0, 0x0000012efd4722a0, 0x0000012f02a34950, 0x0000012ecd1e16b0,
0x0000012ecd081740, 0x0000012ecd07fd00, 0x0000012ecd088d60, 0x0000012ecd085250,
0x0000012ecd089a80, 0x0000012ecd08a7a0, 0x0000012ecd0886d0, 0x0000012ecd08ae30,
0x0000012ed605b900, 0x0000012ed6061b70, 0x0000012ec1779710, 0x0000012ecd4dcf20,
0x0000012eced3af60, 0x0000012eff82bad0, 0x0000012eff829370, 0x0000012effa01f80,
0x0000012ec1af5990, 0x0000012ec1afc920, 0x0000012ecd09b4b0, 0x0000012eced54640,
0x0000012eced54cd0, 0x0000012eced41ef0, 0x0000012eced47ad0, 0x0000012eced49510,
0x0000012eced4c300, 0x0000012ed6067de0, 0x0000012ed6069820, 0x0000012ed6071b60,
0x0000012ed60735a0, 0x0000012ed60707b0, 0x0000012ed60842b0, 0x0000012ed6087730,
0x0000012ed606b8f0, 0x0000012ed6503530, 0x0000012ed64fb1f0, 0x0000012ed65048e0,
0x0000012f02a24ff0, 0x0000012f02a421e0, 0x0000012ec1af8e10, 0x0000012ec1b01150,
0x0000012ed5082910, 0x0000012ed5083630, 0x0000012ed5085700, 0x0000012ed50801b0,
0x0000012ed5089210, 0x0000012ecd0a2ad0, 0x0000012eced53920, 0x0000012ec1b0cfa0,
0x0000012ec1b10ab0, 0x0000012ec1afc290, 0x0000012ecd17e980, 0x0000012ecd17f010,
0x0000012ecd1803c0, 0x0000012ecd4fc1e0, 0x0000012ecd4ccf30, 0x0000012ecd5079a0,
0x0000012ecd4fe940, 0x0000012ecd4fcf00, 0x0000012ecd4f0390, 0x0000012ecd4f1740,
0x0000012ecd4d8060, 0x0000012ecd4d5f90, 0x0000012ecd4cae60, 0x0000012ecc7c3dd0,
0x0000012ed13eecc0, 0x0000012eff9f6130, 0x0000012eff23a680, 0x0000012ecd4e3eb0,
0x0000012ed507cd30, 0x0000012ed5075080, 0x0000012f02a40110, 0x0000012ecd0810b0,
0x0000012ec1b0a1b0, 0x0000012ecae7ef40, 0x0000012ecae7e220, 0x0000012ecd102cf0,
0x0000012ecd0da9d0, 0x0000012ecd0d7be0, 0x0000012ecd0db060, 0x0000012ecd0d8f90,
0x0000012ecd0de4e0, 0x0000012ecd0dcaa0, 0x0000012ecd0dbd80, 0x0000012ecd0e12d0,
0x0000012ecd0d40d0, 0x0000012ecd0e4de0, 0x0000012ecd0dff20, 0x0000012ecd0e9610,
0x0000012ecd0eb6e0, 0x0000012ecd0ede40, 0x0000012ecd0e1960, 0x0000012ecd103a10,
0x0000012eca650720, 0x0000012eca65e640, 0x0000012eca65d290, 0x0000012ecd08c870,
0x0000012eced36dc0, 0x0000012eced432a0, 0x0000012eced33fd0, 0x0000012eced55360,
0x0000012ecd0dde50, 0x0000012ecd0f6810, 0x0000012ecd1ddba0, 0x0000012ecd1e2a60,
0x0000012ecd1dd510, 0x0000012f02a335a0, 0x0000012f02a4e030, 0x0000012f02a43590,
0x0000012ecd083ea0, 0x0000012ecd08e940, 0x0000012ecd4f3810, 0x0000012ecd4f4bc0,
0x0000012ec1af5300, 0x0000012ec1af6020, 0x0000012ed5075710, 0x0000012ed50849e0,
0x0000012ed5088b80, 0x0000012ed5080ed0, 0x0000012ed50898a0, 0x0000012ed5092270,
0x0000012ecd4d9aa0, 0x0000012ecd4d79d0, 0x0000012ecd4d8d80, 0x0000012ecd4f2460,
0x0000012ec1b0f700, 0x0000012ec1afa1c0, 0x0000012ed60570d0, 0x0000012ed605ed80,
0x0000012ed6070120, 0x0000012ecd4f4530, 0x0000012ecd4f3180, 0x0000012ed13eb840,
0x0000012ed13edfa0, 0x0000012ed13f9760, 0x0000012eca65d920, 0x0000012eca6527f0,
0x0000012eca65a4a0, 0x0000012eff9f8f20, 0x0000012eff9fc3a0, 0x0000012effa0ca20,
0x0000012eff9f4d80, 0x0000012ef6e96f70, 0x0000012ecc7cce30, 0x0000012ecd4e3820,
0x0000012ecd4f8d60, 0x0000012f02a40e30, 0x0000012ec1afa850, 0x0000012ec1af3230,
0x0000012ec1b066a0, 0x0000012eca657d40, 0x0000012eff827930, 0x0000012ed6074950,
0x0000012ecd1de8c0, 0x0000012efd46d3e0, 0x0000012efd46ee20, 0x0000012ecd090380,
0x0000012eff82ce80, 0x0000012eff82c7f0, 0x0000012ecd179ac0, 0x0000012ecc2f1930,
0x0000012eced35380, 0x0000012eced39520, 0x0000012eced43930, 0x0000012eced3ea70,
0x0000012eced47440, 0x0000012eced42c10, 0x0000012eced53fb0, 0x0000012eced51850,
0x0000012eced62560, 0x0000012eced61ed0, 0x0000012ecd4ce970, 0x0000012eff23ad10,
0x0000012ecd4fd590, 0x0000012ecd4dd5b0, 0x0000012f02a38af0, 0x0000012ecd1e3780,
0x0000012ecd1dc7f0, 0x0000012ecc7c6bc0, 0x0000012efc9f97e0, 0x0000012eff9f1f90,
0x0000012eca65dfb0, 0x0000012ecd503170, 0x0000012ecd4e4bd0, 0x0000012ecd508030,
0x0000012eff9f4060, 0x0000012eca6583d0, 0x0000012ecc7c2390, 0x0000012ed64ff390,
0x0000012ecd503e90, 0x0000012ecd098d50, 0x0000012ecd093800, 0x0000012ecd08a110,
0x0000012ed5085070, 0x0000012eff234410, 0x0000012ed13f7690, 0x0000012ed13f7000,
0x0000012ecd178080, 0x0000012ed5076ac0, 0x0000012ed6503bc0, 0x0000012ed6504250,
0x0000012ed3b639d0, 0x0000012eced4af50, 0x0000012f02a3d9b0, 0x0000012ec1b02b90,
0x0000012ecc2ec3e0, 0x0000012ecd500a10, 0x0000012ecd0d7550, 0x0000012ecd0ceb80,
0x0000012ecd0d6830, 0x0000012ecd0ea330, 0x0000012ecd10b030, 0x0000012ecd094520,
0x0000012ecd085f70, 0x0000012ecd0af640, 0x0000012ecc7cba80, 0x0000012eff9f5410,
0x0000012ed507b980, 0x0000012ecc7ce870, 0x0000012ecc7cb3f0, 0x0000012ef6e97600,
0x0000012ed5087140, 0x0000012ef6e99040, 0x0000012efed60e50, 0x0000012efed607c0,
0x0000012ec177a430, 0x0000012ecd4eae40, 0x0000012ecd4fae30, 0x0000012ecd4ec1f0,
0x0000012ecd502450, 0x0000012ecc7cfc20, 0x0000012ef6e989b0, 0x0000012ef6e98320,
0x0000012ecd4dc200, 0x0000012f02a3d320, 0x0000012eff239ff0, 0x0000012ecd501730,
0x0000012ecc2eca70, 0x0000012ece9ec350, 0x0000012ecd0d5480, 0x0000012efd46cd50,
0x0000012ece9ec9e0, 0x0000012ecc2de4c0, 0x0000012ecd108240, 0x0000012ecd504520,
0x0000012ecc7c0950, 0x0000012ecd0d9620, 0x0000012ecd08cf00, 0x0000012ec1b0dcc0,
0x0000012ec1b09490, 0x0000012ecd5093e0, 0x0000012ecd4d10d0, 0x0000012ecd0e40c0,
0x0000012ecd4ef670, 0x0000012ecd4eefe0, 0x0000012ed6086a10, 0x0000012ed3b61900,
0x0000012ed508f480, 0x0000012ec1b052f0, 0x0000012ec1b06010, 0x0000012ec1b11e60,
0x0000012ecc2dc3f0, 0x0000012ecc2f1fc0, 0x0000012ecc2da9b0, 0x0000012ecd0fca80,
0x0000012ed5083cc0, 0x0000012f02a22200, 0x0000012f054f7830, 0x0000012f054f71a0,
0x0000012f054f9f90, 0x0000012f054f6b10, 0x0000012f054fa620, 0x0000012f054fcd80,
0x0000012f054f9270, 0x0000012f05500f20, 0x0000012f054fdaa0, 0x0000012f054fe7c0,
0x0000012f05500890, 0x0000012f054facb0, 0x0000012f054fee50, 0x0000012f055015b0,
0x0000012f05506470, 0x0000012f055050c0, 0x0000012f054ff4e0, 0x0000012f055043a0,
0x0000012f05507eb0, 0x0000012f05504a30, 0x0000012f05508bd0, 0x0000012f05502960,
0x0000012f055098f0, 0x0000012f05509260, 0x0000012f0550a610, 0x0000012f05509f80,
0x0000012f0550aca0, 0x0000012f05507820, 0x0000012f0550b9c0, 0x0000012f05508540,
0x0000012f0550e7b0, 0x0000012f0550b330, 0x0000012f0550ee40, 0x0000012f0550c050,
0x0000012f0550e120, 0x0000012f0550d400, 0x0000012f0550f4d0, 0x0000012f0550fb60,
0x0000012f055101f0, 0x0000012f0550c6e0, 0x0000012f05510880, 0x0000012f0550cd70,
0x0000012f05512950, 0x0000012f055115a0, 0x0000012f05511c30, 0x0000012f055122c0,
0x0000012f05513d00, 0x0000012f05512fe0, 0x0000012f05514390, 0x0000012f05510f10,
0x0000012f05513670, 0x0000012f05517ea0, 0x0000012f055150b0, 0x0000012f05517180,
0x0000012f05514a20, 0x0000012f05518530, 0x0000012f05517810, 0x0000012f05516460,
0x0000012f05515740, 0x0000012f05518bc0, 0x0000012f05516af0, 0x0000012f05515dd0,
0x0000012f0551b320, 0x0000012f0551c040, 0x0000012f05519250, 0x0000012f0551b9b0,
0x0000012f055198e0, 0x0000012f0551ac90, 0x0000012f0551a600, 0x0000012f0551c6d0,
0x0000012f05519f70, 0x0000012f0551fb50, 0x0000012f0551da80, 0x0000012f0551f4c0,
0x0000012f0551cd60, 0x0000012f0551d3f0, 0x0000012f05520f00, 0x0000012f05521590,
0x0000012f05520870, 0x0000012f055250a0, 0x0000012f05522940, 0x0000012f05525730,
0x0000012f05524a10, 0x0000012f055222b0, 0x0000012f05525dc0, 0x0000012f0551e7a0,
0x0000012f05526450, 0x0000012f05528bb0, 0x0000012f05529240, 0x0000012f05529f60,
0x0000012f0552cd50, 0x0000012f05536440, 0x0000012f054fc060, 0x0000012ecd0cff30,
0x0000012ec1af66b0, 0x0000012ec1b0c910, 0x0000012ec1b0fd90, 0x0000012ecd0f0c30,
0x0000012ecd0eeb60, 0x0000012ecd0ea9c0, 0x0000012ecd108f60, 0x0000012ecd0fde30,
0x0000012ecd4cdc50, 0x0000012f054f9900, 0x0000012ecd0cc420, 0x0000012ecd0ef1f0,
0x0000012ecd0e6eb0, 0x0000012ecd0fd110, 0x0000012eff9f3340, 0x0000012eff9f6e50,
0x0000012eff9f95b0, 0x0000012eff9fd0c0, 0x0000012effa05400, 0x0000012effa039c0,
0x0000012eff9f39d0, 0x0000012effa06120, 0x0000012effa02ca0, 0x0000012eff9f2620,
0x0000012eff9f9c40, 0x0000012eff9fdde0, 0x0000012eff9fd750, 0x0000012effa03330,
0x0000012effa06e40, 0x0000012effa095a0, 0x0000012ed507e0e0, 0x0000012ed5078500,
0x0000012ed508fb10, 0x0000012ed5093cb0, 0x0000012eced56da0, 0x0000012eced6c970,
0x0000012eced5a8b0, 0x0000012eced5f770, 0x0000012eced5e3c0, 0x0000012eced6f760,
0x0000012eced70480, 0x0000012eced70b10, 0x0000012eced711a0, 0x0000012eced3fe20,
0x0000012eced3f100, 0x0000012eced6af30, 0x0000012eced6bc50, 0x0000012eced6c2e0,
0x0000012eced69b80, 0x0000012eced44ce0, 0x0000012eced63280, 0x0000012eced659e0,
0x0000012eced65350, 0x0000012eced67ab0, 0x0000012eced68e60, 0x0000012eced3e3e0,
0x0000012eced46720, 0x0000012eced63fa0, 0x0000012eced62bf0, 0x0000012f05522fd0,
0x0000012f05535720, 0x0000012f05526ae0, 0x0000012f05501c40, 0x0000012f05500200,
0x0000012f05505de0, 0x0000012f05506b00, 0x0000012f05527170, 0x0000012f05505750,
0x0000012ec1b038b0, 0x0000012ec1afd640, 0x0000012ec1b017e0, 0x0000012ec1b05980,
0x0000012ed64fa4d0, 0x0000012ece9e9bf0, 0x0000012ece9eb630, 0x0000012ece9f04f0,
0x0000012eca65c570, 0x0000012efed60130, 0x0000012ecd0e88f0, 0x0000012ecd105450,
0x0000012eca65b1c0, 0x0000012ecc7b8610, 0x0000012f05503680, 0x0000012ecd10b6c0,
0x0000012eced6d000, 0x0000012ed5082280, 0x0000012ed507ac60, 0x0000012f054fb340,
0x0000012eff82c160, 0x0000012ecd4fc870, 0x0000012ecd4fb4c0, 0x0000012ecd4ed5a0,
0x0000012ecd4e10c0, 0x0000012ecd4d7340, 0x0000012ecd4deff0, 0x0000012ecd4dfd10,
0x0000012ecd505240, 0x0000012ed604ed90, 0x0000012ed6054970, 0x0000012ed60507d0,
0x0000012f054f8550, 0x0000012f054fd410, 0x0000012f05502ff0, 0x0000012f055022d0,
0x0000012f0550da90, 0x0000012f05527800, 0x0000012f05528520, 0x0000012f05527e90,
0x0000012f0552ee20, 0x0000012f0552b310, 0x0000012f055301d0, 0x0000012f0552d3e0,
0x0000012f05535090, 0x0000012f05530ef0, 0x0000012f0552da70, 0x0000012f05533ce0,
0x0000012f05531c10, 0x0000012f0552c030, 0x0000012f055201e0, 0x0000012f0551ee30,
0x0000012f05532930, 0x0000012f05534370, 0x0000012f054f8be0, 0x0000012f055322a0,
0x0000012f055298d0, 0x0000012ecd4d3ec0, 0x0000012ecd4de2d0, 0x0000012ecd4cb4f0,
0x0000012ecd4e6ca0, 0x0000012ec1af7a60, 0x0000012ec1afe9f0, 0x0000012ec1af6d40,
0x0000012ecd0f12c0, 0x0000012ecd0d4df0, 0x0000012eff9fbd10, 0x0000012ec1b0aed0,
0x0000012ed64f76e0, 0x0000012ecae7ada0, 0x0000012ec1b045d0, 0x0000012f054ffb70,
0x0000012efed614e0, 0x0000012ece9ebcc0, 0x0000012ec177f2f0, 0x0000012ecd1e0300,
0x0000012ecd4fa7a0, 0x0000012ecae7db90, 0x0000012eca656990, 0x0000012eff82dba0,
0x0000012f0552e100, 0x0000012eff9ffeb0, 0x0000012ecd17dc60, 0x0000012ecd181770,
0x0000012ecd0f2d00, 0x0000012ecd0ef880, 0x0000012ecd101940, 0x0000012ecd0f8f70,
0x0000012ecc7b3750, 0x0000012ecc7c30b0, 0x0000012ecd0fbd60, 0x0000012ecd100590,
0x0000012f05534a00, 0x0000012f0552a5f0, 0x0000012f0552c6c0, 0x0000012f0552fb40,
0x0000012ecc2e4730, 0x0000012ecc2f2650, 0x0000012ed64fb880, 0x0000012ed64fd950,
0x0000012ecc2e2660, 0x0000012ecc7c6530, 0x0000012ecc2ebd50, 0x0000012f02a242d0,
0x0000012ed5079220, 0x0000012f0552ac80, 0x0000012eced5d6a0, 0x0000012ed13f1420,
0x0000012f03556170, 0x0000012f0355a310, 0x0000012f0355d100, 0x0000012f0355bd50,
0x0000012f0355de20, 0x0000012f0355d790, 0x0000012f0355a9a0, 0x0000012f0355b030,
0x0000012f0355eb40, 0x0000012f03561fc0, 0x0000012f0355fef0, 0x0000012f03562650,
0x0000012f03562ce0, 0x0000012f03560580, 0x0000012f0355f860, 0x0000012f0355f1d0,
0x0000012f03563a00, 0x0000012f03563370, 0x0000012f03564db0, 0x0000012f03564090,
0x0000012f03566e80, 0x0000012f03565ad0, 0x0000012f03566160, 0x0000012f035667f0,
0x0000012f03567510, 0x0000012f03567ba0, 0x0000012f03568230, 0x0000012f035688c0,
0x0000012f0356bd40, 0x0000012f03565440, 0x0000012f03569c70, 0x0000012f035695e0,
0x0000012f0356d0f0, 0x0000012f0356b020, 0x0000012f0356a300, 0x0000012f0356a990,
0x0000012f03568f50, 0x0000012f0356d780, 0x0000012f0356e4a0, 0x0000012f0356b6b0,
0x0000012f0356c3d0, 0x0000012f0356f850, 0x0000012f0356fee0, 0x0000012f0356eb30,
0x0000012f03571fb0, 0x0000012f03570570, 0x0000012f03570c00, 0x0000012f03571290,
0x0000012f03572cd0, 0x0000012f03572640, 0x0000012f03571920, 0x0000012f0356f1c0,
0x0000012f035739f0, 0x0000012f03574080, 0x0000012f03577500, 0x0000012f03576150,
0x0000012f03574da0, 0x0000012f03574710, 0x0000012f03575ac0, 0x0000012f03575430,
0x0000012f035795d0, 0x0000012f035767e0, 0x0000012f03578f40, 0x0000012f03573360,
0x0000012f03576e70, 0x0000012f03578220, 0x0000012f03577b90, 0x0000012f035788b0,
0x0000012f0353ca90, 0x0000012f0353d120, 0x0000012f0353bd70, 0x0000012f0353d7b0,
0x0000012f0353de40, 0x0000012f0353b050, 0x0000012f0353a9c0, 0x0000012f0353b6e0,
0x0000012f0353f1f0, 0x0000012f0353f880, 0x0000012f0353e4d0, 0x0000012f0353c400,
0x0000012f03541fe0, 0x0000012f03542d00, 0x0000012f035405a0, 0x0000012f03544740,
0x0000012f03547bc0, 0x0000012f035488e0, 0x0000012f03548f70, 0x0000012f03548250,
0x0000012f03549600, 0x0000012f0354a9b0, 0x0000012f03546810, 0x0000012f03547530,
0x0000012f03546ea0, 0x0000012f0354de30, 0x0000012f0354b040, 0x0000012f0355e4b0,
0x0000012f0355c3e0, 0x0000012f0356ca60, 0x0000012f03556e90, 0x0000012f03579c60,
0x0000012f0354c3f0, 0x0000012f0354d110, 0x0000012f0354e4c0, 0x0000012f0354b6d0,
0x0000012f0354f1e0, 0x0000012f0354f870, 0x0000012f0354eb50, 0x0000012f03555ae0,
0x0000012f03554dc0, 0x0000012f0356de10, 0x0000012f03557bb0, 0x0000012f03556800,
0x0000012f03554730, 0x0000012f035512b0, 0x0000012f03552660, 0x0000012f0353a330,
0x0000012f0354ca80, 0x0000012f03541950, 0x0000012f03550590, 0x0000012f03551940,
0x0000012f03557520, 0x0000012f0355b6c0, 0x0000012f03552cf0, 0x0000012f03553380,
0x0000012f03553a10, 0x0000012f035540a0, 0x0000012f035588d0, 0x0000012ecd104dc0,
0x0000012ecd0f1fe0, 0x0000012ecd0fa9b0, 0x0000012f05524380, 0x0000012f0552b9a0,
0x0000012ecd508d50, 0x0000012ecc2d5af0, 0x0000012ecc2e2cf0, 0x0000012ecd087320,
0x0000012eff9fa2d0, 0x0000012ed6500740, 0x0000012ed6504f70, 0x0000012ecae7b430,
0x0000012ecae799f0, 0x0000012eca658a60, 0x0000012eca651ad0, 0x0000012f03558f60,
0x0000012f03559c80, 0x0000012f03550c20, 0x0000012f03558240, 0x0000012f05521c20,
0x0000012ecd0f2670, 0x0000012f03549c90, 0x0000012f0354a320, 0x0000012f054fb9d0,
0x0000012ecd4cc8a0, 0x0000012ece9efe60, 0x0000012ece9ee420, 0x0000012f03551fd0,
0x0000012ecc2e88d0, 0x0000012efed5bf90, 0x0000012f0552e790, 0x0000012f03543a20,
0x0000012f03545460, 0x0000012efc9f8430, 0x0000012f05530860, 0x0000012ed6505c90,
0x0000012f03542670, 0x0000012f0353ff10, 0x0000012eff2385b0, 0x0000012eff826580,
0x0000012eff82a720, 0x0000012eff826c10, 0x0000012ef6e97c90, 0x0000012f0354ff00,
0x0000012ecd17b500, 0x0000012ecd184560, 0x0000012ec1aff080, 0x0000012ed6076a20,
0x0000012ed60742c0, 0x0000012ed6069190, 0x0000012ecc7ca040, 0x0000012ecc7b6540,
0x0000012f03544dd0, 0x0000012f03543390, 0x0000012f03540c30, 0x0000012f035440b0,
0x0000012f03555450, 0x0000012ecc7ca6d0, 0x0000012f03546180, 0x0000012f03545af0,
0x0000012ed3b646f0, 0x0000012ec1b0a840, 0x0000012ecd0e8260, 0x0000012ecd0f88e0,
0x0000012ecd0feb50, 0x0000012ed3b62cb0, 0x0000012ecc2e7bb0, 0x0000012ed604b280,
0x0000012eced4a230, 0x0000012eced57ac0, 0x0000012ed604bfa0, 0x0000012ec1779da0,
0x0000012ecd4e1750, 0x0000012efed62200, 0x0000012ed60535c0, 0x0000012f02a20e50,
0x0000012efc9fb220, 0x0000012eca659780, 0x0000012ecd0d6ec0, 0x0000012ecd101fd0,
0x0000012ed6502180, 0x0000012efd46e790, 0x0000012ecd0eca90, 0x0000012ecd0f6ea0,
0x0000012ecae7bac0, 0x0000012effa0f180, 0x0000012f041d6120, 0x0000012f041d67b0,
0x0000012f041d6e40, 0x0000012f041d8880, 0x0000012f041d5400, 0x0000012f041d5a90,
0x0000012f041da950, 0x0000012f041dafe0, 0x0000012f041da2c0, 0x0000012f041d8f10,
0x0000012f041d95a0, 0x0000012f041d7b60, 0x0000012f041d9c30, 0x0000012f041d74d0,
0x0000012f041dddd0, 0x0000012f041de460, 0x0000012f041dbd00, 0x0000012f041dc390,
0x0000012f041e0530, 0x0000012f041dfea0, 0x0000012f041dca20, 0x0000012f041dd0b0,
0x0000012f041df180, 0x0000012f041dd740, 0x0000012f041e18e0, 0x0000012f041e2c90,
0x0000012f041e39b0, 0x0000012f041e2600, 0x0000012f041e4d60, 0x0000012f041e1250,
0x0000012f041e53f0, 0x0000012f041e7b50, 0x0000012f041e81e0, 0x0000012f041e6110,
0x0000012f041e8f00, 0x0000012f041e1f70, 0x0000012f041e9c20, 0x0000012f041e5a80,
0x0000012f041ea2b0, 0x0000012f041ed0a0, 0x0000012f041eddc0, 0x0000012f041e6e30,
0x0000012f041eafd0, 0x0000012f041ec380, 0x0000012f041ee450, 0x0000012f041ebcf0,
0x0000012f041e9590, 0x0000012f041eeae0, 0x0000012f041eb660, 0x0000012f041ea940,
0x0000012f041df810, 0x0000012f041e0bc0, 0x0000012f041ed730, 0x0000012f041ef800,
0x0000012f041f18d0, 0x0000012f041efe90, 0x0000012f041f25f0, 0x0000012f041f39a0,
0x0000012f041f0bb0, 0x0000012f041f1240, 0x0000012f041f4030, 0x0000012f041f3310,
0x0000012f041f6100, 0x0000012f041f5a70, 0x0000012f041f53e0, 0x0000012f041f0520,
0x0000012f041f6e20, 0x0000012f041f4d50, 0x0000012f041f74b0, 0x0000012f041f6790,
0x0000012f041f9580, 0x0000012f041f46c0, 0x0000012f041fbce0, 0x0000012f041fafc0,
0x0000012f041f9c10, 0x0000012f041fa930, 0x0000012f041f8ef0, 0x0000012f041fd090,
0x0000012f041fa2a0, 0x0000012f041ff160, 0x0000012f041fd720, 0x0000012f041fc370,
0x0000012f041ffe80, 0x0000012f041ff7f0, 0x0000012f04200510, 0x0000012f041fe440,
0x0000012f041fca00, 0x0000012f04201230, 0x0000012f041fddb0, 0x0000012f04200ba0,
0x0000012f04201f50, 0x0000012f042018c0, 0x0000012f042053d0, 0x0000012f04203990,
0x0000012f042060f0, 0x0000012f041fead0, 0x0000012f04203300, 0x0000012f042046b0,
0x0000012f041e74c0, 0x0000012f04204d40, 0x0000012f04204020, 0x0000012f041ef170,
0x0000012f041eca10, 0x0000012f04202c70, 0x0000012f041e67a0, 0x0000012f04208850,
0x0000012f04207b30, 0x0000012f04206780, 0x0000012f04208ee0, 0x0000012f04206e10,
0x0000012f04209570, 0x0000012f0420c360, 0x0000012f0420c9f0, 0x0000012f04209c00,
0x0000012f0420bcd0, 0x0000012f0420dda0, 0x0000012f0420d710, 0x0000012f0420d080,
0x0000012f0420e430, 0x0000012f0420a290, 0x0000012f0420eac0, 0x0000012f0420a920,
0x0000012f04211220, 0x0000012f04211f40, 0x0000012f042118b0, 0x0000012f0420f150,
0x0000012f0420fe70, 0x0000012f042132f0, 0x0000012f0420b640, 0x0000012f04212c60,
0x0000012f04210b90, 0x0000012f0420f7e0, 0x0000012f04213980, 0x0000012f04210500,
0x0000012f04214010, 0x0000012f042153c0, 0x0000012f041e4040, 0x0000012f042146a0,
0x0000012f042081c0, 0x0000012f04214d30, 0x0000012ed6080110, 0x0000012ed604abf0,
0x0000012ecd08f660, 0x0000012ecd0b1080, 0x0000012ecd0bc1b0, 0x0000012ecd4d4be0,
0x0000012ecd5010a0, 0x0000012ecd506c80, 0x0000012ecd4d6cb0, 0x0000012f02a0f420,
0x0000012f02a3c600, 0x0000012f02a163b0, 0x0000012f02a135c0, 0x0000012f05535db0,
0x0000012eff9f1900, 0x0000012effa0a2c0, 0x0000012eff9fb680, 0x0000012f05533650,
0x0000012ed60807a0, 0x0000012ecd0a1db0, 0x0000012ecd0a6c70, 0x0000012ecd07e2c0,
0x0000012f02a19830, 0x0000012eced5d010, 0x0000012f02a1ccb0, 0x0000012f02a15690,
0x0000012f054fc6f0, 0x0000012ed6050140, 0x0000012ecd0d3a40, 0x0000012ecd0d2000,
0x0000012ecd0cd140, 0x0000012f02a42f00, 0x0000012ecc2dd7a0, 0x0000012f02a3ed60,
0x0000012f02a414c0, 0x0000012eced6ea40, 0x0000012ed13f0700, 0x0000012eff237f20,
0x0000012eff239960, 0x0000012f054f7ec0, 0x0000012ed607e6d0, 0x0000012ecc7c7250,
0x0000012f041e8870, 0x0000012eced5a220, 0x0000012ecd186630, 0x0000012ed13f27d0,
0x0000012ecd507310, 0x0000012f032e1140, 0x0000012f032e17d0, 0x0000012f032e0420,
0x0000012f032df700, 0x0000012f032e0ab0, 0x0000012f032e24f0, 0x0000012f032e1e60,
0x0000012f032df070, 0x0000012f032e5970, 0x0000012f032e2b80, 0x0000012f032dfd90,
0x0000012f032e3f30, 0x0000012f032e45c0, 0x0000012f032e38a0, 0x0000012f032e7a40,
0x0000012f032e4c50, 0x0000012f032e6000, 0x0000012f032e6690, 0x0000012f032e3210,
0x0000012f032e52e0, 0x0000012f032e8df0, 0x0000012f032e80d0, 0x0000012f032e6d20,
0x0000012f032e73b0, 0x0000012f032ecf90, 0x0000012f032ea830, 0x0000012f032e9b10,
0x0000012f032ed620, 0x0000012f032ebbe0, 0x0000012f032ea1a0, 0x0000012f032ec900,
0x0000012f032edcb0, 0x0000012f032ee340, 0x0000012f032eaec0, 0x0000012f032eb550,
0x0000012f032ee9d0, 0x0000012f032ef6f0, 0x0000012f032ef060, 0x0000012f032f1130,
0x0000012f032ec270, 0x0000012f032f2b70, 0x0000012f032efd80, 0x0000012f032f0aa0,
0x0000012f032f17c0, 0x0000012f032f0410, 0x0000012f032f52d0, 0x0000012f032f5960,
0x0000012f032f6680, 0x0000012f032f45b0, 0x0000012f032f6d10, 0x0000012f032f4c40,
0x0000012f032f3200, 0x0000012f032f3890, 0x0000012f032f7a30, 0x0000012f032f3f20,
0x0000012f032f73a0, 0x0000012f032f8750, 0x0000012f032f80c0, 0x0000012f032f5ff0,
0x0000012f032f8de0, 0x0000012f032fbbd0, 0x0000012f032f9470, 0x0000012f032fd610,
0x0000012f032fb540, 0x0000012f032fcf80, 0x0000012f032fc260, 0x0000012f032fa820,
0x0000012f032fa190, 0x0000012f032fe330, 0x0000012f032fdca0, 0x0000012f03301120,
0x0000012f032faeb0, 0x0000012f032ff6e0, 0x0000012f03301e40, 0x0000012f032ff050,
0x0000012f033024d0, 0x0000012f03300400, 0x0000012f032fe9c0, 0x0000012f03302b60,
0x0000012f033031f0, 0x0000012f03303f10, 0x0000012f03303880, 0x0000012f033045a0,
0x0000012f03300a90, 0x0000012f032ffd70, 0x0000012f033017b0, 0x0000012f03307a20,
0x0000012f03306670, 0x0000012f033052c0, 0x0000012f03306d00, 0x0000012f03307390,
0x0000012f03304c30, 0x0000012f03305950, 0x0000012f03308740, 0x0000012f03309460,
0x0000012f033080b0, 0x0000012f03305fe0, 0x0000012f03309af0, 0x0000012f0330bbc0,
0x0000012f0330aea0, 0x0000012f0330b530, 0x0000012f0330c250, 0x0000012f0330cf70,
0x0000012f0330a180, 0x0000012f03308dd0, 0x0000012f0330d600, 0x0000012f0330a810,
0x0000012f0330e320, 0x0000012f0330dc90, 0x0000012f0330fd60, 0x0000012f03311e30,
0x0000012f0330e9b0, 0x0000012f0330f6d0, 0x0000012f033103f0, 0x0000012f03311110,
0x0000012f0330f040, 0x0000012f033117a0, 0x0000012f0330c8e0, 0x0000012f033124c0,
0x0000012f03314590, 0x0000012f03314c20, 0x0000012f03315940, 0x0000012f03316660,
0x0000012f03315fd0, 0x0000012f03313f00, 0x0000012f03316cf0, 0x0000012f03317380,
0x0000012f033152b0, 0x0000012f03319450, 0x0000012f0331ae90, 0x0000012f03317a10,
0x0000012f03313870, 0x0000012f033180a0, 0x0000012f0331b520, 0x0000012f0331a170,
0x0000012f0331bbb0, 0x0000012f0331a800, 0x0000012f03318730, 0x0000012f03318dc0,
0x0000012f0331cf60, 0x0000012f0331c8d0, 0x0000012f0331c240, 0x0000012f0331e9a0,
0x0000012f03319ae0, 0x0000012f0331d5f0, 0x0000012f0331f030, 0x0000012f0331f6c0,
0x0000012f03312b50, 0x0000012f033131e0, 0x0000012f03310a80, 0x0000012f042125d0,
0x0000012f041f81d0, 0x0000012f0331e310, 0x0000012f042025e0, 0x0000012f035595f0,
0x0000012f042074a0, 0x0000012ecc2db6d0, 0x0000012f0542bb00, 0x0000012f0542e8f0,
0x0000012f0542d540, 0x0000012f0542dbd0, 0x0000012f0542fca0, 0x0000012f0542ef80,
0x0000012f0542c820, 0x0000012f05433e40, 0x0000012f054316e0, 0x0000012f05435f10,
0x0000012f054351f0, 0x0000012f054365a0, 0x0000012f05436c30, 0x0000012f054344d0,
0x0000012f05435880, 0x0000012f05438d00, 0x0000012f05433120, 0x0000012f05439a20,
0x0000012f05439390, 0x0000012f0543a740, 0x0000012f0543a0b0, 0x0000012f0543add0,
0x0000012f05437fe0, 0x0000012f0543cea0, 0x0000012f0543ef70, 0x0000012f0543e8e0,
0x0000012f05437950, 0x0000012f0543d530, 0x0000012f05430330, 0x0000012f0542ceb0,
0x0000012f0543baf0, 0x0000012f0543c180, 0x0000012f0543fc90, 0x0000012f0543dbc0,
0x0000012f0543c810, 0x0000012f05443110, 0x0000012f05440320, 0x0000012f05441d60,
0x0000012f054416d0, 0x0000012f0543f600, 0x0000012f054437a0, 0x0000012f054444c0,
0x0000012f05444b50, 0x0000012f05443e30, 0x0000012f05448660, 0x0000012f05447fd0,
0x0000012f05448cf0, 0x0000012f05445870, 0x0000012f05445f00, 0x0000012f05449a10,
0x0000012f0544c800, 0x0000012f05449380, 0x0000012f0544a730, 0x0000012f05446590,
0x0000012f0544c170, 0x0000012f0544e240, 0x0000012f0544ef60, 0x0000012f0544d520,
0x0000012f0544adc0, 0x0000012f0544e8d0, 0x0000012f05451030, 0x0000012f05413e60,
0x0000012f05414b80, 0x0000012f05413140, 0x0000012f05411d90, 0x0000012f05412420,
0x0000012f05415f30, 0x0000012f054137d0, 0x0000012f05418690, 0x0000012f054158a0,
0x0000012f0541c830, 0x0000012f05411700, 0x0000012f0541b480, 0x0000012f05418d20,
0x0000012f0541fcb0, 0x0000012f0541e900, 0x0000012f054244e0, 0x0000012f0541d550,
0x0000012f05424b70, 0x0000012f054265b0, 0x0000012f05423e50, 0x0000012f0542ade0,
0x0000012f05427ff0, 0x0000012ecd0aa780, 0x0000012eff9f1270, 0x0000012eced56710,
0x0000012efed5abe0, 0x0000012f060cc220, 0x0000012f060cf010, 0x0000012f060d03c0,
0x0000012f060cd5d0, 0x0000012f060d10e0, 0x0000012f060d1770, 0x0000012f060cfd30,
0x0000012f060ce2f0, 0x0000012f060d1e00, 0x0000012f060d3840, 0x0000012f060ccf40,
0x0000012f060d2490, 0x0000012f060d6cc0, 0x0000012f060d3ed0, 0x0000012f060d8700,
0x0000012f060d5fa0, 0x0000012f060d6630, 0x0000012f060d7350, 0x0000012f060d79e0,
0x0000012f060dae60, 0x0000012f060db4f0, 0x0000012f060da140, 0x0000012f060dc210,
0x0000012f060d9420, 0x0000012f060d9ab0, 0x0000012f060dd5c0, 0x0000012f060df690,
0x0000012f060de970, 0x0000012f060df000, 0x0000012f060de2e0, 0x0000012f060dfd20,
0x0000012f060e0a40, 0x0000012f060e5270, 0x0000012f060e31a0, 0x0000012f060e1760,
0x0000012f060e10d0, 0x0000012f060ddc50, 0x0000012f060e3ec0, 0x0000012f060e3830,
0x0000012f060e4550, 0x0000012f060e2480, 0x0000012f060e4be0, 0x0000012f060e1df0,
0x0000012f060e2b10, 0x0000012f060e5900, 0x0000012f060e86f0, 0x0000012f060e7340,
0x0000012f060e5f90, 0x0000012f060e8d80, 0x0000012f060e9aa0, 0x0000012f060e9410,
0x0000012f060e6620, 0x0000012f060e79d0, 0x0000012f060ea130, 0x0000012f060e8060,
0x0000012f060e6cb0, 0x0000012f060ed5b0, 0x0000012f060eb4e0, 0x0000012f060ec200,
0x0000012f060ec890, 0x0000012f060ecf20, 0x0000012f060eae50, 0x0000012f060ee960,
0x0000012f060edc40, 0x0000012f060ebb70, 0x0000012f060f03a0, 0x0000012f060f10c0,
0x0000012f060eeff0, 0x0000012f060ea7c0, 0x0000012f060ef680, 0x0000012f060f1750,
0x0000012f060ee2d0, 0x0000012f060b2b40, 0x0000012f060b3ef0, 0x0000012f060b4580,
0x0000012f060b3860, 0x0000012f060b24b0, 0x0000012f060b1100, 0x0000012f060b52a0,
0x0000012f060b1790, 0x0000012f060b1e20, 0x0000012f060b6ce0, 0x0000012f060b4c10,
0x0000012f060b5930, 0x0000012f060b5fc0, 0x0000012f060b31d0, 0x0000012f060ba7f0,
0x0000012f060b8090, 0x0000012f060b7370, 0x0000012f060be990, 0x0000012f060bbba0,
0x0000012f060bc8c0, 0x0000012f060ba160, 0x0000012f060bfd40, 0x0000012f060bdc70,
0x0000012f060c0a60, 0x0000012f060c1e10, 0x0000012f060bf6b0, 0x0000012f060c79f0,
0x0000012f060c4570, 0x0000012f060c8da0, 0x0000012f060b9ad0, 0x0000012f060b7a00,
0x0000012f060b8db0, 0x0000012f060b9440, 0x0000012f060bae80, 0x0000012f060b8720,
0x0000012f060bcf50, 0x0000012f060b6650, 0x0000012f060bc230, 0x0000012f060bb510,
0x0000012f060c03d0, 0x0000012f060bf020, 0x0000012f060c1780, 0x0000012f060bd5e0,
0x0000012f060be300, 0x0000012f060c24a0, 0x0000012f060c31c0, 0x0000012f060c6640,
0x0000012f060c3ee0, 0x0000012f060c6cd0, 0x0000012f060c3850, 0x0000012f060c8710,
0x0000012f060c8080, 0x0000012f060c9430, 0x0000012f060cae70, 0x0000012f060ce980,
0x0000012f060cf6a0, 0x0000012f060cbb90, 0x0000012f060d31b0, 0x0000012f060cdc60,
0x0000012f060d0a50, 0x0000012f060cc8b0, 0x0000012f060d4bf0, 0x0000012f060d5910,
0x0000012f060d5280, 0x0000012f060d4560, 0x0000012f060da7d0, 0x0000012f060dc8a0,
0x0000012f060dcf30, 0x0000012f060efd10, 0x0000012f060ca150, 0x0000012f060d8d90,
0x0000012f060c9ac0, 0x0000012ecd097310, 0x0000012ecd098030, 0x0000012ecd09ae20,
0x0000012ecd09a790, 0x0000012ecd09dc10, 0x0000012ecd09c1d0, 0x0000012ecd0986c0,
0x0000012ecd0979a0, 0x0000012ecd09e930, 0x0000012ecd09e2a0, 0x0000012ecd09d580,
0x0000012ecd09efc0, 0x0000012ecd09cef0, 0x0000012ecd09fce0, 0x0000012ecd0a1090,
0x0000012ecd0a5230, 0x0000012ecd0a7300, 0x0000012ecd0a7990, 0x0000012ecd0a58c0,
0x0000012ecd0a2440, 0x0000012ecd0a8d40, 0x0000012ecd0ab4a0, 0x0000012ecd0a9a60,
0x0000012ecd0a5f50, 0x0000012ecd0ad570, 0x0000012ecd0aae10, 0x0000012ecd0a93d0,
0x0000012ecd0b5f40, 0x0000012ecd0abb30, 0x0000012ecd0b4500, 0x0000012ecd0b8d30,
0x0000012ecd0b93c0, 0x0000012ecd0b72f0, 0x0000012ecd0bc840, 0x0000012ecd0b9a50,
0x0000012ecd080390, 0x0000012ecd07c880, 0x0000012ecd07d5a0, 0x0000012ecd083180,
0x0000012ecd07cf10, 0x0000012ecd090a10, 0x0000012ecd0858e0, 0x0000012ecd08fcf0,
0x0000012ecd0958d0, 0x0000012f05412ab0, 0x0000012f05411070, 0x0000012f05415210,
0x0000012f054144f0, 0x0000012f054165c0, 0x0000012f05416c50, 0x0000012f05419a40,
0x0000012f0541a0d0, 0x0000012f0541a760, 0x0000012f0541adf0, 0x0000012f05417970,
0x0000012f054172e0, 0x0000012f0541c1a0, 0x0000012f0541cec0, 0x0000012f054193b0,
0x0000012f0541dbe0, 0x0000012f05418000, 0x0000012f0541bb10, 0x0000012f05420340,
0x0000012f0541f620, 0x0000012f0541e270, 0x0000012f054216f0, 0x0000012f05421d80,
0x0000012f054209d0, 0x0000012f05425200, 0x0000012f054272d0, 0x0000012f054309c0,
0x0000012f0542c190, 0x0000012f05431050, 0x0000012f0543b460, 0x0000012f05431d70,
0x0000012f054372c0, 0x0000012f05438670, 0x0000012f05441040, 0x0000012f054409b0,
0x0000012f054451e0, 0x0000012f054472b0, 0x0000012f05446c20, 0x0000012f0543e250,
0x0000012f0544a0a0, 0x0000012f0544bae0, 0x0000012f054509a0, 0x0000012f05427960,
0x0000012ed60635b0, 0x0000012ed6064960, 0x0000012ed606a540, 0x0000012ed606e6e0,
0x0000012ed60663a0, 0x0000012ed606cca0, 0x0000012ed6068b00, 0x0000012ed6077dd0,
0x0000012ed607b8e0, 0x0000012ed6080e30, 0x0000012ed607ed60, 0x0000012ed6085660,
0x0000012ed6082870, 0x0000012ed607e040, 0x0000012ed6083c20, 0x0000012ed604c630,
0x0000012ed6049ed0, 0x0000012ed6050e60, 0x0000012ed604d9e0, 0x0000012ed60528a0,
0x0000012ed604f420, 0x0000012ed60563b0, 0x0000012ed6057760, 0x0000012ed605d9d0,
0x0000012ed60591a0, 0x0000012ed60714d0, 0x0000012ed6072f10, 0x0000012ed6062f20,
0x0000012f02a10140, 0x0000012f02a107d0, 0x0000012f02a14970, 0x0000012f02a191a0,
0x0000012f02a1faa0, 0x0000012f02a29eb0, 0x0000012f02a30e40, 0x0000012f02a2f400,
0x0000012f02a342c0, 0x0000012f02a2fa90, 0x0000012f02a321f0, 0x0000012f02a35d00,
0x0000012f02a39ea0, 0x0000012f02a31b60, 0x0000012f02a32f10, 0x0000012f02a2d9c0,
0x0000012f02a3a530, 0x0000012f02a442b0, 0x0000012f02a44fd0, 0x0000012f02a46380,
0x0000012f02a49800, 0x0000012f02a44940, 0x0000012f02a4d9a0, 0x0000012f02a46a10,
0x0000012f02a4b240, 0x0000012f02a4ed50, 0x0000012f02a4b8d0, 0x0000012f02a4e6c0,
0x0000012f02a4c5f0, 0x0000012f02a21b70, 0x0000012f02a36a20, 0x0000012f02a3bf70,
0x0000012f02a1e6f0, 0x0000012ecd0b2430, 0x0000012ecd0b3e70, 0x0000012ecd0b86a0,
0x0000012ecd0bb490, 0x0000012ecd082af0, 0x0000012ecd08efd0, 0x0000012ecd094bb0,
0x0000012ecd09a100, 0x0000012ecd0910a0, 0x0000012ecd0a37f0, 0x0000012ecd0993e0,
0x0000012ecd0a4510, 0x0000012ecd0a0370, 0x0000012ecd0a65e0, 0x0000012ecd0a1720,
0x0000012ecd0b09f0, 0x0000012ecd0ac1c0, 0x0000012ecd0bae00, 0x0000012ecd0b65d0,
0x0000012ecd0aefb0, 0x0000012eced37ae0, 0x0000012eced38e90, 0x0000012eced34660,
0x0000012eced3d030, 0x0000012eced35a10, 0x0000012eced4a8c0, 0x0000012eced3c9a0,
0x0000012eced51ee0, 0x0000012eced60b20, 0x0000012eced66d90, 0x0000012f060dbb80,
0x0000012f060e03b0, 0x0000012f060d2b20, 0x0000012f060c10f0, 0x0000012f060d8070,
0x0000012f060c5290, 0x0000012f060c5fb0, 0x0000012f060c7360, 0x0000012f060c5920,
0x0000012f0420afb0, 0x0000012f041db670, 0x0000012f041deaf0, 0x0000012f041d81f0,
0x0000012f041f1f60, 0x0000012f041f7b40, 0x0000012f041f8860, 0x0000012f041f2c80,
0x0000012f041e46d0, 0x0000012f05425890, 0x0000012f054237c0, 0x0000012f0541ef90,
0x0000012f05426c40, 0x0000012f054423f0, 0x0000012f0544b450, 0x0000012f05450310,
0x0000012f05422aa0, 0x0000012f05429a30, 0x0000012f0542a0c0, 0x0000012f05432400,
0x0000012f05425f20, 0x0000012f05421060, 0x0000012f0542f610, 0x0000012f0542a750,
0x0000012f05442a80, 0x0000012ecc7b3de0, 0x0000012ecc7be880, 0x0000012ecc7b1d10,
0x0000012ecc7c02c0, 0x0000012ecc7bc120, 0x0000012ecc7c4460, 0x0000012ecc7c8c90,
0x0000012ecc7cd4c0, 0x0000012ed60542e0, 0x0000012ed6058480, 0x0000012ed6060e50,
0x0000012ed606d9c0, 0x0000012ed6070e40, 0x0000012ed6074fe0, 0x0000012ed6079ea0,
0x0000012ed607d9b0, 0x0000012ed607d320, 0x0000012ed6088ae0, 0x0000012ed6089170,
0x0000012ed6084940, 0x0000012ed60821e0, 0x0000012ed60491b0, 0x0000012ed6078460,
0x0000012f05531580, 0x0000012f054fe130, 0x0000012f05532fc0, 0x0000012f0552f4b0,
0x0000012f0551e110, 0x0000012f05507190, 0x0000012f05523660, 0x0000012f05523cf0,
0x0000012ecd179430, 0x0000012ecd17a7e0, 0x0000012ecd17c220, 0x0000012ecd17e2f0,
0x0000012ecd182490, 0x0000012ecd183ed0, 0x0000012f0542e260, 0x0000012f0542b470,
0x0000012f05434b60, 0x0000012f054337b0, 0x0000012f054293a0, 0x0000012f0544fc80,
0x0000012f032f9b00, 0x0000012f032fc8f0, 0x0000012f0331dc80, 0x0000012f032e9480,
0x0000012f032f1e50, 0x0000012ecd0a4ba0, 0x0000012ecd0aa0f0, 0x0000012ecd0ba0e0,
0x0000012ecd093e90, 0x0000012eced49ba0, 0x0000012eced4c990, 0x0000012eced72be0,
0x0000012f060ca7e0, 0x0000012ec1af3f50, 0x0000012ec1afb570, 0x0000012ec1afbc00,
0x0000012eca6548c0, 0x0000012f02a2d330, 0x0000012f02a4bf60, 0x0000012f02a39180,
0x0000012ed13f4210, 0x0000012ed64f8400, 0x0000012ed64fcc30, 0x0000012ed64fab60,
0x0000012f04205a60, 0x0000012eca654230, 0x0000012eca65cc00, 0x0000012ed13ea490,
0x0000012f0544ce90, 0x0000012f0544dbb0, 0x0000012ecc7c5810, 0x0000012f041fb650,
0x0000012ed13f1ab0, 0x0000012f032e8760, 0x0000012ecd0b7980, 0x0000012efed5ed80,
0x0000012efed5f410, 0x0000012ecd1dfc70, 0x0000012eced48e80, 0x0000012f060c4c00,
0x0000012f060cb500, 0x0000012ec1b0f070, 0x0000012ecc2d7bc0, 0x0000012ecc2f0c10,
0x0000012ecc2e5ae0, 0x0000012f032f24e0, 0x0000012efed5c620, 0x0000012ecae78cd0,
0x0000012ecae7ce70, 0x0000012ecd0d2d20, 0x0000012ecd0cde60, 0x0000012ecd0e2680,
0x0000012ecd0dc410, 0x0000012ecd0e1ff0, 0x0000012ecd0deb70, 0x0000012ecd0e6190,
0x0000012ecae77fb0, 0x0000012efed5d9d0, 0x0000012ecd1e1020, 0x0000012ecd503800,
0x0000012ecd5086c0, 0x0000012ecd50a790, 0x0000012ecd4ff660, 0x0000012ecd4d03b0,
0x0000012ecd4e03a0, 0x0000012ecd4f0a20, 0x0000012ecd4cf000, 0x0000012ecd4f6600,
0x0000012ecd4f8040, 0x0000012ecd4d86f0, 0x0000012ed507a5d0, 0x0000012ed50777e0,
0x0000012ed5078b90, 0x0000012ed508d3b0, 0x0000012ed5080840, 0x0000012ed5089f30,
0x0000012ed507c6a0, 0x0000012ed5090830, 0x0000012ecd4fdc20, 0x0000012ecd4e5260,
0x0000012f035412c0, 0x0000012f0354d7a0, 0x0000012f0353eb60, 0x0000012f0355ca70,
0x0000012f03561930, 0x0000012f03560c10, 0x0000012f03564720, 0x0000012f035612a0,
0x0000012f0357a2f0, 0x0000012effa00bd0, 0x0000012eff9f67c0, 0x0000012effa046e0,
0x0000012effa0afe0, 0x0000012eff9f5aa0, 0x0000012f0544f5f0, 0x0000012f05428680,
0x0000012effa0eaf0, 0x0000012f02a114f0, 0x0000012f02a27750, 0x0000012f02a11b80,
0x0000012ed507c010, 0x0000012eff9f7b70, 0x0000012f02a2a540, 0x0000012ed508b970,
0x0000012ecd181e00, 0x0000012ed508e760, 0x0000012ed5093620, 0x0000012ed50901a0,
0x0000012ecd0e3a30, 0x0000012f02a1ed80, 0x0000012f0354bd60, 0x0000012ecd4da7c0,
0x0000012f054516c0, 0x0000012f05432a90, 0x0000012ecd104730, 0x0000012ecd08c1e0,
0x0000012eced487f0, 0x0000012eced48160, 0x0000012effa0a950, 0x0000012ecd0ae920,
0x0000012f02a2b8f0, 0x0000012f02a4f3e0, 0x0000012f02a263a0, 0x0000012f02a1f410,
0x0000012f02a33c30, 0x0000012ecd107bb0, 0x0000012ecc2ef1d0, 0x0000012ecc2ef860,
0x0000012f05422410
}

Java Threads: ( => current thread )
  0x0000012edef33390 JavaThread "main"                              [_thread_blocked, id=22108, stack(0x000000025ac00000,0x000000025ad00000) (1024K)]
  0x0000012edeec9400 JavaThread "Reference Handler"          daemon [_thread_blocked, id=24680, stack(0x000000025b000000,0x000000025b100000) (1024K)]
  0x0000012edeecaad0 JavaThread "Finalizer"                  daemon [_thread_blocked, id=23548, stack(0x000000025b100000,0x000000025b200000) (1024K)]
  0x0000012edeece780 JavaThread "Signal Dispatcher"          daemon [_thread_blocked, id=18088, stack(0x000000025b200000,0x000000025b300000) (1024K)]
  0x0000012edeed12f0 JavaThread "Attach Listener"            daemon [_thread_blocked, id=18780, stack(0x000000025b300000,0x000000025b400000) (1024K)]
  0x0000012edeed1d50 JavaThread "Service Thread"             daemon [_thread_blocked, id=13788, stack(0x000000025b400000,0x000000025b500000) (1024K)]
  0x0000012edeed27b0 JavaThread "Monitor Deflation Thread"   daemon [_thread_blocked, id=26388, stack(0x000000025b500000,0x000000025b600000) (1024K)]
=>0x0000012edeed5a00 JavaThread "C2 CompilerThread0"         daemon [_thread_in_native, id=13268, stack(0x000000025b600000,0x000000025b700000) (1024K)]
  0x0000012ef6c93f40 JavaThread "C1 CompilerThread0"         daemon [_thread_blocked, id=30432, stack(0x000000025b700000,0x000000025b800000) (1024K)]
  0x0000012ef6e6d590 JavaThread "Common-Cleaner"             daemon [_thread_blocked, id=11048, stack(0x000000025b900000,0x000000025ba00000) (1024K)]
  0x0000012ef6f8d220 JavaThread "Notification Thread"        daemon [_thread_blocked, id=5076, stack(0x000000025ba00000,0x000000025bb00000) (1024K)]
  0x0000012efc8240e0 JavaThread "Active Thread: Equinox Container: 3711e863-f766-4abe-8851-8639b06904d8"        [_thread_blocked, id=31384, stack(0x000000025c200000,0x000000025c300000) (1024K)]
  0x0000012efc91f760 JavaThread "Refresh Thread: Equinox Container: 3711e863-f766-4abe-8851-8639b06904d8" daemon [_thread_blocked, id=12016, stack(0x000000025c300000,0x000000025c400000) (1024K)]
  0x0000012efca1f3b0 JavaThread "Framework Event Dispatcher: Equinox Container: 3711e863-f766-4abe-8851-8639b06904d8" daemon [_thread_blocked, id=33352, stack(0x000000025c400000,0x000000025c500000) (1024K)]
  0x0000012efc865c00 JavaThread "Start Level: Equinox Container: 3711e863-f766-4abe-8851-8639b06904d8" daemon [_thread_blocked, id=19844, stack(0x000000025b800000,0x000000025b900000) (1024K)]
  0x0000012efcae5360 JavaThread "Bundle File Closer"         daemon [_thread_blocked, id=10196, stack(0x000000025c900000,0x000000025ca00000) (1024K)]
  0x0000012ef6e23c90 JavaThread "SCR Component Actor"        daemon [_thread_blocked, id=5632, stack(0x000000025c500000,0x000000025c600000) (1024K)]
  0x0000012efd080f40 JavaThread "Worker-JM"                         [_thread_blocked, id=13784, stack(0x000000025c600000,0x000000025c700000) (1024K)]
  0x0000012ef6e99d60 JavaThread "JNA Cleaner"                daemon [_thread_blocked, id=2980, stack(0x000000025ca00000,0x000000025cb00000) (1024K)]
  0x0000012ef6e996d0 JavaThread "Java indexing"              daemon [_thread_blocked, id=27328, stack(0x000000025d100000,0x000000025d200000) (1024K)]
  0x0000012efd46da70 JavaThread "pool-2-thread-1"                   [_thread_blocked, id=15092, stack(0x000000025da00000,0x000000025db00000) (1024K)]
  0x0000012efd46c6c0 JavaThread "WorkspaceEventsHandler"            [_thread_blocked, id=9080, stack(0x000000025db00000,0x000000025dc00000) (1024K)]
  0x0000012efd46ac80 JavaThread "pool-1-thread-1"                   [_thread_blocked, id=2560, stack(0x000000025dc00000,0x000000025dd00000) (1024K)]
  0x0000012ec177cb90 JavaThread "PatternSearchJob-worker-1"  daemon [_thread_blocked, id=32340, stack(0x000000025d000000,0x000000025d100000) (1024K)]
  0x0000012ec177d8b0 JavaThread "PatternSearchJob-worker-2"  daemon [_thread_blocked, id=10888, stack(0x000000025f300000,0x000000025f400000) (1024K)]
  0x0000012ec177d220 JavaThread "PatternSearchJob-worker-4"  daemon [_thread_blocked, id=27704, stack(0x000000025f400000,0x000000025f500000) (1024K)]
  0x0000012ec177be70 JavaThread "PatternSearchJob-worker-3"  daemon [_thread_blocked, id=7084, stack(0x000000025f500000,0x000000025f600000) (1024K)]
  0x0000012ec177f980 JavaThread "PatternSearchJob-worker-5"  daemon [_thread_blocked, id=9144, stack(0x000000025f600000,0x000000025f700000) (1024K)]
  0x0000012ec1780010 JavaThread "PatternSearchJob-worker-6"  daemon [_thread_blocked, id=18236, stack(0x000000025f700000,0x000000025f800000) (1024K)]
  0x0000012ec17806a0 JavaThread "PatternSearchJob-worker-7"  daemon [_thread_blocked, id=9932, stack(0x000000025f800000,0x000000025f900000) (1024K)]
  0x0000012efed5ccb0 JavaThread "PatternSearchJob-worker-8"  daemon [_thread_blocked, id=1128, stack(0x000000025f900000,0x000000025fa00000) (1024K)]
  0x0000012efed5b270 JavaThread "PatternSearchJob-worker-9"  daemon [_thread_blocked, id=31848, stack(0x000000025fa00000,0x000000025fb00000) (1024K)]
  0x0000012efed5d340 JavaThread "PatternSearchJob-worker-10" daemon [_thread_blocked, id=16452, stack(0x000000025fb00000,0x000000025fc00000) (1024K)]
  0x0000012efed5b900 JavaThread "PatternSearchJob-worker-11" daemon [_thread_blocked, id=21576, stack(0x000000025fc00000,0x000000025fd00000) (1024K)]
  0x0000012eff234aa0 JavaThread "Timer-0"                           [_thread_blocked, id=12012, stack(0x0000000260a00000,0x0000000260b00000) (1024K)]
  0x0000012eff237200 JavaThread "Timer-1"                           [_thread_blocked, id=21240, stack(0x0000000260b00000,0x0000000260c00000) (1024K)]
  0x0000012eff2364e0 JavaThread "Timer-2"                           [_thread_blocked, id=29732, stack(0x0000000260c00000,0x0000000260d00000) (1024K)]
  0x0000012eff235130 JavaThread "Timer-3"                           [_thread_blocked, id=25500, stack(0x0000000260d00000,0x0000000260e00000) (1024K)]
  0x0000012eff2357c0 JavaThread "Timer-4"                           [_thread_blocked, id=30684, stack(0x0000000260e00000,0x0000000260f00000) (1024K)]
  0x0000012eff235e50 JavaThread "Timer-5"                           [_thread_blocked, id=20420, stack(0x0000000260f00000,0x0000000261000000) (1024K)]
  0x0000012eff233d80 JavaThread "Timer-6"                           [_thread_blocked, id=34456, stack(0x0000000261000000,0x0000000261100000) (1024K)]
  0x0000012eff237890 JavaThread "Timer-7"                           [_thread_blocked, id=32848, stack(0x0000000261100000,0x0000000261200000) (1024K)]
  0x0000012eff2392d0 JavaThread "Timer-8"                           [_thread_blocked, id=15464, stack(0x0000000261300000,0x0000000261400000) (1024K)]
  0x0000012eff238c40 JavaThread "Timer-9"                           [_thread_blocked, id=14704, stack(0x0000000261500000,0x0000000261600000) (1024K)]
  0x0000012ed3b61f90 JavaThread "Timer-10"                          [_thread_blocked, id=28800, stack(0x0000000261d00000,0x0000000261e00000) (1024K)]
  0x0000012ed3b64060 JavaThread "Timer-11"                          [_thread_blocked, id=3528, stack(0x0000000262400000,0x0000000262500000) (1024K)]
  0x0000012ecae7a080 JavaThread "Timer-12"                          [_thread_blocked, id=32896, stack(0x0000000262700000,0x0000000262800000) (1024K)]
  0x0000012ecae77920 JavaThread "Timer-13"                          [_thread_blocked, id=16948, stack(0x0000000262a00000,0x0000000262b00000) (1024K)]
  0x0000012ecae79360 JavaThread "Timer-14"                          [_thread_blocked, id=27592, stack(0x0000000262d00000,0x0000000262e00000) (1024K)]
  0x0000012eff8272a0 JavaThread "Timer-15"                          [_thread_blocked, id=29180, stack(0x0000000263c00000,0x0000000263d00000) (1024K)]
  0x0000012eff828650 JavaThread "Timer-16"                          [_thread_blocked, id=12684, stack(0x0000000264300000,0x0000000264400000) (1024K)]
  0x0000012eff82b440 JavaThread "Timer-17"                          [_thread_blocked, id=14688, stack(0x0000000264700000,0x0000000264800000) (1024K)]
  0x0000012eff82adb0 JavaThread "Timer-18"                          [_thread_blocked, id=20100, stack(0x0000000265c00000,0x0000000265d00000) (1024K)]
  0x0000012ed64f8a90 JavaThread "Timer-19"                          [_thread_blocked, id=23260, stack(0x0000000266900000,0x0000000266a00000) (1024K)]
  0x0000012ed64fed00 JavaThread "Timer-20"                          [_thread_blocked, id=3108, stack(0x0000000267200000,0x0000000267300000) (1024K)]
  0x0000012ed64fc5a0 JavaThread "Worker-23: Initialize workspace"        [_thread_blocked, id=16180, stack(0x0000000267300000,0x0000000267400000) (1024K)]
  0x0000012ed65000b0 JavaThread "Timer-21"                          [_thread_blocked, id=21128, stack(0x0000000267800000,0x0000000267900000) (1024K)]
  0x0000012ed64fdfe0 JavaThread "Timer-22"                          [_thread_blocked, id=31096, stack(0x0000000267a00000,0x0000000267b00000) (1024K)]
  0x0000012ed6502ea0 JavaThread "Timer-23"                          [_thread_blocked, id=25852, stack(0x0000000267f00000,0x0000000268000000) (1024K)]
  0x0000012efed61b70 JavaThread "Timer-24"                          [_thread_blocked, id=31916, stack(0x0000000268c00000,0x0000000268d00000) (1024K)]
  0x0000012eca652e80 JavaThread "Timer-25"                          [_thread_blocked, id=25644, stack(0x0000000269100000,0x0000000269200000) (1024K)]
  0x0000012eca653ba0 JavaThread "Timer-26"                          [_thread_blocked, id=3412, stack(0x0000000269300000,0x0000000269400000) (1024K)]
  0x0000012eca654f50 JavaThread "Timer-27"                          [_thread_blocked, id=33576, stack(0x0000000269700000,0x0000000269800000) (1024K)]
  0x0000012eca656300 JavaThread "Timer-28"                          [_thread_blocked, id=5296, stack(0x0000000269d00000,0x0000000269e00000) (1024K)]
  0x0000012eca6590f0 JavaThread "Timer-29"                          [_thread_blocked, id=20724, stack(0x0000000269f00000,0x000000026a000000) (1024K)]
  0x0000012eca65b850 JavaThread "Timer-30"                          [_thread_blocked, id=32324, stack(0x000000026a000000,0x000000026a100000) (1024K)]
  0x0000012eca65ab30 JavaThread "Timer-31"                          [_thread_blocked, id=20140, stack(0x000000026ae00000,0x000000026af00000) (1024K)]
  0x0000012ecd178da0 JavaThread "Timer-32"                          [_thread_blocked, id=18668, stack(0x000000026b400000,0x000000026b500000) (1024K)]
  0x0000012ecd17bb90 JavaThread "Timer-33"                          [_thread_blocked, id=26136, stack(0x000000026b900000,0x000000026ba00000) (1024K)]
  0x0000012ecd17c8b0 JavaThread "Timer-34"                          [_thread_blocked, id=26420, stack(0x000000026bc00000,0x000000026bd00000) (1024K)]
  0x0000012ecd17cf40 JavaThread "Timer-35"                          [_thread_blocked, id=14088, stack(0x000000026c400000,0x000000026c500000) (1024K)]
  0x0000012ecd1810e0 JavaThread "Timer-36"                          [_thread_blocked, id=32792, stack(0x000000026cb00000,0x000000026cc00000) (1024K)]
  0x0000012ecd183840 JavaThread "Timer-37"                          [_thread_blocked, id=20512, stack(0x000000026ce00000,0x000000026cf00000) (1024K)]
  0x0000012ecd184bf0 JavaThread "Timer-38"                          [_thread_blocked, id=19856, stack(0x000000026d400000,0x000000026d500000) (1024K)]
  0x0000012ecd186cc0 JavaThread "Timer-39"                          [_thread_blocked, id=25668, stack(0x000000026d700000,0x000000026d800000) (1024K)]
  0x0000012ece9eafa0 JavaThread "Timer-40"                          [_thread_blocked, id=22812, stack(0x000000026dc00000,0x000000026dd00000) (1024K)]
  0x0000012ece9f1210 JavaThread "Timer-41"                          [_thread_blocked, id=31836, stack(0x000000026e300000,0x000000026e400000) (1024K)]
  0x0000012ed13ec560 JavaThread "Timer-42"                          [_thread_blocked, id=20856, stack(0x000000026ed00000,0x000000026ee00000) (1024K)]
  0x0000012ed13eab20 JavaThread "Timer-43"                          [_thread_blocked, id=33620, stack(0x000000026f000000,0x000000026f100000) (1024K)]
  0x0000012ed13ef350 JavaThread "Timer-44"                          [_thread_blocked, id=33260, stack(0x000000026f200000,0x000000026f300000) (1024K)]
  0x0000012ed13f0d90 JavaThread "Timer-45"                          [_thread_blocked, id=25096, stack(0x000000026f700000,0x000000026f800000) (1024K)]
  0x0000012ed13f6970 JavaThread "Timer-46"                          [_thread_blocked, id=30320, stack(0x000000026fd00000,0x000000026fe00000) (1024K)]
  0x0000012ece9ef140 JavaThread "Timer-47"                          [_thread_blocked, id=5164, stack(0x0000000270b00000,0x0000000270c00000) (1024K)]
  0x0000012ecd182b20 JavaThread "Timer-48"                          [_thread_blocked, id=7488, stack(0x0000000270d00000,0x0000000270e00000) (1024K)]
  0x0000012ecc2d4740 JavaThread "Timer-49"                          [_thread_blocked, id=14232, stack(0x0000000271300000,0x0000000271400000) (1024K)]
  0x0000012ecc2d8f70 JavaThread "Timer-50"                          [_thread_blocked, id=8960, stack(0x0000000271400000,0x0000000271500000) (1024K)]
  0x0000012ecc2da320 JavaThread "Timer-51"                          [_thread_blocked, id=18004, stack(0x0000000271c00000,0x0000000271d00000) (1024K)]
  0x0000012ecc2df1e0 JavaThread "Timer-52"                          [_thread_blocked, id=4944, stack(0x0000000271e00000,0x0000000271f00000) (1024K)]
  0x0000012ecc2e12b0 JavaThread "Timer-53"                          [_thread_blocked, id=5440, stack(0x0000000272a00000,0x0000000272b00000) (1024K)]
  0x0000012ecc2e3a10 JavaThread "Timer-54"                          [_thread_blocked, id=2196, stack(0x0000000272d00000,0x0000000272e00000) (1024K)]
  0x0000012ecc2e40a0 JavaThread "Timer-55"                          [_thread_blocked, id=27800, stack(0x0000000273600000,0x0000000273700000) (1024K)]
  0x0000012ecc2e6e90 JavaThread "Timer-56"                          [_thread_blocked, id=16032, stack(0x0000000273a00000,0x0000000273b00000) (1024K)]
  0x0000012ecc2e8f60 JavaThread "Timer-57"                          [_thread_blocked, id=26084, stack(0x0000000273f00000,0x0000000274000000) (1024K)]
  0x0000012ecc2ede20 JavaThread "Timer-58"                          [_thread_blocked, id=29348, stack(0x0000000274400000,0x0000000274500000) (1024K)]
  0x0000012ecc2ed790 JavaThread "Timer-59"                          [_thread_blocked, id=14268, stack(0x0000000274c00000,0x0000000274d00000) (1024K)]
  0x0000012ecc2efef0 JavaThread "Timer-60"                          [_thread_blocked, id=10524, stack(0x0000000274e00000,0x0000000274f00000) (1024K)]
  0x0000012ecc2f12a0 JavaThread "Timer-61"                          [_thread_blocked, id=23072, stack(0x000000025aa00000,0x000000025ab00000) (1024K)]
  0x0000012ecc2e9c80 JavaThread "Timer-62"                          [_thread_blocked, id=28888, stack(0x0000000275500000,0x0000000275600000) (1024K)]
  0x0000012ed13f0070 JavaThread "Timer-63"                          [_thread_blocked, id=6616, stack(0x000000025fe00000,0x000000025ff00000) (1024K)]
  0x0000012ed5077150 JavaThread "Timer-64"                          [_thread_blocked, id=24700, stack(0x0000000276300000,0x0000000276400000) (1024K)]
  0x0000012ed5077e70 JavaThread "Timer-65"                          [_thread_blocked, id=4812, stack(0x0000000276a00000,0x0000000276b00000) (1024K)]
  0x0000012ed50798b0 JavaThread "Timer-66"                          [_thread_blocked, id=13064, stack(0x0000000276f00000,0x0000000277000000) (1024K)]
  0x0000012ed507b2f0 JavaThread "Timer-67"                          [_thread_blocked, id=4276, stack(0x0000000277200000,0x0000000277300000) (1024K)]
  0x0000012ed5079f40 JavaThread "Timer-68"                          [_thread_blocked, id=31180, stack(0x0000000277a00000,0x0000000277b00000) (1024K)]
  0x0000012ed5081bf0 JavaThread "Timer-69"                          [_thread_blocked, id=29076, stack(0x0000000277d00000,0x0000000277e00000) (1024K)]
  0x0000012ed5082fa0 JavaThread "Timer-70"                          [_thread_blocked, id=16048, stack(0x0000000278000000,0x0000000278100000) (1024K)]
  0x0000012ed5081560 JavaThread "Timer-71"                          [_thread_blocked, id=22460, stack(0x0000000278500000,0x0000000278600000) (1024K)]
  0x0000012ed5085d90 JavaThread "Timer-72"                          [_thread_blocked, id=5840, stack(0x0000000278800000,0x0000000278900000) (1024K)]
  0x0000012ed508c690 JavaThread "Timer-73"                          [_thread_blocked, id=17320, stack(0x0000000279100000,0x0000000279200000) (1024K)]
  0x0000012ed508a5c0 JavaThread "Timer-74"                          [_thread_blocked, id=15096, stack(0x0000000265400000,0x0000000265500000) (1024K)]
  0x0000012ed508ac50 JavaThread "Timer-75"                          [_thread_blocked, id=23792, stack(0x0000000266a00000,0x0000000266b00000) (1024K)]
  0x0000012ed64f7050 JavaThread "Timer-76"                          [_thread_blocked, id=22000, stack(0x0000000268600000,0x0000000268700000) (1024K)]
  0x0000012ed6506320 JavaThread "Timer-77"                          [_thread_blocked, id=32560, stack(0x0000000269a00000,0x0000000269b00000) (1024K)]
  0x0000012ecd1e1d40 JavaThread "Timer-78"                          [_thread_blocked, id=1624, stack(0x0000000261f00000,0x0000000262000000) (1024K)]
  0x0000012ed13f5c50 JavaThread "Timer-79"                          [_thread_blocked, id=20592, stack(0x000000026b300000,0x000000026b400000) (1024K)]
  0x0000012ecc2db040 JavaThread "Timer-80"                          [_thread_blocked, id=4416, stack(0x000000026d200000,0x000000026d300000) (1024K)]
  0x0000012ecc2e6800 JavaThread "Timer-81"                          [_thread_blocked, id=3848, stack(0x000000026fc00000,0x000000026fd00000) (1024K)]
  0x0000012ecd17ae70 JavaThread "Timer-82"                          [_thread_blocked, id=812, stack(0x0000000270900000,0x0000000270a00000) (1024K)]
  0x0000012ed507da50 JavaThread "Timer-83"                          [_thread_blocked, id=23760, stack(0x0000000271f00000,0x0000000272000000) (1024K)]
  0x0000012ed5090ec0 JavaThread "Timer-84"                          [_thread_blocked, id=34696, stack(0x0000000272e00000,0x0000000272f00000) (1024K)]
  0x0000012ed6501af0 JavaThread "Timer-85"                          [_thread_blocked, id=31652, stack(0x0000000273800000,0x0000000273900000) (1024K)]
  0x0000012ecd1def50 JavaThread "Timer-86"                          [_thread_blocked, id=8736, stack(0x0000000266000000,0x0000000266100000) (1024K)]
  0x0000012efc9fab90 JavaThread "Timer-87"                          [_thread_blocked, id=35176, stack(0x0000000273400000,0x0000000273500000) (1024K)]
  0x0000012ecc2ed100 JavaThread "Timer-88"                          [_thread_blocked, id=35676, stack(0x000000026ac00000,0x000000026ad00000) (1024K)]
  0x0000012ed5094340 JavaThread "Timer-89"                          [_thread_blocked, id=13952, stack(0x0000000278400000,0x0000000278500000) (1024K)]
  0x0000012ed5086420 JavaThread "Timer-90"                          [_thread_blocked, id=21020, stack(0x0000000267900000,0x0000000267a00000) (1024K)]
  0x0000012ed508c000 JavaThread "Worker-306: Initialize workspace"        [_thread_blocked, id=33596, stack(0x000000026df00000,0x000000026e000000) (1024K)]
  0x0000012ed5084350 JavaThread "Timer-91"                          [_thread_blocked, id=26436, stack(0x000000026d300000,0x000000026d400000) (1024K)]
  0x0000012eff82d510 JavaThread "Worker-308: Initialize workspace"        [_thread_blocked, id=16152, stack(0x0000000270600000,0x0000000270700000) (1024K)]
  0x0000012eff82a090 JavaThread "Timer-92"                          [_thread_blocked, id=10612, stack(0x0000000277b00000,0x0000000277c00000) (1024K)]
  0x0000012ecc2ea9a0 JavaThread "Timer-93"                          [_thread_blocked, id=35928, stack(0x0000000266700000,0x0000000266800000) (1024K)]
  0x0000012ed13f83b0 JavaThread "Worker-317: Initialize workspace"        [_thread_blocked, id=36276, stack(0x0000000264600000,0x0000000264700000) (1024K)]
  0x0000012efc9fa500 JavaThread "Timer-94"                          [_thread_blocked, id=36576, stack(0x0000000279400000,0x0000000279500000) (1024K)]
  0x0000012ece9ed700 JavaThread "Timer-95"                          [_thread_blocked, id=35932, stack(0x000000026cf00000,0x000000026d000000) (1024K)]
  0x0000012ed13f90d0 JavaThread "Worker-329: Initialize workspace"        [_thread_blocked, id=35236, stack(0x0000000279500000,0x0000000279600000) (1024K)]
  0x0000012ecd1de230 JavaThread "Timer-96"                          [_thread_blocked, id=36756, stack(0x000000026b100000,0x000000026b200000) (1024K)]
  0x0000012ed507e770 JavaThread "Worker-333: Initialize workspace"        [_thread_blocked, id=35992, stack(0x0000000270700000,0x0000000270800000) (1024K)]
  0x0000012ece9f0b80 JavaThread "Timer-97"                          [_thread_blocked, id=36884, stack(0x0000000279c00000,0x0000000279d00000) (1024K)]
  0x0000012efd46b310 JavaThread "Timer-98"                          [_thread_blocked, id=37440, stack(0x0000000279d00000,0x0000000279e00000) (1024K)]
  0x0000012eca65f360 JavaThread "Timer-99"                          [_thread_blocked, id=37676, stack(0x000000027a300000,0x000000027a400000) (1024K)]
  0x0000012ecc7b0ff0 JavaThread "Timer-100"                         [_thread_blocked, id=37820, stack(0x000000027a500000,0x000000027a600000) (1024K)]
  0x0000012ecc7b4b00 JavaThread "Timer-101"                         [_thread_blocked, id=36868, stack(0x000000027a900000,0x000000027aa00000) (1024K)]
  0x0000012ecc7b0960 JavaThread "Worker-363: Initialize workspace"        [_thread_blocked, id=37156, stack(0x000000027ae00000,0x000000027af00000) (1024K)]
  0x0000012ecc7b4470 JavaThread "Timer-102"                         [_thread_blocked, id=8080, stack(0x000000026e700000,0x000000026e800000) (1024K)]
  0x0000012ecc7b8ca0 JavaThread "Timer-103"                         [_thread_blocked, id=31708, stack(0x000000027b200000,0x000000027b300000) (1024K)]
  0x0000012ecc7ba050 JavaThread "Timer-104"                         [_thread_blocked, id=37400, stack(0x000000027b100000,0x000000027b200000) (1024K)]
  0x0000012ecc7b78f0 JavaThread "Timer-105"                         [_thread_blocked, id=36384, stack(0x000000027b600000,0x000000027b700000) (1024K)]
  0x0000012ecc7bc7b0 JavaThread "Timer-106"                         [_thread_blocked, id=6876, stack(0x000000027b700000,0x000000027b800000) (1024K)]
  0x0000012ecc7be1f0 JavaThread "Timer-107"                         [_thread_blocked, id=37708, stack(0x000000026a100000,0x000000026a200000) (1024K)]
  0x0000012ecc7c1d00 JavaThread "Timer-108"                         [_thread_blocked, id=37124, stack(0x000000027bd00000,0x000000027be00000) (1024K)]
  0x0000012ecc7c0fe0 JavaThread "Worker-407: Initialize workspace"        [_thread_blocked, id=35300, stack(0x000000027be00000,0x000000027bf00000) (1024K)]
  0x0000012ecc7c2a20 JavaThread "Timer-109"                         [_thread_blocked, id=28964, stack(0x000000027c000000,0x000000027c100000) (1024K)]
  0x0000012ecc7bd4d0 JavaThread "Timer-110"                         [_thread_blocked, id=26348, stack(0x0000000274700000,0x0000000274800000) (1024K)]
  0x0000012ecc7c1670 JavaThread "Timer-111"                         [_thread_blocked, id=32096, stack(0x0000000272800000,0x0000000272900000) (1024K)]
  0x0000012ecc7c5ea0 JavaThread "Timer-112"                         [_thread_blocked, id=11812, stack(0x000000026d100000,0x000000026d200000) (1024K)]
  0x0000012ecc7c78e0 JavaThread "Timer-113"                         [_thread_blocked, id=36176, stack(0x0000000273e00000,0x0000000273f00000) (1024K)]
  0x0000012ecc7c4af0 JavaThread "Timer-114"                         [_thread_blocked, id=26684, stack(0x0000000276800000,0x0000000276900000) (1024K)]
  0x0000012ecc7c99b0 JavaThread "Timer-115"                         [_thread_blocked, id=27516, stack(0x0000000275900000,0x0000000275a00000) (1024K)]
  0x0000012ecc7cef00 JavaThread "Timer-116"                         [_thread_blocked, id=37468, stack(0x000000027c800000,0x000000027c900000) (1024K)]
  0x0000012ecc7cc110 JavaThread "Timer-117"                         [_thread_blocked, id=16676, stack(0x000000027cd00000,0x000000027ce00000) (1024K)]
  0x0000012ecc2d9c90 JavaThread "Timer-118"                         [_thread_blocked, id=24344, stack(0x000000027d100000,0x000000027d200000) (1024K)]
  0x0000012ecc2e7520 JavaThread "Timer-119"                         [_thread_blocked, id=7008, stack(0x000000027d400000,0x000000027d500000) (1024K)]
  0x0000012ecc2e95f0 JavaThread "Worker-488: Initialize workspace"        [_thread_blocked, id=36800, stack(0x000000027d300000,0x000000027d400000) (1024K)]
  0x0000012ed5092f90 JavaThread "Timer-120"                         [_thread_blocked, id=36788, stack(0x000000027d800000,0x000000027d900000) (1024K)]
  0x0000012ecd17a150 JavaThread "Timer-121"                         [_thread_blocked, id=15748, stack(0x000000027dc00000,0x000000027dd00000) (1024K)]
  0x0000012ecd185280 JavaThread "Worker-502: Initialize workspace"        [_thread_blocked, id=15844, stack(0x000000027de00000,0x000000027df00000) (1024K)]
  0x0000012eca65bee0 JavaThread "Timer-122"                         [_thread_blocked, id=36236, stack(0x000000027e000000,0x000000027e100000) (1024K)]
  0x0000012ed6501460 JavaThread "Timer-123"                         [_thread_blocked, id=37476, stack(0x000000027e400000,0x000000027e500000) (1024K)]
  0x0000012ed13f34f0 JavaThread "Timer-124"                         [_thread_blocked, id=35356, stack(0x000000027e800000,0x000000027e900000) (1024K)]
  0x0000012ed13f4f30 JavaThread "Worker-529: Initialize workspace"        [_thread_blocked, id=19948, stack(0x000000027dd00000,0x000000027de00000) (1024K)]
  0x0000012efd470860 JavaThread "Timer-125"                         [_thread_blocked, id=36504, stack(0x000000027eb00000,0x000000027ec00000) (1024K)]
  0x0000012ece9edd90 JavaThread "Worker-536: Initialize workspace"        [_thread_blocked, id=30088, stack(0x000000026db00000,0x000000026dc00000) (1024K)]
  0x0000012ecd1e30f0 JavaThread "Timer-126"                         [_thread_blocked, id=37416, stack(0x000000027ef00000,0x000000027f000000) (1024K)]
  0x0000012ec1af4c70 JavaThread "Timer-127"                         [_thread_blocked, id=37988, stack(0x000000027f000000,0x000000027f100000) (1024K)]
  0x0000012ec1af38c0 JavaThread "Worker-545: Initialize workspace"        [_thread_blocked, id=38052, stack(0x000000026c300000,0x000000026c400000) (1024K)]
  0x0000012ec1af73d0 JavaThread "Timer-128"                         [_thread_blocked, id=38120, stack(0x000000027f400000,0x000000027f500000) (1024K)]
  0x0000012ec1af45e0 JavaThread "Worker-554: Initialize workspace"        [_thread_blocked, id=38164, stack(0x000000027f200000,0x000000027f300000) (1024K)]
  0x0000012ec1af94a0 JavaThread "Timer-129"                         [_thread_blocked, id=38184, stack(0x000000027f100000,0x000000027f200000) (1024K)]
  0x0000012ec1afaee0 JavaThread "Timer-130"                         [_thread_blocked, id=38280, stack(0x000000027fb00000,0x000000027fc00000) (1024K)]
  0x0000012ec1af9b30 JavaThread "Worker-566: Initialize workspace"        [_thread_blocked, id=38316, stack(0x000000027f800000,0x000000027f900000) (1024K)]
  0x0000012ec1af80f0 JavaThread "Timer-131"                         [_thread_blocked, id=38340, stack(0x0000000200100000,0x0000000200200000) (1024K)]
  0x0000012ec1afcfb0 JavaThread "Timer-132"                         [_thread_blocked, id=38532, stack(0x0000000200700000,0x0000000200800000) (1024K)]
  0x0000012ec1afdcd0 JavaThread "Worker-574: Initialize workspace"        [_thread_blocked, id=38548, stack(0x0000000200800000,0x0000000200900000) (1024K)]
  0x0000012ec1affda0 JavaThread "Timer-133"                         [_thread_blocked, id=38744, stack(0x0000000200c00000,0x0000000200d00000) (1024K)]
  0x0000012ec1b00ac0 JavaThread "Timer-134"                         [_thread_blocked, id=3256, stack(0x0000000201100000,0x0000000201200000) (1024K)]
  0x0000012ec1b00430 JavaThread "Worker-585: Initialize workspace"        [_thread_blocked, id=35972, stack(0x0000000200d00000,0x0000000200e00000) (1024K)]
  0x0000012ec1aff710 JavaThread "Timer-135"                         [_thread_blocked, id=9108, stack(0x0000000201400000,0x0000000201500000) (1024K)]
  0x0000012ec1af8780 JavaThread "Worker-594: Initialize workspace"        [_thread_blocked, id=30168, stack(0x0000000200e00000,0x0000000200f00000) (1024K)]
  0x0000012ec1b02500 JavaThread "Timer-136"                         [_thread_blocked, id=38188, stack(0x0000000201900000,0x0000000201a00000) (1024K)]
  0x0000012ec1b01e70 JavaThread "Worker-604: Initialize workspace"        [_thread_blocked, id=38260, stack(0x0000000201600000,0x0000000201700000) (1024K)]
  0x0000012ec1b073c0 JavaThread "Timer-137"                         [_thread_blocked, id=19100, stack(0x0000000201e00000,0x0000000201f00000) (1024K)]
  0x0000012ec1b07a50 JavaThread "Worker-609: Initialize workspace"        [_thread_blocked, id=38552, stack(0x0000000202000000,0x0000000202100000) (1024K)]
  0x0000012ec1b08e00 JavaThread "Timer-138"                         [_thread_blocked, id=38520, stack(0x0000000201d00000,0x0000000201e00000) (1024K)]
  0x0000012ec1b09b20 JavaThread "Timer-139"                         [_thread_blocked, id=38688, stack(0x0000000202400000,0x0000000202500000) (1024K)]
  0x0000012ec1b080e0 JavaThread "Worker-622: Initialize workspace"        [_thread_blocked, id=16712, stack(0x0000000202100000,0x0000000202200000) (1024K)]
  0x0000012ec1b03220 JavaThread "Worker-624: Initialize workspace"        [_thread_blocked, id=38728, stack(0x0000000201a00000,0x0000000201b00000) (1024K)]
  0x0000012ec1b08770 JavaThread "Timer-140"                         [_thread_blocked, id=38568, stack(0x0000000202a00000,0x0000000202b00000) (1024K)]
  0x0000012ec1b0e350 JavaThread "Timer-141"                         [_thread_blocked, id=38652, stack(0x0000000202e00000,0x0000000202f00000) (1024K)]
  0x0000012ec1b0e9e0 JavaThread "Worker-633: Initialize workspace"        [_thread_blocked, id=38656, stack(0x0000000202500000,0x0000000202600000) (1024K)]
  0x0000012ec1b0d630 JavaThread "Timer-142"                         [_thread_blocked, id=38160, stack(0x0000000203300000,0x0000000203400000) (1024K)]
  0x0000012ec1b10420 JavaThread "Worker-639: Initialize workspace"        [_thread_blocked, id=4260, stack(0x0000000202f00000,0x0000000203000000) (1024K)]
  0x0000012ec1b0bbf0 JavaThread "Timer-143"                         [_thread_blocked, id=38920, stack(0x0000000203900000,0x0000000203a00000) (1024K)]
  0x0000012ecd0ec400 JavaThread "Worker-658: Initialize workspace"        [_thread_blocked, id=39392, stack(0x0000000204800000,0x0000000204900000) (1024K)]
  0x0000012ecd0e8f80 JavaThread "Timer-144"                         [_thread_blocked, id=39408, stack(0x0000000204b00000,0x0000000204c00000) (1024K)]
  0x0000012ecd0e5470 JavaThread "Worker-662: Initialize workspace"        [_thread_blocked, id=39540, stack(0x0000000204700000,0x0000000204800000) (1024K)]
  0x0000012ecd0ed7b0 JavaThread "Timer-145"                         [_thread_blocked, id=39788, stack(0x0000000205000000,0x0000000205100000) (1024K)]
  0x0000012ecd0eb050 JavaThread "Worker-671: Initialize workspace"        [_thread_blocked, id=39064, stack(0x0000000205200000,0x0000000205300000) (1024K)]
  0x0000012ecd0f1950 JavaThread "Timer-146"                         [_thread_blocked, id=28796, stack(0x0000000205a00000,0x0000000205b00000) (1024K)]
  0x0000012ecd0ed120 JavaThread "Connection worker"                 [_thread_blocked, id=23756, stack(0x0000000205300000,0x0000000205400000) (1024K)]
  0x0000012ecd0eff10 JavaThread "Worker-680: Initialize workspace"        [_thread_blocked, id=3188, stack(0x0000000205600000,0x0000000205700000) (1024K)]
  0x0000012ecd0ee4d0 JavaThread "pool-148-thread-1"                 [_thread_blocked, id=23668, stack(0x0000000205d00000,0x0000000205e00000) (1024K)]
  0x0000012ecd0f3390 JavaThread "Timer-147"                         [_thread_blocked, id=32136, stack(0x0000000205c00000,0x0000000205d00000) (1024K)]
  0x0000012ecd0f3a20 JavaThread "Timer-148"                         [_thread_blocked, id=40300, stack(0x0000000206200000,0x0000000206300000) (1024K)]
  0x0000012ecd0f4740 JavaThread "Worker-694: Initialize workspace"        [_thread_blocked, id=40336, stack(0x0000000206400000,0x0000000206500000) (1024K)]
  0x0000012ecd0f5460 JavaThread "Timer-149"                         [_thread_blocked, id=40476, stack(0x0000000206800000,0x0000000206900000) (1024K)]
  0x0000012ecd0f40b0 JavaThread "Worker-704: Initialize workspace"        [_thread_blocked, id=40672, stack(0x0000000206a00000,0x0000000206b00000) (1024K)]
  0x0000012ecd0f9600 JavaThread "Timer-150"                         [_thread_blocked, id=40888, stack(0x0000000206f00000,0x0000000207000000) (1024K)]
  0x0000012ecd0f7530 JavaThread "Timer-151"                         [_thread_blocked, id=18916, stack(0x0000000206300000,0x0000000206400000) (1024K)]
  0x0000012ecd0f5af0 JavaThread "Worker-722: Initialize workspace"        [_thread_blocked, id=10476, stack(0x0000000207300000,0x0000000207400000) (1024K)]
  0x0000012ecd0fc3f0 JavaThread "Timer-152"                         [_thread_blocked, id=13516, stack(0x0000000207d00000,0x0000000207e00000) (1024K)]
  0x0000012ecd1012b0 JavaThread "Worker-731: Initialize workspace"        [_thread_blocked, id=40096, stack(0x0000000207600000,0x0000000207700000) (1024K)]
  0x0000012ecd0fd7a0 JavaThread "Timer-153"                         [_thread_blocked, id=40684, stack(0x0000000207800000,0x0000000207900000) (1024K)]
  0x0000012ecd102660 JavaThread "Worker-738: Initialize workspace"        [_thread_blocked, id=40368, stack(0x0000000207a00000,0x0000000207b00000) (1024K)]
  0x0000012ecd0fe4c0 JavaThread "Timer-154"                         [_thread_blocked, id=35660, stack(0x0000000208100000,0x0000000208200000) (1024K)]
  0x0000012ecd100c20 JavaThread "Worker-749: Initialize workspace"        [_thread_blocked, id=33284, stack(0x0000000208500000,0x0000000208600000) (1024K)]
  0x0000012ecd1040a0 JavaThread "Timer-155"                         [_thread_blocked, id=40372, stack(0x0000000208700000,0x0000000208800000) (1024K)]
  0x0000012ecd105ae0 JavaThread "Timer-156"                         [_thread_blocked, id=37920, stack(0x0000000209000000,0x0000000209100000) (1024K)]
  0x0000012ecd107520 JavaThread "Connection worker"                 [_thread_blocked, id=38096, stack(0x0000000208e00000,0x0000000208f00000) (1024K)]
  0x0000012ecd106e90 JavaThread "Worker-764: Initialize workspace"        [_thread_blocked, id=40956, stack(0x0000000208f00000,0x0000000209000000) (1024K)]
  0x0000012ecd109c80 JavaThread "Timer-157"                         [_thread_blocked, id=38740, stack(0x0000000208d00000,0x0000000208e00000) (1024K)]
  0x0000012ecd106800 JavaThread "Timer-158"                         [_thread_blocked, id=39892, stack(0x0000000209100000,0x0000000209200000) (1024K)]
  0x0000012ecd0cd7d0 JavaThread "Timer-159"                         [_thread_blocked, id=15964, stack(0x0000000209800000,0x0000000209900000) (1024K)]
  0x0000012ecd10a9a0 JavaThread "Worker-786: Initialize workspace"        [_thread_blocked, id=25064, stack(0x0000000209300000,0x0000000209400000) (1024K)]
  0x0000012ecd0ce4f0 JavaThread "Timer-160"                         [_thread_blocked, id=21180, stack(0x0000000209500000,0x0000000209600000) (1024K)]
  0x0000012ecd0cb700 JavaThread "Worker-795: Initialize workspace"        [_thread_blocked, id=1724, stack(0x0000000209c00000,0x0000000209d00000) (1024K)]
  0x0000012ecd0ccab0 JavaThread "Connection worker"                 [_thread_blocked, id=4472, stack(0x000000020a000000,0x000000020a100000) (1024K)]
  0x0000012ecd0cb070 JavaThread "pool-162-thread-1"                 [_thread_blocked, id=15444, stack(0x0000000209f00000,0x000000020a000000) (1024K)]
  0x0000012ecd0cf8a0 JavaThread "Timer-161"                         [_thread_blocked, id=28532, stack(0x000000020a200000,0x000000020a300000) (1024K)]
  0x0000012ecd0d12e0 JavaThread "Connection worker"                 [_thread_blocked, id=39448, stack(0x000000020a300000,0x000000020a400000) (1024K)]
  0x0000012ecd0d2690 JavaThread "pool-163-thread-1"                 [_thread_blocked, id=39356, stack(0x000000020a700000,0x000000020a800000) (1024K)]
  0x0000012ecd0cf210 JavaThread "Timer-162"                         [_thread_blocked, id=19452, stack(0x0000000209900000,0x0000000209a00000) (1024K)]
  0x0000012ecd0cbd90 JavaThread "Worker-804: Initialize workspace"        [_thread_blocked, id=20988, stack(0x000000020a800000,0x000000020a900000) (1024K)]
  0x0000012ecd0d33b0 JavaThread "Timer-163"                         [_thread_blocked, id=37288, stack(0x000000020aa00000,0x000000020ab00000) (1024K)]
  0x0000012ecd0d05c0 JavaThread "Timer-164"                         [_thread_blocked, id=15372, stack(0x000000020a900000,0x000000020aa00000) (1024K)]
  0x0000012ecd0d1970 JavaThread "Worker-817: Initialize workspace"        [_thread_blocked, id=40840, stack(0x0000000203600000,0x0000000203700000) (1024K)]
  0x0000012ecd0e5b00 JavaThread "Timer-165"                         [_thread_blocked, id=34924, stack(0x0000000204300000,0x0000000204400000) (1024K)]
  0x0000012ecd0e6820 JavaThread "Worker-826: Initialize workspace"        [_thread_blocked, id=14404, stack(0x0000000203b00000,0x0000000203c00000) (1024K)]
  0x0000012ecd0fa320 JavaThread "Timer-166"                         [_thread_blocked, id=15776, stack(0x0000000203f00000,0x0000000204000000) (1024K)]
  0x0000012ecd0e7540 JavaThread "Timer-167"                         [_thread_blocked, id=8716, stack(0x0000000203200000,0x0000000203300000) (1024K)]
  0x0000012ecd0f6180 JavaThread "Timer-168"                         [_thread_blocked, id=23592, stack(0x0000000204900000,0x0000000204a00000) (1024K)]
  0x0000012ecd1095f0 JavaThread "Worker-847: Initialize workspace"        [_thread_blocked, id=40668, stack(0x0000000203e00000,0x0000000203f00000) (1024K)]
  0x0000012ecd0d4760 JavaThread "Timer-169"                         [_thread_blocked, id=40192, stack(0x0000000204e00000,0x0000000204f00000) (1024K)]
  0x0000012ecd0d5b10 JavaThread "Timer-170"                         [_thread_blocked, id=40732, stack(0x0000000206d00000,0x0000000206e00000) (1024K)]
  0x0000012ecd10a310 JavaThread "Worker-859: Initialize workspace"        [_thread_blocked, id=18940, stack(0x0000000205400000,0x0000000205500000) (1024K)]
  0x0000012ecd0d8270 JavaThread "Timer-171"                         [_thread_blocked, id=33280, stack(0x000000020ab00000,0x000000020ac00000) (1024K)]
  0x0000012ecd0da340 JavaThread "Timer-172"                         [_thread_blocked, id=36796, stack(0x000000020af00000,0x000000020b000000) (1024K)]
  0x0000012ecd0d61a0 JavaThread "Worker-870: Initialize workspace"        [_thread_blocked, id=26156, stack(0x0000000205f00000,0x0000000206000000) (1024K)]
  0x0000012ecd0d9cb0 JavaThread "Timer-173"                         [_thread_blocked, id=19280, stack(0x000000020b500000,0x000000020b600000) (1024K)]
  0x0000012ecd0dd130 JavaThread "Timer-174"                         [_thread_blocked, id=38116, stack(0x000000020b900000,0x000000020ba00000) (1024K)]
  0x0000012ecd0db6f0 JavaThread "Worker-884: Initialize workspace"        [_thread_blocked, id=36784, stack(0x000000020b700000,0x000000020b800000) (1024K)]
  0x0000012ecd0dd7c0 JavaThread "Timer-175"                         [_thread_blocked, id=40084, stack(0x000000020be00000,0x000000020bf00000) (1024K)]
  0x0000012ecd0df890 JavaThread "Timer-176"                         [_thread_blocked, id=25116, stack(0x000000020c400000,0x000000020c500000) (1024K)]
  0x0000012ecd0e0c40 JavaThread "Timer-177"                         [_thread_blocked, id=40536, stack(0x000000020c700000,0x000000020c800000) (1024K)]
  0x0000012ecd0e2d10 JavaThread "Worker-907: Initialize workspace"        [_thread_blocked, id=34980, stack(0x000000020cb00000,0x000000020cc00000) (1024K)]
  0x0000012ecd0e33a0 JavaThread "Timer-178"                         [_thread_blocked, id=37608, stack(0x000000020cd00000,0x000000020ce00000) (1024K)]
  0x0000012ecd0e4750 JavaThread "Timer-179"                         [_thread_blocked, id=30804, stack(0x000000020d100000,0x000000020d200000) (1024K)]
  0x0000012ec1b11140 JavaThread "Timer-180"                         [_thread_blocked, id=37324, stack(0x000000020d200000,0x000000020d300000) (1024K)]
  0x0000012ec1afe360 JavaThread "Worker-925: Initialize workspace"        [_thread_blocked, id=40284, stack(0x0000000200f00000,0x0000000201000000) (1024K)]
  0x0000012ec1b117d0 JavaThread "Timer-181"                         [_thread_blocked, id=26328, stack(0x0000000206700000,0x0000000206800000) (1024K)]
  0x0000012ec177b7e0 JavaThread "Worker-933: Initialize workspace"        [_thread_blocked, id=20664, stack(0x0000000201000000,0x0000000201100000) (1024K)]
  0x0000012ec177aac0 JavaThread "Timer-182"                         [_thread_blocked, id=34896, stack(0x000000020d800000,0x000000020d900000) (1024K)]
  0x0000012ec177ec60 JavaThread "Timer-183"                         [_thread_blocked, id=38284, stack(0x000000020db00000,0x000000020dc00000) (1024K)]
  0x0000012efed5faa0 JavaThread "Timer-184"                         [_thread_blocked, id=38804, stack(0x000000020e000000,0x000000020e100000) (1024K)]
  0x0000012efed5e6f0 JavaThread "Timer-185"                         [_thread_blocked, id=40904, stack(0x000000020e400000,0x000000020e500000) (1024K)]
  0x0000012ecc2eb030 JavaThread "Timer-186"                         [_thread_blocked, id=37552, stack(0x000000020e800000,0x000000020e900000) (1024K)]
  0x0000012ecd17f6a0 JavaThread "Timer-187"                         [_thread_blocked, id=24244, stack(0x000000020ec00000,0x000000020ed00000) (1024K)]
  0x0000012ed13f55c0 JavaThread "Timer-188"                         [_thread_blocked, id=36064, stack(0x000000020f000000,0x000000020f100000) (1024K)]
  0x0000012efed5e060 JavaThread "Timer-189"                         [_thread_blocked, id=25068, stack(0x000000020f500000,0x000000020f600000) (1024K)]
  0x0000012ec177b150 JavaThread "Timer-190"                         [_thread_blocked, id=22168, stack(0x000000020f900000,0x000000020fa00000) (1024K)]
  0x0000012ecc2dbd60 JavaThread "Timer-191"                         [_thread_blocked, id=40408, stack(0x000000020fe00000,0x000000020ff00000) (1024K)]
  0x0000012efd46f4b0 JavaThread "Worker-1036: Initialize workspace"        [_thread_blocked, id=37244, stack(0x000000020fc00000,0x000000020fd00000) (1024K)]
  0x0000012ecd1e3e10 JavaThread "Timer-192"                         [_thread_blocked, id=38892, stack(0x0000000210200000,0x0000000210300000) (1024K)]
  0x0000012ecd0fb6d0 JavaThread "Timer-193"                         [_thread_blocked, id=34332, stack(0x0000000210600000,0x0000000210700000) (1024K)]
  0x0000012ecd17d5d0 JavaThread "Timer-194"                         [_thread_blocked, id=28380, stack(0x0000000210a00000,0x0000000210b00000) (1024K)]
  0x0000012effa0b670 JavaThread "Timer-195"                         [_thread_blocked, id=28784, stack(0x0000000210e00000,0x0000000210f00000) (1024K)]
  0x0000012effa0fea0 JavaThread "Timer-196"                         [_thread_blocked, id=27844, stack(0x0000000211400000,0x0000000211500000) (1024K)]
  0x0000012effa0ddd0 JavaThread "Timer-197"                         [_thread_blocked, id=17924, stack(0x0000000211800000,0x0000000211900000) (1024K)]
  0x0000012effa0c390 JavaThread "Worker-1101: Initialize workspace"        [_thread_blocked, id=20776, stack(0x0000000211600000,0x0000000211700000) (1024K)]
  0x0000012eff9f74e0 JavaThread "Timer-198"                         [_thread_blocked, id=25576, stack(0x0000000212300000,0x0000000212400000) (1024K)]
  0x0000012eff9f8200 JavaThread "Timer-199"                         [_thread_blocked, id=9024, stack(0x0000000212900000,0x0000000212a00000) (1024K)]
  0x0000012eff9f8890 JavaThread "Worker-1120: Initialize workspace"        [_thread_blocked, id=26120, stack(0x0000000212700000,0x0000000212800000) (1024K)]
  0x0000012eff9fa960 JavaThread "Timer-200"                         [_thread_blocked, id=14676, stack(0x0000000212e00000,0x0000000212f00000) (1024K)]
  0x0000012eff9ff190 JavaThread "Timer-201"                         [_thread_blocked, id=24952, stack(0x0000000213400000,0x0000000213500000) (1024K)]
  0x0000012eff9fca30 JavaThread "Worker-1141: Initialize workspace"        [_thread_blocked, id=30172, stack(0x0000000212c00000,0x0000000212d00000) (1024K)]
  0x0000012eff9ff820 JavaThread "Timer-202"                         [_thread_blocked, id=12676, stack(0x0000000213800000,0x0000000213900000) (1024K)]
  0x0000012eff9feb00 JavaThread "Worker-1152: Initialize workspace"        [_thread_blocked, id=36928, stack(0x0000000213200000,0x0000000213300000) (1024K)]
  0x0000012effa00540 JavaThread "Timer-203"                         [_thread_blocked, id=39808, stack(0x0000000213c00000,0x0000000213d00000) (1024K)]
  0x0000012effa04050 JavaThread "Timer-204"                         [_thread_blocked, id=39192, stack(0x0000000214000000,0x0000000214100000) (1024K)]
  0x0000012effa01260 JavaThread "Worker-1174: Initialize workspace"        [_thread_blocked, id=10732, stack(0x0000000213e00000,0x0000000213f00000) (1024K)]
  0x0000012effa04d70 JavaThread "Timer-205"                         [_thread_blocked, id=38680, stack(0x0000000214400000,0x0000000214500000) (1024K)]
  0x0000012effa05a90 JavaThread "Timer-206"                         [_thread_blocked, id=20784, stack(0x0000000214800000,0x0000000214900000) (1024K)]
  0x0000012effa067b0 JavaThread "Timer-207"                         [_thread_blocked, id=16572, stack(0x0000000214c00000,0x0000000214d00000) (1024K)]
  0x0000012effa08880 JavaThread "Worker-1206: Initialize workspace"        [_thread_blocked, id=33156, stack(0x0000000214a00000,0x0000000214b00000) (1024K)]
  0x0000012effa08f10 JavaThread "Timer-208"                         [_thread_blocked, id=35592, stack(0x0000000215000000,0x0000000215100000) (1024K)]
  0x0000012effa07b60 JavaThread "Worker-1216: Initialize workspace"        [_thread_blocked, id=27676, stack(0x0000000214e00000,0x0000000214f00000) (1024K)]
  0x0000012effa081f0 JavaThread "Timer-209"                         [_thread_blocked, id=16012, stack(0x0000000215400000,0x0000000215500000) (1024K)]
  0x0000012effa09c30 JavaThread "Worker-1225: Initialize workspace"        [_thread_blocked, id=26116, stack(0x0000000215200000,0x0000000215300000) (1024K)]
  0x0000012ed5076430 JavaThread "Timer-210"                         [_thread_blocked, id=22092, stack(0x0000000215900000,0x0000000215a00000) (1024K)]
  0x0000012ed508da40 JavaThread "Timer-211"                         [_thread_blocked, id=16716, stack(0x0000000215e00000,0x0000000215f00000) (1024K)]
  0x0000012eca653510 JavaThread "Worker-1245: Initialize workspace"        [_thread_blocked, id=28276, stack(0x0000000215c00000,0x0000000215d00000) (1024K)]
  0x0000012eca6576b0 JavaThread "Timer-212"                         [_thread_blocked, id=39600, stack(0x0000000216100000,0x0000000216200000) (1024K)]
  0x0000012ecc2e4dc0 JavaThread "Timer-213"                         [_thread_blocked, id=36520, stack(0x0000000216600000,0x0000000216700000) (1024K)]
  0x0000012eca657020 JavaThread "Timer-214"                         [_thread_blocked, id=16208, stack(0x0000000216b00000,0x0000000216c00000) (1024K)]
  0x0000012ed5087e60 JavaThread "Timer-215"                         [_thread_blocked, id=37564, stack(0x0000000217000000,0x0000000217100000) (1024K)]
  0x0000012ed64f7d70 JavaThread "Timer-216"                         [_thread_blocked, id=40616, stack(0x0000000217400000,0x0000000217500000) (1024K)]
  0x0000012efd471c10 JavaThread "Worker-1298: Initialize workspace"        [_thread_blocked, id=36324, stack(0x0000000217200000,0x0000000217300000) (1024K)]
  0x0000012efc9f9150 JavaThread "Timer-217"                         [_thread_blocked, id=7088, stack(0x0000000217800000,0x0000000217900000) (1024K)]
  0x0000012ed5092900 JavaThread "Timer-218"                         [_thread_blocked, id=23832, stack(0x0000000217d00000,0x0000000217e00000) (1024K)]
  0x0000012ed6500dd0 JavaThread "Timer-219"                         [_thread_blocked, id=29996, stack(0x0000000217f00000,0x0000000218000000) (1024K)]
  0x0000012eced36730 JavaThread "Timer-220"                         [_thread_blocked, id=2280, stack(0x0000000218300000,0x0000000218400000) (1024K)]
  0x0000012eced37450 JavaThread "Timer-221"                         [_thread_blocked, id=35788, stack(0x0000000218700000,0x0000000218800000) (1024K)]
  0x0000012eced3a8d0 JavaThread "Timer-222"                         [_thread_blocked, id=37360, stack(0x0000000218c00000,0x0000000218d00000) (1024K)]
  0x0000012eced3bc80 JavaThread "Timer-223"                         [_thread_blocked, id=26124, stack(0x0000000219000000,0x0000000219100000) (1024K)]
  0x0000012eced3c310 JavaThread "Timer-224"                         [_thread_blocked, id=34956, stack(0x0000000219400000,0x0000000219500000) (1024K)]
  0x0000012eced40b40 JavaThread "Timer-225"                         [_thread_blocked, id=29080, stack(0x0000000219800000,0x0000000219900000) (1024K)]
  0x0000012eced3dd50 JavaThread "Timer-226"                         [_thread_blocked, id=2728, stack(0x0000000219c00000,0x0000000219d00000) (1024K)]
  0x0000012eced411d0 JavaThread "Worker-1399: Initialize workspace"        [_thread_blocked, id=21104, stack(0x0000000219e00000,0x0000000219f00000) (1024K)]
  0x0000012eced41860 JavaThread "Timer-227"                         [_thread_blocked, id=24588, stack(0x000000021a000000,0x000000021a100000) (1024K)]
  0x0000012eced45370 JavaThread "Timer-228"                         [_thread_blocked, id=18308, stack(0x000000021a400000,0x000000021a500000) (1024K)]
  0x0000012eced3d6c0 JavaThread "Worker-1423: Initialize workspace"        [_thread_blocked, id=30572, stack(0x000000021a200000,0x000000021a300000) (1024K)]
  0x0000012eced44650 JavaThread "Timer-229"                         [_thread_blocked, id=39300, stack(0x000000021a800000,0x000000021a900000) (1024K)]
  0x0000012eced43fc0 JavaThread "Worker-1436: Initialize workspace"        [_thread_blocked, id=35460, stack(0x000000021a300000,0x000000021a400000) (1024K)]
  0x0000012eced42580 JavaThread "Timer-230"                         [_thread_blocked, id=36920, stack(0x000000021ac00000,0x000000021ad00000) (1024K)]
  0x0000012eced46db0 JavaThread "Timer-231"                         [_thread_blocked, id=8724, stack(0x000000021b000000,0x000000021b100000) (1024K)]
  0x0000012eced46090 JavaThread "Timer-232"                         [_thread_blocked, id=21028, stack(0x000000021b400000,0x000000021b500000) (1024K)]
  0x0000012eced4bc70 JavaThread "Timer-233"                         [_thread_blocked, id=25828, stack(0x000000021b800000,0x000000021b900000) (1024K)]
  0x0000012eced4d6b0 JavaThread "Timer-234"                         [_thread_blocked, id=28500, stack(0x000000021bc00000,0x000000021bd00000) (1024K)]
  0x0000012eced4dd40 JavaThread "Timer-235"                         [_thread_blocked, id=1196, stack(0x000000021c000000,0x000000021c100000) (1024K)]
  0x0000012eced4ea60 JavaThread "Timer-236"                         [_thread_blocked, id=35280, stack(0x000000021c500000,0x000000021c600000) (1024K)]
  0x0000012eced4f0f0 JavaThread "Worker-1506: Initialize workspace"        [_thread_blocked, id=35036, stack(0x000000021c100000,0x000000021c200000) (1024K)]
  0x0000012eced53290 JavaThread "Timer-237"                         [_thread_blocked, id=27168, stack(0x000000021c800000,0x000000021c900000) (1024K)]
  0x0000012eced4e3d0 JavaThread "Worker-1516: Initialize workspace"        [_thread_blocked, id=16584, stack(0x000000021c700000,0x000000021c800000) (1024K)]
  0x0000012eced559f0 JavaThread "Timer-238"                         [_thread_blocked, id=37776, stack(0x000000021cf00000,0x000000021d000000) (1024K)]
  0x0000012eced52c00 JavaThread "Worker-1526: Initialize workspace"        [_thread_blocked, id=22632, stack(0x000000021ce00000,0x000000021cf00000) (1024K)]
  0x0000012eced587e0 JavaThread "Timer-239"                         [_thread_blocked, id=33780, stack(0x000000021d300000,0x000000021d400000) (1024K)]
  0x0000012eced57430 JavaThread "Connection worker"                 [_thread_blocked, id=20144, stack(0x000000021d400000,0x000000021d500000) (1024K)]
  0x0000012eced52570 JavaThread "pool-241-thread-1"                 [_thread_blocked, id=24476, stack(0x000000021d200000,0x000000021d300000) (1024K)]
  0x0000012eced58e70 JavaThread "Timer-240"                         [_thread_blocked, id=14956, stack(0x000000021d700000,0x000000021d800000) (1024K)]
  0x0000012eced5b5d0 JavaThread "Timer-241"                         [_thread_blocked, id=39496, stack(0x000000021db00000,0x000000021dc00000) (1024K)]
  0x0000012eced59500 JavaThread "Worker-1560: Initialize workspace"        [_thread_blocked, id=26352, stack(0x000000021d900000,0x000000021da00000) (1024K)]
  0x0000012eced5af40 JavaThread "Timer-242"                         [_thread_blocked, id=28352, stack(0x000000021df00000,0x000000021e000000) (1024K)]
  0x0000012eced5c980 JavaThread "Worker-1570: Initialize workspace"        [_thread_blocked, id=34304, stack(0x000000021de00000,0x000000021df00000) (1024K)]
  0x0000012eced5bc60 JavaThread "Timer-243"                         [_thread_blocked, id=26772, stack(0x000000021e300000,0x000000021e400000) (1024K)]
  0x0000012eced5c2f0 JavaThread "Worker-1580: Initialize workspace"        [_thread_blocked, id=31212, stack(0x000000021e200000,0x000000021e300000) (1024K)]
  0x0000012eced61840 JavaThread "Timer-244"                         [_thread_blocked, id=34120, stack(0x000000021e700000,0x000000021e800000) (1024K)]
  0x0000012eced5dd30 JavaThread "Worker-1592: Initialize workspace"        [_thread_blocked, id=14944, stack(0x000000021e500000,0x000000021e600000) (1024K)]
  0x0000012eced5ea50 JavaThread "Timer-245"                         [_thread_blocked, id=29884, stack(0x000000021eb00000,0x000000021ec00000) (1024K)]
  0x0000012eced5f0e0 JavaThread "Worker-1603: Initialize workspace"        [_thread_blocked, id=27108, stack(0x000000021ea00000,0x000000021eb00000) (1024K)]
  0x0000012eced60490 JavaThread "Timer-246"                         [_thread_blocked, id=14256, stack(0x000000021ef00000,0x000000021f000000) (1024K)]
  0x0000012eced5fe00 JavaThread "Worker-1618: Initialize workspace"        [_thread_blocked, id=20716, stack(0x000000021e900000,0x000000021ea00000) (1024K)]
  0x0000012eced63910 JavaThread "Timer-247"                         [_thread_blocked, id=19480, stack(0x000000021f300000,0x000000021f400000) (1024K)]
  0x0000012eced66700 JavaThread "Timer-248"                         [_thread_blocked, id=34736, stack(0x000000021f700000,0x000000021f800000) (1024K)]
  0x0000012eced611b0 JavaThread "Worker-1635: Initialize workspace"        [_thread_blocked, id=24264, stack(0x000000021f500000,0x000000021f600000) (1024K)]
  0x0000012eced68140 JavaThread "Timer-249"                         [_thread_blocked, id=25548, stack(0x000000021fb00000,0x000000021fc00000) (1024K)]
  0x0000012eced64cc0 JavaThread "Worker-1646: Initialize workspace"        [_thread_blocked, id=2504, stack(0x000000021f900000,0x000000021fa00000) (1024K)]
  0x0000012eced6a8a0 JavaThread "Timer-250"                         [_thread_blocked, id=33456, stack(0x0000000220000000,0x0000000220100000) (1024K)]
  0x0000012eced687d0 JavaThread "Worker-1657: Initialize workspace"        [_thread_blocked, id=29968, stack(0x000000021fd00000,0x000000021fe00000) (1024K)]
  0x0000012eced6b5c0 JavaThread "Timer-251"                         [_thread_blocked, id=21776, stack(0x0000000220400000,0x0000000220500000) (1024K)]
  0x0000012eced694f0 JavaThread "Worker-1669: Initialize workspace"        [_thread_blocked, id=7396, stack(0x0000000220200000,0x0000000220300000) (1024K)]
  0x0000012eced6e3b0 JavaThread "Timer-252"                         [_thread_blocked, id=35368, stack(0x0000000220900000,0x0000000220a00000) (1024K)]
  0x0000012eced6dd20 JavaThread "Timer-253"                         [_thread_blocked, id=23464, stack(0x0000000220d00000,0x0000000220e00000) (1024K)]
  0x0000012eced6d690 JavaThread "Worker-1690: Initialize workspace"        [_thread_blocked, id=8368, stack(0x0000000220a00000,0x0000000220b00000) (1024K)]
  0x0000012eced72550 JavaThread "Timer-254"                         [_thread_blocked, id=18316, stack(0x0000000221100000,0x0000000221200000) (1024K)]
  0x0000012eced73270 JavaThread "Worker-1699: Initialize workspace"        [_thread_blocked, id=17108, stack(0x0000000221000000,0x0000000221100000) (1024K)]
  0x0000012eced6fdf0 JavaThread "Timer-255"                         [_thread_blocked, id=15564, stack(0x0000000221600000,0x0000000221700000) (1024K)]
  0x0000012eced6f0d0 JavaThread "Worker-1713: Initialize workspace"        [_thread_blocked, id=20192, stack(0x0000000221400000,0x0000000221500000) (1024K)]
  0x0000012eced66070 JavaThread "Timer-256"                         [_thread_blocked, id=39884, stack(0x0000000221b00000,0x0000000221c00000) (1024K)]
  0x0000012ed64f97b0 JavaThread "Worker-1725: Initialize workspace"        [_thread_blocked, id=2848, stack(0x0000000221a00000,0x0000000221b00000) (1024K)]
  0x0000012ed507fb20 JavaThread "Timer-257"                         [_thread_blocked, id=21380, stack(0x0000000221f00000,0x0000000222000000) (1024K)]
  0x0000012eca651440 JavaThread "Worker-1732: Initialize workspace"        [_thread_blocked, id=12752, stack(0x0000000222300000,0x0000000222400000) (1024K)]
  0x0000012eced4d020 JavaThread "Timer-258"                         [_thread_blocked, id=25860, stack(0x0000000222500000,0x0000000222600000) (1024K)]
  0x0000012ecae7e8b0 JavaThread "Worker-1744: Initialize workspace"        [_thread_blocked, id=22792, stack(0x0000000222400000,0x0000000222500000) (1024K)]
  0x0000012eced71830 JavaThread "Timer-259"                         [_thread_blocked, id=28104, stack(0x0000000222a00000,0x0000000222b00000) (1024K)]
  0x0000012ed64fd2c0 JavaThread "Worker-1754: Initialize workspace"        [_thread_blocked, id=13436, stack(0x0000000222800000,0x0000000222900000) (1024K)]
  0x0000012ed13f8a40 JavaThread "Timer-260"                         [_thread_blocked, id=35896, stack(0x0000000222e00000,0x0000000222f00000) (1024K)]
  0x0000012eff827fc0 JavaThread "Worker-1767: Initialize workspace"        [_thread_blocked, id=32208, stack(0x0000000222d00000,0x0000000222e00000) (1024K)]
  0x0000012ed5075da0 JavaThread "Timer-261"                         [_thread_blocked, id=19032, stack(0x0000000223200000,0x0000000223300000) (1024K)]
  0x0000012eca655c70 JavaThread "Timer-262"                         [_thread_blocked, id=26792, stack(0x0000000223900000,0x0000000223a00000) (1024K)]
  0x0000012ecd4cc210 JavaThread "Worker-1787: Initialize workspace"        [_thread_blocked, id=1836, stack(0x0000000223000000,0x0000000223100000) (1024K)]
  0x0000012ecd4cbb80 JavaThread "Timer-263"                         [_thread_blocked, id=40160, stack(0x0000000223d00000,0x0000000223e00000) (1024K)]
  0x0000012ecd4d0a40 JavaThread "Timer-264"                         [_thread_blocked, id=36536, stack(0x0000000224200000,0x0000000224300000) (1024K)]
  0x0000012ecd4d2480 JavaThread "Worker-1802: Initialize workspace"        [_thread_blocked, id=30180, stack(0x0000000224400000,0x0000000224500000) (1024K)]
  0x0000012ecd4d3830 JavaThread "Timer-265"                         [_thread_blocked, id=31148, stack(0x0000000224800000,0x0000000224900000) (1024K)]
  0x0000012ecd4cfd20 JavaThread "Worker-1815: Initialize workspace"        [_thread_blocked, id=40144, stack(0x0000000224600000,0x0000000224700000) (1024K)]
  0x0000012ecd4d5270 JavaThread "Timer-266"                         [_thread_blocked, id=40272, stack(0x0000000224f00000,0x0000000225000000) (1024K)]
  0x0000012ecd4cd5c0 JavaThread "Worker-1824: Initialize workspace"        [_thread_blocked, id=30904, stack(0x0000000224700000,0x0000000224800000) (1024K)]
  0x0000012ecd4d1760 JavaThread "Connection worker"                 [_thread_blocked, id=17668, stack(0x0000000224e00000,0x0000000224f00000) (1024K)]
  0x0000012ecd4d5900 JavaThread "pool-268-thread-1"                 [_thread_blocked, id=23428, stack(0x0000000225100000,0x0000000225200000) (1024K)]
  0x0000012ecd4d31a0 JavaThread "Timer-267"                         [_thread_blocked, id=5524, stack(0x0000000225300000,0x0000000225400000) (1024K)]
  0x0000012ecd4d1df0 JavaThread "Worker-1835: Initialize workspace"        [_thread_blocked, id=11252, stack(0x0000000225000000,0x0000000225100000) (1024K)]
  0x0000012ecd4da130 JavaThread "Timer-268"                         [_thread_blocked, id=30792, stack(0x0000000225a00000,0x0000000225b00000) (1024K)]
  0x0000012ecd4de960 JavaThread "Timer-269"                         [_thread_blocked, id=3620, stack(0x0000000226400000,0x0000000226500000) (1024K)]
  0x0000012ecd4e1de0 JavaThread "Timer-270"                         [_thread_blocked, id=10188, stack(0x0000000226800000,0x0000000226900000) (1024K)]
  0x0000012ecd4e2470 JavaThread "Worker-1867: Initialize workspace"        [_thread_blocked, id=21376, stack(0x0000000226700000,0x0000000226800000) (1024K)]
  0x0000012ecd4e0a30 JavaThread "Timer-271"                         [_thread_blocked, id=40868, stack(0x0000000226d00000,0x0000000226e00000) (1024K)]
  0x0000012ecd4e4540 JavaThread "Timer-272"                         [_thread_blocked, id=32392, stack(0x0000000227300000,0x0000000227400000) (1024K)]
  0x0000012ecd4e7330 JavaThread "Timer-273"                         [_thread_blocked, id=13780, stack(0x0000000227700000,0x0000000227800000) (1024K)]
  0x0000012ecd4e9400 JavaThread "Timer-274"                         [_thread_blocked, id=23688, stack(0x0000000227e00000,0x0000000227f00000) (1024K)]
  0x0000012ecd4ea7b0 JavaThread "Timer-275"                         [_thread_blocked, id=33512, stack(0x0000000228600000,0x0000000228700000) (1024K)]
  0x0000012ecd4efd00 JavaThread "Worker-1915: Initialize workspace"        [_thread_blocked, id=4092, stack(0x0000000228900000,0x0000000228a00000) (1024K)]
  0x0000012ecd4ecf10 JavaThread "Timer-276"                         [_thread_blocked, id=27080, stack(0x0000000228a00000,0x0000000228b00000) (1024K)]
  0x0000012ecd4ee2c0 JavaThread "Worker-1929: Initialize workspace"        [_thread_blocked, id=32144, stack(0x0000000209e00000,0x0000000209f00000) (1024K)]
  0x0000012ecd4ee950 JavaThread "Timer-277"                         [_thread_blocked, id=19788, stack(0x0000000228f00000,0x0000000229000000) (1024K)]
  0x0000012ecd4edc30 JavaThread "Worker-1939: Initialize workspace"        [_thread_blocked, id=5872, stack(0x0000000228c00000,0x0000000228d00000) (1024K)]
  0x0000012ecd4f1dd0 JavaThread "Timer-278"                         [_thread_blocked, id=2696, stack(0x0000000229a00000,0x0000000229b00000) (1024K)]
  0x0000012ecd4f5250 JavaThread "Worker-1956: Initialize workspace"        [_thread_blocked, id=4548, stack(0x0000000229800000,0x0000000229900000) (1024K)]
  0x0000012ecd4f7320 JavaThread "Connection worker"                 [_thread_blocked, id=36972, stack(0x000000022a300000,0x000000022a400000) (1024K)]
  0x0000012ecd4f9a80 JavaThread "Timer-279"                         [_thread_blocked, id=11248, stack(0x0000000208300000,0x0000000208400000) (1024K)]
  0x0000012ecd4f93f0 JavaThread "Worker-1962: Initialize workspace"        [_thread_blocked, id=28684, stack(0x000000022a100000,0x000000022a200000) (1024K)]
  0x0000012ecd4fefd0 JavaThread "Timer-280"                         [_thread_blocked, id=35360, stack(0x000000022a900000,0x000000022aa00000) (1024K)]
  0x0000012ecd500380 JavaThread "Timer-281"                         [_thread_blocked, id=24416, stack(0x000000022aa00000,0x000000022ab00000) (1024K)]
  0x0000012ecd4ffcf0 JavaThread "Timer-282"                         [_thread_blocked, id=14728, stack(0x000000022af00000,0x000000022b000000) (1024K)]
  0x0000012ecd502ae0 JavaThread "Worker-1995: Initialize workspace"        [_thread_blocked, id=38868, stack(0x000000022a700000,0x000000022a800000) (1024K)]
  0x0000012ecd4df680 JavaThread "Timer-283"                         [_thread_blocked, id=10836, stack(0x0000000226900000,0x0000000226a00000) (1024K)]
  0x0000012ecd5058d0 JavaThread "Timer-284"                         [_thread_blocked, id=13076, stack(0x000000022b600000,0x000000022b700000) (1024K)]
  0x0000012ecd505f60 JavaThread "Timer-285"                         [_thread_blocked, id=10332, stack(0x000000022b700000,0x000000022b800000) (1024K)]
  0x0000012ecd501dc0 JavaThread "Worker-2024: Initialize workspace"        [_thread_blocked, id=24604, stack(0x0000000229400000,0x0000000229500000) (1024K)]
  0x0000012ecd5065f0 JavaThread "Timer-286"                         [_thread_blocked, id=10412, stack(0x000000022ba00000,0x000000022bb00000) (1024K)]
  0x0000012ecd509a70 JavaThread "Worker-2034: Initialize workspace"        [_thread_blocked, id=30968, stack(0x0000000214d00000,0x0000000214e00000) (1024K)]
  0x0000012ecc2d6180 JavaThread "Timer-287"                         [_thread_blocked, id=24872, stack(0x000000022c200000,0x000000022c300000) (1024K)]
  0x0000012ecc2d40b0 JavaThread "Worker-2044: Initialize workspace"        [_thread_blocked, id=24628, stack(0x000000022be00000,0x000000022bf00000) (1024K)]
  0x0000012ecc2e5450 JavaThread "Timer-288"                         [_thread_blocked, id=25336, stack(0x000000022c400000,0x000000022c500000) (1024K)]
  0x0000012ecc2e0590 JavaThread "Worker-2055: Initialize workspace"        [_thread_blocked, id=20560, stack(0x000000022c100000,0x000000022c200000) (1024K)]
  0x0000012ecc2eeb40 JavaThread "Timer-289"                         [_thread_blocked, id=26616, stack(0x000000022c700000,0x000000022c800000) (1024K)]
  0x0000012ed507ee00 JavaThread "Timer-290"                         [_thread_blocked, id=8460, stack(0x000000022ca00000,0x000000022cb00000) (1024K)]
  0x0000012ed508b2e0 JavaThread "Timer-291"                         [_thread_blocked, id=37736, stack(0x0000000223f00000,0x0000000224000000) (1024K)]
  0x0000012ed13ebed0 JavaThread "Worker-2086: Initialize workspace"        [_thread_blocked, id=5580, stack(0x000000022ce00000,0x000000022cf00000) (1024K)]
  0x0000012ed13f2e60 JavaThread "Connection worker"                 [_thread_blocked, id=11988, stack(0x0000000213300000,0x0000000213400000) (1024K)]
  0x0000012ed13f3b80 JavaThread "Timer-292"                         [_thread_blocked, id=23264, stack(0x000000022d300000,0x000000022d400000) (1024K)]
  0x0000012ed13f2140 JavaThread "Connection worker"                 [_thread_blocked, id=34700, stack(0x000000022d400000,0x000000022d500000) (1024K)]
  0x0000012ed13f7d20 JavaThread "Worker-2094: Initialize workspace"        [_thread_blocked, id=30480, stack(0x000000022d500000,0x000000022d600000) (1024K)]
  0x0000012ecd180a50 JavaThread "Timer-293"                         [_thread_blocked, id=24884, stack(0x000000022dd00000,0x000000022de00000) (1024K)]
  0x0000012ecc7bdb60 JavaThread "Timer-294"                         [_thread_blocked, id=36936, stack(0x000000022e400000,0x000000022e500000) (1024K)]
  0x0000012ecae7c150 JavaThread "Worker-2119: Initialize workspace"        [_thread_blocked, id=33112, stack(0x000000022ac00000,0x000000022ad00000) (1024K)]
  0x0000012ecd4ce2e0 JavaThread "Timer-295"                         [_thread_blocked, id=5844, stack(0x000000022f600000,0x000000022f700000) (1024K)]
  0x0000012ece9ea910 JavaThread "Worker-2124: Initialize workspace"        [_thread_blocked, id=17724, stack(0x000000022f700000,0x000000022f800000) (1024K)]
  0x0000012ed6505600 JavaThread "Timer-296"                         [_thread_blocked, id=21536, stack(0x000000022fc00000,0x000000022fd00000) (1024K)]
  0x0000012ecd4f2af0 JavaThread "Worker-2138: Initialize workspace"        [_thread_blocked, id=10236, stack(0x0000000229b00000,0x0000000229c00000) (1024K)]
  0x0000012ec1b0b560 JavaThread "Timer-297"                         [_thread_blocked, id=1756, stack(0x0000000230300000,0x0000000230400000) (1024K)]
  0x0000012ed3b61270 JavaThread "Worker-2150: Initialize workspace"        [_thread_blocked, id=34576, stack(0x0000000230200000,0x0000000230300000) (1024K)]
  0x0000012eca650090 JavaThread "Worker-2155: Initialize workspace"        [_thread_blocked, id=7856, stack(0x0000000212b00000,0x0000000212c00000) (1024K)]
  0x0000012eca65ecd0 JavaThread "Timer-298"                         [_thread_blocked, id=39724, stack(0x0000000230400000,0x0000000230500000) (1024K)]
  0x0000012ecc2ee4b0 JavaThread "Connection worker"                 [_thread_blocked, id=39168, stack(0x0000000217a00000,0x0000000217b00000) (1024K)]
  0x0000012ecc7b99c0 JavaThread "Timer-299"                         [_thread_blocked, id=40712, stack(0x0000000230c00000,0x0000000230d00000) (1024K)]
  0x0000012ece9ef7d0 JavaThread "Timer-300"                         [_thread_blocked, id=17912, stack(0x0000000231800000,0x0000000231900000) (1024K)]
  0x0000012ecd0f8250 JavaThread "Worker-2182: Initialize workspace"        [_thread_blocked, id=25000, stack(0x0000000231f00000,0x0000000232000000) (1024K)]
  0x0000012ecd4f86d0 JavaThread "Timer-301"                         [_thread_blocked, id=33776, stack(0x0000000232500000,0x0000000232600000) (1024K)]
  0x0000012ecd178710 JavaThread "Worker-2194: Initialize workspace"        [_thread_blocked, id=6000, stack(0x000000022d100000,0x000000022d200000) (1024K)]
  0x0000012eced6a210 JavaThread "Timer-302"                         [_thread_blocked, id=19236, stack(0x000000022a200000,0x000000022a300000) (1024K)]
  0x0000012eced71ec0 JavaThread "Worker-2200: Initialize workspace"        [_thread_blocked, id=27728, stack(0x0000000232700000,0x0000000232800000) (1024K)]
  0x0000012ecd4f58e0 JavaThread "Connection worker"                 [_thread_blocked, id=40344, stack(0x0000000232400000,0x0000000232500000) (1024K)]
  0x0000012ecd4f3ea0 JavaThread "pool-304-thread-1"                 [_thread_blocked, id=35124, stack(0x000000022a000000,0x000000022a100000) (1024K)]
  0x0000012ecd4f5f70 JavaThread "Timer-303"                         [_thread_blocked, id=7972, stack(0x0000000208200000,0x0000000208300000) (1024K)]
  0x0000012efc9f7da0 JavaThread "Worker-2216: Initialize workspace"        [_thread_blocked, id=40948, stack(0x0000000217900000,0x0000000217a00000) (1024K)]
  0x0000012eca659e10 JavaThread "Timer-304"                         [_thread_blocked, id=30824, stack(0x0000000232e00000,0x0000000232f00000) (1024K)]
  0x0000012ec1b06d30 JavaThread "Worker-2230: Initialize workspace"        [_thread_blocked, id=14432, stack(0x0000000233400000,0x0000000233500000) (1024K)]
  0x0000012ecd1e0990 JavaThread "Timer-305"                         [_thread_blocked, id=35464, stack(0x0000000233f00000,0x0000000234000000) (1024K)]
  0x0000012ed604d350 JavaThread "Worker-2238: Initialize workspace"        [_thread_blocked, id=28676, stack(0x000000021dc00000,0x000000021dd00000) (1024K)]
  0x0000012ed604e700 JavaThread "Timer-306"                         [_thread_blocked, id=30064, stack(0x0000000234800000,0x0000000234900000) (1024K)]
  0x0000012ed604e070 JavaThread "Worker-2248: Initialize workspace"        [_thread_blocked, id=12140, stack(0x0000000234700000,0x0000000234800000) (1024K)]
  0x0000012ed6052210 JavaThread "Timer-307"                         [_thread_blocked, id=35956, stack(0x0000000235800000,0x0000000235900000) (1024K)]
  0x0000012ed6055d20 JavaThread "Worker-2260: Initialize workspace"        [_thread_blocked, id=19852, stack(0x0000000235a00000,0x0000000235b00000) (1024K)]
  0x0000012ed6055690 JavaThread "Connection worker"                 [_thread_blocked, id=38580, stack(0x0000000236200000,0x0000000236300000) (1024K)]
  0x0000012ed605b270 JavaThread "Timer-308"                         [_thread_blocked, id=9776, stack(0x0000000236300000,0x0000000236400000) (1024K)]
  0x0000012ed6059830 JavaThread "Connection worker"                 [_thread_blocked, id=24728, stack(0x0000000236400000,0x0000000236500000) (1024K)]
  0x0000012ed605a550 JavaThread "Connection worker"                 [_thread_blocked, id=36380, stack(0x0000000236100000,0x0000000236200000) (1024K)]
  0x0000012ed6058b10 JavaThread "pool-310-thread-1"                 [_thread_blocked, id=15652, stack(0x0000000236900000,0x0000000236a00000) (1024K)]
  0x0000012ed605d340 JavaThread "Timer-309"                         [_thread_blocked, id=8816, stack(0x0000000236a00000,0x0000000236b00000) (1024K)]
  0x0000012ed605e6f0 JavaThread "Worker-2284: Initialize workspace"        [_thread_blocked, id=39028, stack(0x000000022e500000,0x000000022e600000) (1024K)]
  0x0000012ed6065d10 JavaThread "Timer-310"                         [_thread_blocked, id=26568, stack(0x0000000237300000,0x0000000237400000) (1024K)]
  0x0000012ed6064ff0 JavaThread "Connection worker"                 [_thread_blocked, id=31308, stack(0x0000000237b00000,0x0000000237c00000) (1024K)]
  0x0000012ed606c610 JavaThread "pool-312-thread-1"                 [_thread_blocked, id=21508, stack(0x0000000238300000,0x0000000238400000) (1024K)]
  0x0000012ed606bf80 JavaThread "Timer-311"                         [_thread_blocked, id=38356, stack(0x0000000238800000,0x0000000238900000) (1024K)]
  0x0000012ed606e050 JavaThread "Worker-2309: Initialize workspace"        [_thread_blocked, id=23212, stack(0x0000000238100000,0x0000000238200000) (1024K)]
  0x0000012ed6072880 JavaThread "Timer-312"                         [_thread_blocked, id=41060, stack(0x0000000231500000,0x0000000231600000) (1024K)]
  0x0000012ed6076390 JavaThread "Worker-2324: Initialize workspace"        [_thread_blocked, id=41628, stack(0x0000000231e00000,0x0000000231f00000) (1024K)]
  0x0000012ed607abc0 JavaThread "Timer-313"                         [_thread_blocked, id=29376, stack(0x0000000239600000,0x0000000239700000) (1024K)]
  0x0000012ed6079180 JavaThread "Worker-2333: Initialize workspace"        [_thread_blocked, id=41748, stack(0x0000000232900000,0x0000000232a00000) (1024K)]
  0x0000012ed6079810 JavaThread "Connection worker"                 [_thread_blocked, id=39164, stack(0x000000022f200000,0x000000022f300000) (1024K)]
  0x0000012ed607b250 JavaThread "pool-315-thread-1"                 [_thread_blocked, id=28908, stack(0x000000022a800000,0x000000022a900000) (1024K)]
  0x0000012ed607a530 JavaThread "Timer-314"                         [_thread_blocked, id=40252, stack(0x0000000233000000,0x0000000233100000) (1024K)]
  0x0000012ed607c600 JavaThread "Timer-315"                         [_thread_blocked, id=25364, stack(0x0000000224d00000,0x0000000224e00000) (1024K)]
  0x0000012ed6078af0 JavaThread "Worker-2355: Initialize workspace"        [_thread_blocked, id=10520, stack(0x0000000221500000,0x0000000221600000) (1024K)]
  0x0000012ed604a560 JavaThread "Timer-316"                         [_thread_blocked, id=20256, stack(0x0000000233d00000,0x0000000233e00000) (1024K)]
  0x0000012ed6053c50 JavaThread "Worker-2371: Initialize workspace"        [_thread_blocked, id=27528, stack(0x0000000233c00000,0x0000000233d00000) (1024K)]
  0x0000012ed6055000 JavaThread "Timer-317"                         [_thread_blocked, id=26168, stack(0x000000020a600000,0x000000020a700000) (1024K)]
  0x0000012ed60514f0 JavaThread "Worker-2384: Initialize workspace"        [_thread_blocked, id=32520, stack(0x0000000234400000,0x0000000234500000) (1024K)]
  0x0000012ed607bf70 JavaThread "Timer-318"                         [_thread_blocked, id=39436, stack(0x0000000235200000,0x0000000235300000) (1024K)]
  0x0000012ed605abe0 JavaThread "Worker-2398: Initialize workspace"        [_thread_blocked, id=40288, stack(0x0000000235500000,0x0000000235600000) (1024K)]
  0x0000012ed605ccb0 JavaThread "Timer-319"                         [_thread_blocked, id=17948, stack(0x0000000234d00000,0x0000000234e00000) (1024K)]
  0x0000012ed60642d0 JavaThread "Worker-2408: Initialize workspace"        [_thread_blocked, id=29372, stack(0x0000000235d00000,0x0000000235e00000) (1024K)]
  0x0000012ed606abd0 JavaThread "Timer-320"                         [_thread_blocked, id=12944, stack(0x0000000236f00000,0x0000000237000000) (1024K)]
  0x0000012ed6067750 JavaThread "Worker-2421: Initialize workspace"        [_thread_blocked, id=30368, stack(0x0000000236e00000,0x0000000236f00000) (1024K)]
  0x0000012ed606f400 JavaThread "Timer-321"                         [_thread_blocked, id=1584, stack(0x0000000237000000,0x0000000237100000) (1024K)]
  0x0000012ed606ed70 JavaThread "Timer-322"                         [_thread_blocked, id=35732, stack(0x0000000237600000,0x0000000237700000) (1024K)]
  0x0000012ed607f3f0 JavaThread "Timer-323"                         [_thread_blocked, id=8860, stack(0x0000000237700000,0x0000000237800000) (1024K)]
  0x0000012ed60721f0 JavaThread "Worker-2452: Initialize workspace"        [_thread_blocked, id=21708, stack(0x0000000231a00000,0x0000000231b00000) (1024K)]
  0x0000012ed6075d00 JavaThread "Timer-324"                         [_thread_blocked, id=26940, stack(0x0000000237500000,0x0000000237600000) (1024K)]
  0x0000012ed6077740 JavaThread "Worker-2464: Initialize workspace"        [_thread_blocked, id=17884, stack(0x0000000231700000,0x0000000231800000) (1024K)]
  0x0000012ed607fa80 JavaThread "Timer-325"                         [_thread_blocked, id=12900, stack(0x0000000231600000,0x0000000231700000) (1024K)]
  0x0000012ed6075670 JavaThread "Worker-2472: Initialize workspace"        [_thread_blocked, id=15800, stack(0x000000022cf00000,0x000000022d000000) (1024K)]
  0x0000012ed6073c30 JavaThread "Timer-326"                         [_thread_blocked, id=7960, stack(0x0000000229300000,0x0000000229400000) (1024K)]
  0x0000012ed6060130 JavaThread "Worker-2482: Initialize workspace"        [_thread_blocked, id=40436, stack(0x0000000211c00000,0x0000000211d00000) (1024K)]
  0x0000012ed6083590 JavaThread "Timer-327"                         [_thread_blocked, id=13004, stack(0x0000000230d00000,0x0000000230e00000) (1024K)]
  0x0000012ed6059ec0 JavaThread "Timer-328"                         [_thread_blocked, id=4072, stack(0x0000000238400000,0x0000000238500000) (1024K)]
  0x0000012ed604b910 JavaThread "Worker-2504: Initialize workspace"        [_thread_blocked, id=20828, stack(0x0000000234100000,0x0000000234200000) (1024K)]
  0x0000012ed604fab0 JavaThread "Timer-329"                         [_thread_blocked, id=18880, stack(0x0000000234f00000,0x0000000235000000) (1024K)]
  0x0000012ed6085cf0 JavaThread "Timer-330"                         [_thread_blocked, id=19200, stack(0x0000000238f00000,0x0000000239000000) (1024K)]
  0x0000012ed60770b0 JavaThread "Timer-331"                         [_thread_blocked, id=8912, stack(0x0000000239200000,0x0000000239300000) (1024K)]
  0x0000012ed6086380 JavaThread "Worker-2540: Initialize workspace"        [_thread_blocked, id=29072, stack(0x0000000231400000,0x0000000231500000) (1024K)]
  0x0000012ed6084fd0 JavaThread "Timer-332"                         [_thread_blocked, id=17916, stack(0x0000000233100000,0x0000000233200000) (1024K)]
  0x0000012ed6087dc0 JavaThread "Worker-2555: Initialize workspace"        [_thread_blocked, id=1856, stack(0x0000000233800000,0x0000000233900000) (1024K)]
  0x0000012ed606d330 JavaThread "Timer-333"                         [_thread_blocked, id=756, stack(0x0000000239400000,0x0000000239500000) (1024K)]
  0x0000012ed64ffa20 JavaThread "Timer-334"                         [_thread_blocked, id=35916, stack(0x0000000239800000,0x0000000239900000) (1024K)]
  0x0000012ed64f9e40 JavaThread "Worker-2572: Initialize workspace"        [_thread_blocked, id=25796, stack(0x000000022df00000,0x000000022e000000) (1024K)]
  0x0000012ecd4cf690 JavaThread "Timer-335"                         [_thread_blocked, id=19332, stack(0x0000000234300000,0x0000000234400000) (1024K)]
  0x0000012ecd4d6620 JavaThread "Worker-2582: Initialize workspace"        [_thread_blocked, id=10624, stack(0x0000000214b00000,0x0000000214c00000) (1024K)]
  0x0000012ecd4fbb50 JavaThread "Timer-336"                         [_thread_blocked, id=17336, stack(0x0000000239a00000,0x0000000239b00000) (1024K)]
  0x0000012ecd4f6c90 JavaThread "Worker-2591: Initialize workspace"        [_thread_blocked, id=23144, stack(0x0000000239900000,0x0000000239a00000) (1024K)]
  0x0000012ecc7b1680 JavaThread "Timer-337"                         [_thread_blocked, id=28764, stack(0x0000000239e00000,0x0000000239f00000) (1024K)]
  0x0000012ecc7b6bd0 JavaThread "Worker-2600: Initialize workspace"        [_thread_blocked, id=28036, stack(0x0000000233900000,0x0000000233a00000) (1024K)]
  0x0000012ecc7c3740 JavaThread "Timer-338"                         [_thread_blocked, id=41512, stack(0x000000023a000000,0x000000023a100000) (1024K)]
  0x0000012ed606b260 JavaThread "Timer-339"                         [_thread_blocked, id=41256, stack(0x000000023a400000,0x000000023a500000) (1024K)]
  0x0000012ed6089800 JavaThread "Worker-2627: Initialize workspace"        [_thread_blocked, id=29476, stack(0x0000000230b00000,0x0000000230c00000) (1024K)]
  0x0000012ecae7a710 JavaThread "Timer-340"                         [_thread_blocked, id=16080, stack(0x000000023a700000,0x000000023a800000) (1024K)]
  0x0000012ecae78640 JavaThread "Worker-2638: Initialize workspace"        [_thread_blocked, id=39056, stack(0x000000023a200000,0x000000023a300000) (1024K)]
  0x0000012ecae7d500 JavaThread "Timer-341"                         [_thread_blocked, id=34836, stack(0x000000023a900000,0x000000023aa00000) (1024K)]
  0x0000012ecd1831b0 JavaThread "Timer-342"                         [_thread_blocked, id=25292, stack(0x000000023af00000,0x000000023b000000) (1024K)]
  0x0000012ecd1dce80 JavaThread "Worker-2660: Initialize workspace"        [_thread_blocked, id=40908, stack(0x0000000231d00000,0x0000000231e00000) (1024K)]
  0x0000012ed60670c0 JavaThread "Timer-343"                         [_thread_blocked, id=7736, stack(0x000000023b200000,0x000000023b300000) (1024K)]
  0x0000012ed605bf90 JavaThread "Worker-2671: Initialize workspace"        [_thread_blocked, id=36964, stack(0x0000000236c00000,0x0000000236d00000) (1024K)]
  0x0000012eff9f0be0 JavaThread "Timer-344"                         [_thread_blocked, id=32180, stack(0x000000023b400000,0x000000023b500000) (1024K)]
  0x0000012effa0e460 JavaThread "Worker-2686: Initialize workspace"        [_thread_blocked, id=30956, stack(0x000000023b300000,0x000000023b400000) (1024K)]
  0x0000012ed508e0d0 JavaThread "Timer-345"                         [_thread_blocked, id=36364, stack(0x000000023b700000,0x000000023b800000) (1024K)]
  0x0000012ed507f490 JavaThread "Worker-2693: Initialize workspace"        [_thread_blocked, id=38860, stack(0x0000000236000000,0x0000000236100000) (1024K)]
  0x0000012ed60614e0 JavaThread "Timer-346"                         [_thread_blocked, id=40928, stack(0x000000023b800000,0x000000023b900000) (1024K)]
  0x0000012ed6063c40 JavaThread "Worker-2705: Initialize workspace"        [_thread_blocked, id=22160, stack(0x000000022fa00000,0x000000022fb00000) (1024K)]
  0x0000012ed6052f30 JavaThread "Timer-347"                         [_thread_blocked, id=9220, stack(0x000000023b900000,0x000000023ba00000) (1024K)]
  0x0000012ed6062890 JavaThread "Worker-2711: Initialize workspace"        [_thread_blocked, id=20488, stack(0x000000023ba00000,0x000000023bb00000) (1024K)]
  0x0000012ece9eeab0 JavaThread "Timer-348"                         [_thread_blocked, id=39288, stack(0x000000023bc00000,0x000000023bd00000) (1024K)]
  0x0000012ed13ecbf0 JavaThread "Worker-2724: Initialize workspace"        [_thread_blocked, id=35468, stack(0x0000000239100000,0x0000000239200000) (1024K)]
  0x0000012ecc2f3370 JavaThread "Timer-349"                         [_thread_blocked, id=23584, stack(0x000000023c000000,0x000000023c100000) (1024K)]
  0x0000012ecc2deb50 JavaThread "Worker-2731: Initialize workspace"        [_thread_blocked, id=41716, stack(0x000000023c200000,0x000000023c300000) (1024K)]
  0x0000012ecc2e1940 JavaThread "Connection worker"                 [_thread_blocked, id=39308, stack(0x000000023bf00000,0x000000023c000000) (1024K)]
  0x0000012ecc2dd110 JavaThread "pool-351-thread-1"                 [_thread_blocked, id=28392, stack(0x000000023be00000,0x000000023bf00000) (1024K)]
  0x0000012eced56080 JavaThread "Timer-350"                         [_thread_blocked, id=39796, stack(0x000000023c400000,0x000000023c500000) (1024K)]
  0x0000012ecd185fa0 JavaThread "Timer-351"                         [_thread_blocked, id=19188, stack(0x000000023c700000,0x000000023c800000) (1024K)]
  0x0000012efd471580 JavaThread "Worker-2755: Initialize workspace"        [_thread_blocked, id=31496, stack(0x0000000227100000,0x0000000227200000) (1024K)]
  0x0000012ecc7bba90 JavaThread "Timer-352"                         [_thread_blocked, id=34780, stack(0x000000023c800000,0x000000023c900000) (1024K)]
  0x0000012ecc7bf5a0 JavaThread "Worker-2762: Initialize workspace"        [_thread_blocked, id=39296, stack(0x000000023ca00000,0x000000023cb00000) (1024K)]
  0x0000012ecc7c5180 JavaThread "Connection worker"                 [_thread_blocked, id=40940, stack(0x000000023c500000,0x000000023c600000) (1024K)]
  0x0000012ecc7b7f80 JavaThread "pool-354-thread-1"                 [_thread_blocked, id=25808, stack(0x0000000234c00000,0x0000000234d00000) (1024K)]
  0x0000012ed605faa0 JavaThread "Timer-353"                         [_thread_blocked, id=35812, stack(0x000000023cb00000,0x000000023cc00000) (1024K)]
  0x0000012ed605e060 JavaThread "Connection worker"                 [_thread_blocked, id=29152, stack(0x000000023cc00000,0x000000023cd00000) (1024K)]
  0x0000012ed6051b80 JavaThread "pool-355-thread-1"                 [_thread_blocked, id=34704, stack(0x0000000236600000,0x0000000236700000) (1024K)]
  0x0000012ecd4e3190 JavaThread "Timer-354"                         [_thread_blocked, id=27220, stack(0x000000023cf00000,0x000000023d000000) (1024K)]
  0x0000012eced360a0 JavaThread "Worker-2784: Initialize workspace"        [_thread_blocked, id=36136, stack(0x0000000218400000,0x0000000218500000) (1024K)]
  0x0000012ed13f62e0 JavaThread "Timer-355"                         [_thread_blocked, id=33024, stack(0x000000023d100000,0x000000023d200000) (1024K)]
  0x0000012ed6065680 JavaThread "Worker-2796: Initialize workspace"        [_thread_blocked, id=30096, stack(0x000000022f800000,0x000000022f900000) (1024K)]
  0x0000012ed6056a40 JavaThread "Connection worker"                 [_thread_blocked, id=5592, stack(0x0000000235900000,0x0000000235a00000) (1024K)]
  0x0000012ed6068470 JavaThread "pool-357-thread-1"                 [_thread_blocked, id=34608, stack(0x000000023ce00000,0x000000023cf00000) (1024K)]
  0x0000012eced73900 JavaThread "Timer-356"                         [_thread_blocked, id=29484, stack(0x000000023d400000,0x000000023d500000) (1024K)]
  0x0000012eff236b70 JavaThread "Worker-2807: Initialize workspace"        [_thread_blocked, id=22884, stack(0x000000023d200000,0x000000023d300000) (1024K)]
  0x0000012ece9ea280 JavaThread "Connection worker"                 [_thread_blocked, id=25568, stack(0x000000022f300000,0x000000022f400000) (1024K)]
  0x0000012ece9ed070 JavaThread "pool-358-thread-1"                 [_thread_blocked, id=2864, stack(0x000000023d300000,0x000000023d400000) (1024K)]
  0x0000012ecae7c7e0 JavaThread "Timer-357"                         [_thread_blocked, id=37076, stack(0x000000023d700000,0x000000023d800000) (1024K)]
  0x0000012ecd1df5e0 JavaThread "Worker-2817: Initialize workspace"        [_thread_blocked, id=29896, stack(0x000000023d500000,0x000000023d600000) (1024K)]
  0x0000012ecd0f05a0 JavaThread "Connection worker"                 [_thread_blocked, id=41616, stack(0x000000023d800000,0x000000023d900000) (1024K)]
  0x0000012ecd0e7bd0 JavaThread "pool-359-thread-1"                 [_thread_blocked, id=41528, stack(0x000000023d600000,0x000000023d700000) (1024K)]
  0x0000012ecd0f9c90 JavaThread "Timer-358"                         [_thread_blocked, id=3272, stack(0x000000023db00000,0x000000023dc00000) (1024K)]
  0x0000012ecd0d0c50 JavaThread "Worker-2827: Initialize workspace"        [_thread_blocked, id=6016, stack(0x000000023d900000,0x000000023da00000) (1024K)]
  0x0000012ecd0fb040 JavaThread "Timer-359"                         [_thread_blocked, id=19576, stack(0x000000023de00000,0x000000023df00000) (1024K)]
  0x0000012ed607cc90 JavaThread "Connection worker"                 [_thread_blocked, id=40092, stack(0x000000023dd00000,0x000000023de00000) (1024K)]
  0x0000012ed6066a30 JavaThread "pool-361-thread-1"                 [_thread_blocked, id=30040, stack(0x000000023da00000,0x000000023db00000) (1024K)]
  0x0000012ecd0f7bc0 JavaThread "Timer-360"                         [_thread_blocked, id=38564, stack(0x000000023e100000,0x000000023e200000) (1024K)]
  0x0000012eca6555e0 JavaThread "Worker-2849: Initialize workspace"        [_thread_blocked, id=37264, stack(0x0000000230600000,0x0000000230700000) (1024K)]
  0x0000012ed5091be0 JavaThread "Timer-361"                         [_thread_blocked, id=3372, stack(0x000000023e400000,0x000000023e500000) (1024K)]
  0x0000012efd470ef0 JavaThread "Connection worker"                 [_thread_blocked, id=9544, stack(0x000000023e500000,0x000000023e600000) (1024K)]
  0x0000012efd46fb40 JavaThread "pool-363-thread-1"                 [_thread_blocked, id=31140, stack(0x000000023e200000,0x000000023e300000) (1024K)]
  0x0000012ec1b04c60 JavaThread "Timer-362"                         [_thread_blocked, id=35000, stack(0x0000000231000000,0x0000000231100000) (1024K)]
  0x0000012eff23b3a0 JavaThread "Worker-2869: Initialize workspace"        [_thread_blocked, id=3644, stack(0x000000023e600000,0x000000023e700000) (1024K)]
  0x0000012ecd4fa110 JavaThread "Timer-363"                         [_thread_blocked, id=25156, stack(0x000000023e800000,0x000000023e900000) (1024K)]
  0x0000012eced59b90 JavaThread "Worker-2882: Initialize workspace"        [_thread_blocked, id=20128, stack(0x000000022bc00000,0x000000022bd00000) (1024K)]
  0x0000012ecd1779f0 JavaThread "Timer-364"                         [_thread_blocked, id=35784, stack(0x000000023ec00000,0x000000023ed00000) (1024K)]
  0x0000012effa074d0 JavaThread "Worker-2889: Initialize workspace"        [_thread_blocked, id=7928, stack(0x000000023ef00000,0x000000023f000000) (1024K)]
  0x0000012ecd0f4dd0 JavaThread "Timer-365"                         [_thread_blocked, id=24592, stack(0x000000023f000000,0x000000023f100000) (1024K)]
  0x0000012ec177c500 JavaThread "Worker-2902: Initialize workspace"        [_thread_blocked, id=19048, stack(0x000000023ee00000,0x000000023ef00000) (1024K)]
  0x0000012efc9f9e70 JavaThread "Timer-366"                         [_thread_blocked, id=2340, stack(0x000000023f400000,0x000000023f500000) (1024K)]
  0x0000012eff829a00 JavaThread "Worker-2914: Initialize workspace"        [_thread_blocked, id=35304, stack(0x000000023f300000,0x000000023f400000) (1024K)]
  0x0000012ed606fa90 JavaThread "Timer-367"                         [_thread_blocked, id=31004, stack(0x0000000238c00000,0x0000000238d00000) (1024K)]
  0x0000012f02a43c20 JavaThread "Timer-368"                         [_thread_blocked, id=37168, stack(0x000000023fb00000,0x000000023fc00000) (1024K)]
  0x0000012f02a45660 JavaThread "Worker-2932: Initialize workspace"        [_thread_blocked, id=27772, stack(0x000000023fc00000,0x000000023fd00000) (1024K)]
  0x0000012f02a47dc0 JavaThread "Timer-369"                         [_thread_blocked, id=10540, stack(0x000000023ff00000,0x0000000240000000) (1024K)]
  0x0000012f02a470a0 JavaThread "Worker-2945: Initialize workspace"        [_thread_blocked, id=28512, stack(0x000000023fd00000,0x000000023fe00000) (1024K)]
  0x0000012f02a48450 JavaThread "Timer-370"                         [_thread_blocked, id=41432, stack(0x0000000240300000,0x0000000240400000) (1024K)]
  0x0000012f02a49170 JavaThread "Worker-2957: Initialize workspace"        [_thread_blocked, id=22740, stack(0x0000000240200000,0x0000000240300000) (1024K)]
  0x0000012f02a48ae0 JavaThread "Timer-371"                         [_thread_blocked, id=32236, stack(0x0000000240700000,0x0000000240800000) (1024K)]
  0x0000012f02a49e90 JavaThread "Worker-2969: Initialize workspace"        [_thread_blocked, id=30052, stack(0x0000000240100000,0x0000000240200000) (1024K)]
  0x0000012f02a4cc80 JavaThread "Timer-372"                         [_thread_blocked, id=27640, stack(0x0000000240a00000,0x0000000240b00000) (1024K)]
  0x0000012f02a4d310 JavaThread "Worker-2978: Initialize workspace"        [_thread_blocked, id=36760, stack(0x0000000240800000,0x0000000240900000) (1024K)]
  0x0000012f02a4abb0 JavaThread "Timer-373"                         [_thread_blocked, id=40760, stack(0x0000000240e00000,0x0000000240f00000) (1024K)]
  0x0000012f02a4a520 JavaThread "Worker-2988: Initialize workspace"        [_thread_blocked, id=31608, stack(0x0000000240c00000,0x0000000240d00000) (1024K)]
  0x0000012f02a0fab0 JavaThread "Timer-374"                         [_thread_blocked, id=17624, stack(0x0000000241100000,0x0000000241200000) (1024K)]
  0x0000012f02a10e60 JavaThread "Worker-3000: Initialize workspace"        [_thread_blocked, id=38816, stack(0x0000000241000000,0x0000000241100000) (1024K)]
  0x0000012f02a12210 JavaThread "Timer-375"                         [_thread_blocked, id=8220, stack(0x0000000241400000,0x0000000241500000) (1024K)]
  0x0000012f02a128a0 JavaThread "Worker-3013: Initialize workspace"        [_thread_blocked, id=39760, stack(0x0000000240f00000,0x0000000241000000) (1024K)]
  0x0000012f02a15000 JavaThread "Timer-376"                         [_thread_blocked, id=24780, stack(0x0000000241500000,0x0000000241600000) (1024K)]
  0x0000012f02a15d20 JavaThread "Worker-3018: Initialize workspace"        [_thread_blocked, id=29932, stack(0x0000000241700000,0x0000000241800000) (1024K)]
  0x0000012f02a13c50 JavaThread "Timer-377"                         [_thread_blocked, id=26232, stack(0x0000000241900000,0x0000000241a00000) (1024K)]
  0x0000012f02a142e0 JavaThread "Worker-3036: Initialize workspace"        [_thread_blocked, id=37512, stack(0x0000000230e00000,0x0000000230f00000) (1024K)]
  0x0000012f02a170d0 JavaThread "Timer-378"                         [_thread_blocked, id=38328, stack(0x0000000241b00000,0x0000000241c00000) (1024K)]
  0x0000012f02a17760 JavaThread "Worker-3040: Initialize workspace"        [_thread_blocked, id=36684, stack(0x0000000241c00000,0x0000000241d00000) (1024K)]
  0x0000012f02a12f30 JavaThread "Connection worker"                 [_thread_blocked, id=28164, stack(0x0000000241a00000,0x0000000241b00000) (1024K)]
  0x0000012f02a16a40 JavaThread "pool-380-thread-1"                 [_thread_blocked, id=23356, stack(0x0000000237f00000,0x0000000238000000) (1024K)]
  0x0000012f02a18480 JavaThread "Timer-379"                         [_thread_blocked, id=12512, stack(0x0000000241f00000,0x0000000242000000) (1024K)]
  0x0000012f02a1d340 JavaThread "Worker-3058: Initialize workspace"        [_thread_blocked, id=6724, stack(0x0000000243000000,0x0000000243100000) (1024K)]
  0x0000012f02a22f20 JavaThread "Timer-380"                         [_thread_blocked, id=28344, stack(0x0000000243300000,0x0000000243400000) (1024K)]
  0x0000012f02a20130 JavaThread "Worker-3065: Initialize workspace"        [_thread_blocked, id=17756, stack(0x0000000243100000,0x0000000243200000) (1024K)]
  0x0000012f02a24960 JavaThread "Timer-381"                         [_thread_blocked, id=33764, stack(0x0000000243700000,0x0000000243800000) (1024K)]
  0x0000012f02a25d10 JavaThread "Connection worker"                 [_thread_blocked, id=19160, stack(0x000000022b000000,0x000000022b100000) (1024K)]
  0x0000012f02a22890 JavaThread "Connection worker"                 [_thread_blocked, id=24648, stack(0x0000000243600000,0x0000000243700000) (1024K)]
  0x0000012f02a214e0 JavaThread "pool-383-thread-1"                 [_thread_blocked, id=32984, stack(0x0000000225500000,0x0000000225600000) (1024K)]
  0x0000012f02a29190 JavaThread "Timer-382"                         [_thread_blocked, id=38480, stack(0x0000000244200000,0x0000000244300000) (1024K)]
  0x0000012f02a2cca0 JavaThread "Timer-383"                         [_thread_blocked, id=28932, stack(0x0000000244800000,0x0000000244900000) (1024K)]
  0x0000012f02a2e6e0 JavaThread "Worker-3104: Initialize workspace"        [_thread_blocked, id=33184, stack(0x0000000244500000,0x0000000244600000) (1024K)]
  0x0000012f02a39810 JavaThread "Timer-384"                         [_thread_blocked, id=18640, stack(0x0000000246200000,0x0000000246300000) (1024K)]
  0x0000012f02a3abc0 JavaThread "Worker-3117: Initialize workspace"        [_thread_blocked, id=36028, stack(0x0000000246100000,0x0000000246200000) (1024K)]
  0x0000012f02a3b250 JavaThread "Connection worker"                 [_thread_blocked, id=14488, stack(0x0000000208400000,0x0000000208500000) (1024K)]
  0x0000012f02a38460 JavaThread "pool-386-thread-1"                 [_thread_blocked, id=36712, stack(0x0000000245d00000,0x0000000245e00000) (1024K)]
  0x0000012f02a41b50 JavaThread "Timer-385"                         [_thread_blocked, id=32956, stack(0x0000000247800000,0x0000000247900000) (1024K)]
  0x0000012f02a3f3f0 JavaThread "Worker-3128: Initialize workspace"        [_thread_blocked, id=40328, stack(0x0000000247300000,0x0000000247400000) (1024K)]
  0x0000012ecc7cc7a0 JavaThread "Timer-386"                         [_thread_blocked, id=38416, stack(0x0000000248100000,0x0000000248200000) (1024K)]
  0x0000012ecc7b7260 JavaThread "Worker-3139: Initialize workspace"        [_thread_blocked, id=32620, stack(0x0000000247f00000,0x0000000248000000) (1024K)]
  0x0000012ecd0ff1e0 JavaThread "Timer-387"                         [_thread_blocked, id=15120, stack(0x0000000249200000,0x0000000249300000) (1024K)]
  0x0000012efd46e100 JavaThread "Worker-3151: Initialize workspace"        [_thread_blocked, id=33664, stack(0x0000000249900000,0x0000000249a00000) (1024K)]
  0x0000012ecd07f670 JavaThread "Timer-388"                         [_thread_blocked, id=20820, stack(0x000000024a900000,0x000000024aa00000) (1024K)]
  0x0000012ecd07dc30 JavaThread "Worker-3160: Initialize workspace"        [_thread_blocked, id=5860, stack(0x000000024a500000,0x000000024a600000) (1024K)]
  0x0000012ecd084530 JavaThread "Connection worker"                 [_thread_blocked, id=30424, stack(0x0000000222900000,0x0000000222a00000) (1024K)]
  0x0000012ecd083810 JavaThread "Timer-389"                         [_thread_blocked, id=20880, stack(0x000000024b200000,0x000000024b300000) (1024K)]
  0x0000012ecd07efe0 JavaThread "Connection worker"                 [_thread_blocked, id=10592, stack(0x0000000210300000,0x0000000210400000) (1024K)]
  0x0000012ecd084bc0 JavaThread "Worker-3171: Initialize workspace"        [_thread_blocked, id=23596, stack(0x0000000210000000,0x0000000210100000) (1024K)]
  0x0000012ecd0893f0 JavaThread "Connection worker"                 [_thread_blocked, id=7596, stack(0x000000024b100000,0x000000024b200000) (1024K)]
  0x0000012ecd082460 JavaThread "pool-391-thread-1"                 [_thread_blocked, id=35900, stack(0x0000000222600000,0x0000000222700000) (1024K)]
  0x0000012ecd086600 JavaThread "Timer-390"                         [_thread_blocked, id=25976, stack(0x000000024c100000,0x000000024c200000) (1024K)]
  0x0000012ecd088040 JavaThread "Worker-3182: Initialize workspace"        [_thread_blocked, id=20496, stack(0x000000022d200000,0x000000022d300000) (1024K)]
  0x0000012ecd08e2b0 JavaThread "Timer-391"                         [_thread_blocked, id=38088, stack(0x000000024d100000,0x000000024d200000) (1024K)]
  0x0000012ecd093170 JavaThread "Connection worker"                 [_thread_blocked, id=17976, stack(0x0000000235400000,0x0000000235500000) (1024K)]
  0x0000012ecd091dc0 JavaThread "Worker-3198: Initialize workspace"        [_thread_blocked, id=17376, stack(0x0000000235f00000,0x0000000236000000) (1024K)]
  0x0000012ecd092450 JavaThread "Connection worker"                 [_thread_blocked, id=10488, stack(0x000000024cf00000,0x000000024d000000) (1024K)]
  0x0000012ecd086c90 JavaThread "pool-393-thread-1"                 [_thread_blocked, id=27496, stack(0x000000024bc00000,0x000000024bd00000) (1024K)]
  0x0000012ecd092ae0 JavaThread "Timer-392"                         [_thread_blocked, id=24256, stack(0x000000024d400000,0x000000024d500000) (1024K)]
  0x0000012ecd091730 JavaThread "Worker-3205: Initialize workspace"        [_thread_blocked, id=6648, stack(0x000000024d300000,0x000000024d400000) (1024K)]
  0x0000012ecd0965f0 JavaThread "Timer-393"                         [_thread_blocked, id=2984, stack(0x000000024d700000,0x000000024d800000) (1024K)]
  0x0000012ecd095f60 JavaThread "Worker-3215: Initialize workspace"        [_thread_blocked, id=34144, stack(0x000000024da00000,0x000000024db00000) (1024K)]
  0x0000012ecd096c80 JavaThread "Timer-394"                         [_thread_blocked, id=23196, stack(0x000000024d800000,0x000000024d900000) (1024K)]
  0x0000012ecd099a70 JavaThread "Worker-3225: Initialize workspace"        [_thread_blocked, id=27708, stack(0x0000000210b00000,0x0000000210c00000) (1024K)]
  0x0000012ecd09bb40 JavaThread "Timer-395"                         [_thread_blocked, id=12784, stack(0x0000000230500000,0x0000000230600000) (1024K)]
  0x0000012ecd09f650 JavaThread "Worker-3239: Initialize workspace"        [_thread_blocked, id=2388, stack(0x0000000224b00000,0x0000000224c00000) (1024K)]
  0x0000012ecd09c860 JavaThread "Timer-396"                         [_thread_blocked, id=35588, stack(0x0000000236800000,0x0000000236900000) (1024K)]
  0x0000012ecd0a0a00 JavaThread "Connection worker"                 [_thread_blocked, id=37436, stack(0x0000000242000000,0x0000000242100000) (1024K)]
  0x0000012ecd0a3160 JavaThread "Connection worker"                 [_thread_blocked, id=33932, stack(0x000000020f600000,0x000000020f700000) (1024K)]
  0x0000012ecd0a3e80 JavaThread "Worker-3254: Initialize workspace"        [_thread_blocked, id=20440, stack(0x0000000219700000,0x0000000219800000) (1024K)]
  0x0000012ecd0a8020 JavaThread "Connection worker"                 [_thread_blocked, id=12252, stack(0x0000000216200000,0x0000000216300000) (1024K)]
  0x0000012ecd0a86b0 JavaThread "Timer-397"                         [_thread_blocked, id=9628, stack(0x0000000216d00000,0x0000000216e00000) (1024K)]
  0x0000012ecd0ac850 JavaThread "Worker-3263: Initialize workspace"        [_thread_blocked, id=8752, stack(0x000000020f200000,0x000000020f300000) (1024K)]
  0x0000012ecd0adc00 JavaThread "Timer-398"                         [_thread_blocked, id=3924, stack(0x0000000218000000,0x0000000218100000) (1024K)]
  0x0000012ecd0afcd0 JavaThread "Connection worker"                 [_thread_blocked, id=41820, stack(0x0000000219b00000,0x0000000219c00000) (1024K)]
  0x0000012ecd0b0360 JavaThread "Connection worker"                 [_thread_blocked, id=41952, stack(0x0000000200000000,0x0000000200100000) (1024K)]
  0x0000012ecd0acee0 JavaThread "Connection worker"                 [_thread_blocked, id=20444, stack(0x0000000219f00000,0x000000021a000000) (1024K)]
  0x0000012ecd0ae290 JavaThread "Connection worker"                 [_thread_blocked, id=31468, stack(0x000000021a900000,0x000000021aa00000) (1024K)]
  0x0000012ecd0b1710 JavaThread "Connection worker"                 [_thread_blocked, id=3832, stack(0x000000021c300000,0x000000021c400000) (1024K)]
  0x0000012ecd0b37e0 JavaThread "pool-400-thread-1"                 [_thread_blocked, id=36752, stack(0x000000021ba00000,0x000000021bb00000) (1024K)]
  0x0000012ecd0b1da0 JavaThread "Connection worker"                 [_thread_blocked, id=38084, stack(0x000000021c400000,0x000000021c500000) (1024K)]
  0x0000012ecd0b2ac0 JavaThread "Worker-3279: Initialize workspace"        [_thread_blocked, id=37816, stack(0x000000021c600000,0x000000021c700000) (1024K)]
  0x0000012ecd0b5220 JavaThread "Timer-399"                         [_thread_blocked, id=36976, stack(0x0000000225b00000,0x0000000225c00000) (1024K)]
  0x0000012ecd0b3150 JavaThread "Connection worker"                 [_thread_blocked, id=20760, stack(0x0000000226100000,0x0000000226200000) (1024K)]
  0x0000012ecd0b4b90 JavaThread "Connection worker"                 [_thread_blocked, id=35156, stack(0x000000020d500000,0x000000020d600000) (1024K)]
  0x0000012ecd0b58b0 JavaThread "Worker-3285: Initialize workspace"        [_thread_blocked, id=17608, stack(0x0000000216800000,0x0000000216900000) (1024K)]
  0x0000012ecd095240 JavaThread "Timer-400"                         [_thread_blocked, id=13112, stack(0x0000000226e00000,0x0000000226f00000) (1024K)]
  0x0000012ecd0b8010 JavaThread "Worker-3301: Initialize workspace"        [_thread_blocked, id=3728, stack(0x0000000215b00000,0x0000000215c00000) (1024K)]
  0x0000012ecd081dd0 JavaThread "Timer-401"                         [_thread_blocked, id=26632, stack(0x0000000226f00000,0x0000000227000000) (1024K)]
  0x0000012ecd07e950 JavaThread "Worker-3310: Initialize workspace"        [_thread_blocked, id=40548, stack(0x0000000225200000,0x0000000225300000) (1024K)]
  0x0000012ecd0b6c60 JavaThread "Timer-402"                         [_thread_blocked, id=3640, stack(0x0000000227b00000,0x0000000227c00000) (1024K)]
  0x0000012ecd0879b0 JavaThread "Worker-3322: Initialize workspace"        [_thread_blocked, id=38064, stack(0x0000000227a00000,0x0000000227b00000) (1024K)]
  0x0000012ecd08b4c0 JavaThread "Timer-403"                         [_thread_blocked, id=27540, stack(0x0000000228100000,0x0000000228200000) (1024K)]
  0x0000012ecd08d590 JavaThread "Worker-3331: Initialize workspace"        [_thread_blocked, id=30244, stack(0x0000000227d00000,0x0000000227e00000) (1024K)]
  0x0000012ecd0bbb20 JavaThread "Timer-404"                         [_thread_blocked, id=28668, stack(0x0000000228700000,0x0000000228800000) (1024K)]
  0x0000012ecd08dc20 JavaThread "Worker-3341: Initialize workspace"        [_thread_blocked, id=8608, stack(0x0000000228400000,0x0000000228500000) (1024K)]
  0x0000012ecd08bb50 JavaThread "Timer-405"                         [_thread_blocked, id=31072, stack(0x000000022bb00000,0x000000022bc00000) (1024K)]
  0x0000012ecd0ba770 JavaThread "Worker-3353: Initialize workspace"        [_thread_blocked, id=19704, stack(0x000000022de00000,0x000000022df00000) (1024K)]
  0x0000012f02a29820 JavaThread "Timer-406"                         [_thread_blocked, id=31204, stack(0x000000022f100000,0x000000022f200000) (1024K)]
  0x0000012f02a2c610 JavaThread "Worker-3365: Initialize workspace"        [_thread_blocked, id=8028, stack(0x000000020cc00000,0x000000020cd00000) (1024K)]
  0x0000012f02a2e050 JavaThread "Timer-407"                         [_thread_blocked, id=23200, stack(0x0000000234a00000,0x0000000234b00000) (1024K)]
  0x0000012f02a2b260 JavaThread "Worker-3380: Initialize workspace"        [_thread_blocked, id=39920, stack(0x0000000237100000,0x0000000237200000) (1024K)]
  0x0000012f02a307b0 JavaThread "Timer-408"                         [_thread_blocked, id=20500, stack(0x0000000238500000,0x0000000238600000) (1024K)]
  0x0000012f02a2ed70 JavaThread "Worker-3389: Initialize workspace"        [_thread_blocked, id=40676, stack(0x0000000237900000,0x0000000237a00000) (1024K)]
  0x0000012f02a314d0 JavaThread "Timer-409"                         [_thread_blocked, id=9248, stack(0x0000000239700000,0x0000000239800000) (1024K)]
  0x0000012f02a37740 JavaThread "Worker-3404: Initialize workspace"        [_thread_blocked, id=9008, stack(0x0000000239000000,0x0000000239100000) (1024K)]
  0x0000012f02a36390 JavaThread "Timer-410"                         [_thread_blocked, id=388, stack(0x000000023b500000,0x000000023b600000) (1024K)]
  0x0000012f02a370b0 JavaThread "Worker-3413: Initialize workspace"        [_thread_blocked, id=18652, stack(0x000000023b100000,0x000000023b200000) (1024K)]
  0x0000012f02a3b8e0 JavaThread "Timer-411"                         [_thread_blocked, id=15084, stack(0x000000023df00000,0x000000023e000000) (1024K)]
  0x0000012f02a37dd0 JavaThread "Worker-3424: Initialize workspace"        [_thread_blocked, id=25076, stack(0x000000023d000000,0x000000023d100000) (1024K)]
  0x0000012f02a3e6d0 JavaThread "Timer-412"                         [_thread_blocked, id=21472, stack(0x000000023fa00000,0x000000023fb00000) (1024K)]
  0x0000012f02a3cc90 JavaThread "Worker-3438: Initialize workspace"        [_thread_blocked, id=40228, stack(0x0000000241e00000,0x0000000241f00000) (1024K)]
  0x0000012f02a1abe0 JavaThread "Timer-413"                         [_thread_blocked, id=41584, stack(0x0000000242400000,0x0000000242500000) (1024K)]
  0x0000012f02a17df0 JavaThread "Worker-3446: Initialize workspace"        [_thread_blocked, id=36704, stack(0x0000000242200000,0x0000000242300000) (1024K)]
  0x0000012f02a1bf90 JavaThread "Connection worker"                 [_thread_blocked, id=3000, stack(0x0000000242500000,0x0000000242600000) (1024K)]
  0x0000012f02a18b10 JavaThread "pool-415-thread-1"                 [_thread_blocked, id=21224, stack(0x0000000242600000,0x0000000242700000) (1024K)]
  0x0000012f02a1b270 JavaThread "Timer-414"                         [_thread_blocked, id=26320, stack(0x0000000242800000,0x0000000242900000) (1024K)]
  0x0000012f02a1c620 JavaThread "Worker-3455: Initialize workspace"        [_thread_blocked, id=29232, stack(0x0000000242700000,0x0000000242800000) (1024K)]
  0x0000012f02a1a550 JavaThread "Timer-415"                         [_thread_blocked, id=37960, stack(0x0000000242d00000,0x0000000242e00000) (1024K)]
  0x0000012f02a1b900 JavaThread "Worker-3464: Initialize workspace"        [_thread_blocked, id=8332, stack(0x0000000242a00000,0x0000000242b00000) (1024K)]
  0x0000012f02a19ec0 JavaThread "Connection worker"                 [_thread_blocked, id=26452, stack(0x000000021e000000,0x000000021e100000) (1024K)]
  0x0000012f02a1d9d0 JavaThread "Timer-416"                         [_thread_blocked, id=35820, stack(0x0000000243900000,0x0000000243a00000) (1024K)]
  0x0000012f02a207c0 JavaThread "Worker-3474: Initialize workspace"        [_thread_blocked, id=33116, stack(0x0000000242c00000,0x0000000242d00000) (1024K)]
  0x0000012f02a407a0 JavaThread "Timer-417"                         [_thread_blocked, id=12700, stack(0x0000000243c00000,0x0000000243d00000) (1024K)]
  0x0000012f02a3e040 JavaThread "Worker-3487: Initialize workspace"        [_thread_blocked, id=14556, stack(0x0000000242100000,0x0000000242200000) (1024K)]
  0x0000012f02a3fa80 JavaThread "Timer-418"                         [_thread_blocked, id=38824, stack(0x0000000244000000,0x0000000244100000) (1024K)]
  0x0000012f02a34fe0 JavaThread "Worker-3498: Initialize workspace"        [_thread_blocked, id=22208, stack(0x0000000243e00000,0x0000000243f00000) (1024K)]
  0x0000012f02a45cf0 JavaThread "Timer-419"                         [_thread_blocked, id=26928, stack(0x0000000244c00000,0x0000000244d00000) (1024K)]
  0x0000012f02a47730 JavaThread "Worker-3510: Initialize workspace"        [_thread_blocked, id=28992, stack(0x0000000244100000,0x0000000244200000) (1024K)]
  0x0000012f02a270c0 JavaThread "Timer-420"                         [_thread_blocked, id=41784, stack(0x0000000245400000,0x0000000245500000) (1024K)]
  0x0000012f02a27de0 JavaThread "Worker-3517: Initialize workspace"        [_thread_blocked, id=35456, stack(0x0000000245600000,0x0000000245700000) (1024K)]
  0x0000012f02a235b0 JavaThread "Connection worker"                 [_thread_blocked, id=32900, stack(0x0000000245300000,0x0000000245400000) (1024K)]
  0x0000012f02a26a30 JavaThread "pool-422-thread-1"                 [_thread_blocked, id=17848, stack(0x0000000244f00000,0x0000000245000000) (1024K)]
  0x0000012f02a32880 JavaThread "Timer-421"                         [_thread_blocked, id=39372, stack(0x0000000245800000,0x0000000245900000) (1024K)]
  0x0000012f02a35670 JavaThread "Worker-3532: Initialize workspace"        [_thread_blocked, id=20924, stack(0x0000000245500000,0x0000000245600000) (1024K)]
  0x0000012f02a28b00 JavaThread "Connection worker"                 [_thread_blocked, id=37228, stack(0x0000000245a00000,0x0000000245b00000) (1024K)]
  0x0000012f02a28470 JavaThread "pool-423-thread-1"                 [_thread_blocked, id=11104, stack(0x0000000245700000,0x0000000245800000) (1024K)]
  0x0000012ecd4e8d70 JavaThread "Timer-422"                         [_thread_blocked, id=27896, stack(0x0000000245f00000,0x0000000246000000) (1024K)]
  0x0000012ecd4e79c0 JavaThread "Worker-3546: Initialize workspace"        [_thread_blocked, id=23308, stack(0x0000000245c00000,0x0000000245d00000) (1024K)]
  0x0000012ecd4e86e0 JavaThread "Connection worker"                 [_thread_blocked, id=26516, stack(0x0000000246000000,0x0000000246100000) (1024K)]
  0x0000012ecd4e8050 JavaThread "pool-424-thread-1"                 [_thread_blocked, id=28940, stack(0x0000000245e00000,0x0000000245f00000) (1024K)]
  0x0000012ecd4e9a90 JavaThread "Timer-423"                         [_thread_blocked, id=33272, stack(0x0000000246500000,0x0000000246600000) (1024K)]
  0x0000012ecd4e58f0 JavaThread "Worker-3556: Initialize workspace"        [_thread_blocked, id=11212, stack(0x0000000246300000,0x0000000246400000) (1024K)]
  0x0000012ecd4e6610 JavaThread "Connection worker"                 [_thread_blocked, id=31740, stack(0x0000000246600000,0x0000000246700000) (1024K)]
  0x0000012ecd4e5f80 JavaThread "Connection worker"                 [_thread_blocked, id=26964, stack(0x000000022ea00000,0x000000022eb00000) (1024K)]
  0x0000012ecd4ea120 JavaThread "pool-425-thread-1"                 [_thread_blocked, id=7116, stack(0x0000000236d00000,0x0000000236e00000) (1024K)]
  0x0000012ecd4eb4d0 JavaThread "Timer-424"                         [_thread_blocked, id=7912, stack(0x0000000246800000,0x0000000246900000) (1024K)]
  0x0000012ecd4ec880 JavaThread "Worker-3569: Initialize workspace"        [_thread_blocked, id=35844, stack(0x0000000246400000,0x0000000246500000) (1024K)]
  0x0000012ecd50a100 JavaThread "Timer-425"                         [_thread_blocked, id=17076, stack(0x0000000246a00000,0x0000000246b00000) (1024K)]
  0x0000012ecd504bb0 JavaThread "Worker-3580: Initialize workspace"        [_thread_blocked, id=33528, stack(0x000000020f400000,0x000000020f500000) (1024K)]
  0x0000012ecd4d2b10 JavaThread "Connection worker"                 [_thread_blocked, id=36512, stack(0x000000020ef00000,0x000000020f000000) (1024K)]
  0x0000012ecd4db4e0 JavaThread "pool-427-thread-1"                 [_thread_blocked, id=17604, stack(0x0000000246c00000,0x0000000246d00000) (1024K)]
  0x0000012ecd4dbb70 JavaThread "Timer-426"                         [_thread_blocked, id=41440, stack(0x0000000246d00000,0x0000000246e00000) (1024K)]
  0x0000012ecd4d4550 JavaThread "Worker-3591: Initialize workspace"        [_thread_blocked, id=16176, stack(0x000000020e300000,0x000000020e400000) (1024K)]
  0x0000012ecd4dae50 JavaThread "Connection worker"                 [_thread_blocked, id=40852, stack(0x0000000246e00000,0x0000000246f00000) (1024K)]
  0x0000012ecd4d9410 JavaThread "pool-428-thread-1"                 [_thread_blocked, id=764, stack(0x0000000246900000,0x0000000246a00000) (1024K)]
  0x0000012ecd4ddc40 JavaThread "Timer-427"                         [_thread_blocked, id=18716, stack(0x0000000247400000,0x0000000247500000) (1024K)]
  0x0000012ecd4dc890 JavaThread "Worker-3603: Initialize workspace"        [_thread_blocked, id=41332, stack(0x0000000247000000,0x0000000247100000) (1024K)]
  0x0000012ecd4e2b00 JavaThread "Connection worker"                 [_thread_blocked, id=36388, stack(0x0000000247500000,0x0000000247600000) (1024K)]
  0x0000012ecd4ebb60 JavaThread "pool-429-thread-1"                 [_thread_blocked, id=20756, stack(0x0000000247600000,0x0000000247700000) (1024K)]
  0x0000012eced504a0 JavaThread "Timer-428"                         [_thread_blocked, id=41648, stack(0x0000000247900000,0x0000000247a00000) (1024K)]
  0x0000012eced511c0 JavaThread "Worker-3617: Initialize workspace"        [_thread_blocked, id=38344, stack(0x0000000247700000,0x0000000247800000) (1024K)]
  0x0000012eced50b30 JavaThread "Connection worker"                 [_thread_blocked, id=24756, stack(0x0000000247200000,0x0000000247300000) (1024K)]
  0x0000012eced4f780 JavaThread "pool-430-thread-1"                 [_thread_blocked, id=31492, stack(0x0000000243200000,0x0000000243300000) (1024K)]
  0x0000012eced58150 JavaThread "Timer-429"                         [_thread_blocked, id=40816, stack(0x0000000247e00000,0x0000000247f00000) (1024K)]
  0x0000012eced4fe10 JavaThread "Worker-3627: Initialize workspace"        [_thread_blocked, id=39948, stack(0x0000000247b00000,0x0000000247c00000) (1024K)]
  0x0000012eced67420 JavaThread "Connection worker"                 [_thread_blocked, id=35040, stack(0x0000000248200000,0x0000000248300000) (1024K)]
  0x0000012eced34cf0 JavaThread "pool-431-thread-1"                 [_thread_blocked, id=29784, stack(0x0000000247d00000,0x0000000247e00000) (1024K)]
  0x0000012eced39bb0 JavaThread "Timer-430"                         [_thread_blocked, id=41292, stack(0x0000000248c00000,0x0000000248d00000) (1024K)]
  0x0000012eced38800 JavaThread "Worker-3638: Initialize workspace"        [_thread_blocked, id=25532, stack(0x0000000248600000,0x0000000248700000) (1024K)]
  0x0000012eced38170 JavaThread "Connection worker"                 [_thread_blocked, id=30836, stack(0x0000000248f00000,0x0000000249000000) (1024K)]
  0x0000012eced3a240 JavaThread "pool-432-thread-1"                 [_thread_blocked, id=5156, stack(0x0000000248e00000,0x0000000248f00000) (1024K)]
  0x0000012eced404b0 JavaThread "Timer-431"                         [_thread_blocked, id=41576, stack(0x0000000248800000,0x0000000248900000) (1024K)]
  0x0000012eced3f790 JavaThread "Connection worker"                 [_thread_blocked, id=24848, stack(0x0000000249300000,0x0000000249400000) (1024K)]
  0x0000012eced45a00 JavaThread "Worker-3653: Initialize workspace"        [_thread_blocked, id=24388, stack(0x0000000249400000,0x0000000249500000) (1024K)]
  0x0000012eced3b5f0 JavaThread "pool-433-thread-1"                 [_thread_blocked, id=27784, stack(0x0000000249000000,0x0000000249100000) (1024K)]
  0x0000012eced4b5e0 JavaThread "Timer-432"                         [_thread_blocked, id=35952, stack(0x0000000249700000,0x0000000249800000) (1024K)]
  0x0000012ed6049840 JavaThread "Worker-3660: Initialize workspace"        [_thread_blocked, id=26152, stack(0x0000000249500000,0x0000000249600000) (1024K)]
  0x0000012ed6057df0 JavaThread "Connection worker"                 [_thread_blocked, id=10200, stack(0x000000020f100000,0x000000020f200000) (1024K)]
  0x0000012ed604ccc0 JavaThread "pool-434-thread-1"                 [_thread_blocked, id=39828, stack(0x000000020fa00000,0x000000020fb00000) (1024K)]
  0x0000012ed6062200 JavaThread "Timer-433"                         [_thread_blocked, id=9780, stack(0x0000000249f00000,0x000000024a000000) (1024K)]
  0x0000012ed6069eb0 JavaThread "Worker-3668: Initialize workspace"        [_thread_blocked, id=24464, stack(0x000000024a100000,0x000000024a200000) (1024K)]
  0x0000012ed60870a0 JavaThread "Timer-434"                         [_thread_blocked, id=41744, stack(0x000000024ad00000,0x000000024ae00000) (1024K)]
  0x0000012ed6082f00 JavaThread "Worker-3681: Initialize workspace"        [_thread_blocked, id=7784, stack(0x000000024b000000,0x000000024b100000) (1024K)]
  0x0000012ed60607c0 JavaThread "Connection worker"                 [_thread_blocked, id=36676, stack(0x000000024ab00000,0x000000024ac00000) (1024K)]
  0x0000012ed605f410 JavaThread "pool-436-thread-1"                 [_thread_blocked, id=21952, stack(0x000000023a600000,0x000000023a700000) (1024K)]
  0x0000012ed6088450 JavaThread "Timer-435"                         [_thread_blocked, id=32656, stack(0x000000024b400000,0x000000024b500000) (1024K)]
  0x0000012ecc2d7530 JavaThread "Worker-3694: Initialize workspace"        [_thread_blocked, id=16708, stack(0x000000024b300000,0x000000024b400000) (1024K)]
  0x0000012ecc2d6ea0 JavaThread "Connection worker"                 [_thread_blocked, id=12544, stack(0x000000024b500000,0x000000024b600000) (1024K)]
  0x0000012ecc2d8250 JavaThread "pool-437-thread-1"                 [_thread_blocked, id=5916, stack(0x000000024ac00000,0x000000024ad00000) (1024K)]
  0x0000012ecc2d88e0 JavaThread "Timer-436"                         [_thread_blocked, id=27444, stack(0x000000022c000000,0x000000022c100000) (1024K)]
  0x0000012ecc2dca80 JavaThread "Connection worker"                 [_thread_blocked, id=13228, stack(0x000000024b800000,0x000000024b900000) (1024K)]
  0x0000012ecc2d4dd0 JavaThread "Worker-3704: Initialize workspace"        [_thread_blocked, id=1900, stack(0x0000000243500000,0x0000000243600000) (1024K)]
  0x0000012ecc2d6810 JavaThread "Connection worker"                 [_thread_blocked, id=29160, stack(0x000000024b600000,0x000000024b700000) (1024K)]
  0x0000012ecc2df870 JavaThread "pool-438-thread-1"                 [_thread_blocked, id=20316, stack(0x000000024ba00000,0x000000024bb00000) (1024K)]
  0x0000012ecc2dff00 JavaThread "Timer-437"                         [_thread_blocked, id=28136, stack(0x000000024bb00000,0x000000024bc00000) (1024K)]
  0x0000012ecc2d5460 JavaThread "Worker-3713: Initialize workspace"        [_thread_blocked, id=19920, stack(0x000000024b700000,0x000000024b800000) (1024K)]
  0x0000012ecc2dde30 JavaThread "Connection worker"                 [_thread_blocked, id=24996, stack(0x000000024bd00000,0x000000024be00000) (1024K)]
  0x0000012ecc2e0c20 JavaThread "pool-439-thread-1"                 [_thread_blocked, id=2408, stack(0x000000024c000000,0x000000024c100000) (1024K)]
  0x0000012ecc2e8240 JavaThread "Timer-438"                         [_thread_blocked, id=14916, stack(0x000000024c300000,0x000000024c400000) (1024K)]
  0x0000012ecc2d9600 JavaThread "Worker-3725: Initialize workspace"        [_thread_blocked, id=36620, stack(0x000000024b900000,0x000000024ba00000) (1024K)]
  0x0000012ecc2e6170 JavaThread "Connection worker"                 [_thread_blocked, id=14312, stack(0x000000024c400000,0x000000024c500000) (1024K)]
  0x0000012ecc2e1fd0 JavaThread "pool-440-thread-1"                 [_thread_blocked, id=37716, stack(0x000000024c200000,0x000000024c300000) (1024K)]
  0x0000012ecc2eb6c0 JavaThread "Timer-439"                         [_thread_blocked, id=22880, stack(0x000000024c700000,0x000000024c800000) (1024K)]
  0x0000012ecc2ea310 JavaThread "Worker-3734: Initialize workspace"        [_thread_blocked, id=34624, stack(0x000000024c500000,0x000000024c600000) (1024K)]
  0x0000012ecc2f0580 JavaThread "Connection worker"                 [_thread_blocked, id=41788, stack(0x000000024c800000,0x000000024c900000) (1024K)]
  0x0000012ecc2f2ce0 JavaThread "pool-441-thread-1"                 [_thread_blocked, id=13400, stack(0x000000024c600000,0x000000024c700000) (1024K)]
  0x0000012ecc7b30c0 JavaThread "Timer-440"                         [_thread_blocked, id=22728, stack(0x000000024cb00000,0x000000024cc00000) (1024K)]
  0x0000012ecc7b5190 JavaThread "Worker-3745: Initialize workspace"        [_thread_blocked, id=19156, stack(0x000000024c900000,0x000000024ca00000) (1024K)]
  0x0000012ecc7b23a0 JavaThread "Connection worker"                 [_thread_blocked, id=30400, stack(0x000000024cc00000,0x000000024cd00000) (1024K)]
  0x0000012ecc7b5820 JavaThread "pool-442-thread-1"                 [_thread_blocked, id=31128, stack(0x000000024ca00000,0x000000024cb00000) (1024K)]
  0x0000012ecc7ba6e0 JavaThread "Timer-441"                         [_thread_blocked, id=38660, stack(0x000000024db00000,0x000000024dc00000) (1024K)]
  0x0000012ecc7b5eb0 JavaThread "Worker-3755: Initialize workspace"        [_thread_blocked, id=17580, stack(0x000000024ce00000,0x000000024cf00000) (1024K)]
  0x0000012ecc7bad70 JavaThread "Connection worker"                 [_thread_blocked, id=24072, stack(0x000000024dd00000,0x000000024de00000) (1024K)]
  0x0000012ecc7b2a30 JavaThread "pool-443-thread-1"                 [_thread_blocked, id=3296, stack(0x000000024d600000,0x000000024d700000) (1024K)]
  0x0000012ecc7bef10 JavaThread "Timer-442"                         [_thread_blocked, id=31716, stack(0x000000024e000000,0x000000024e100000) (1024K)]
  0x0000012ecc7b9330 JavaThread "Worker-3766: Initialize workspace"        [_thread_blocked, id=29228, stack(0x000000024de00000,0x000000024df00000) (1024K)]
  0x0000012ecc7bce40 JavaThread "Connection worker"                 [_thread_blocked, id=37336, stack(0x000000024e100000,0x000000024e200000) (1024K)]
  0x0000012ecc7c7f70 JavaThread "pool-444-thread-1"                 [_thread_blocked, id=26584, stack(0x000000024e300000,0x000000024e400000) (1024K)]
  0x0000012ecc7c9320 JavaThread "Timer-443"                         [_thread_blocked, id=17908, stack(0x000000024e400000,0x000000024e500000) (1024K)]
  0x0000012ecc7bfc30 JavaThread "Worker-3776: Initialize workspace"        [_thread_blocked, id=35904, stack(0x000000024df00000,0x000000024e000000) (1024K)]
  0x0000012ecc7cad60 JavaThread "Connection worker"                 [_thread_blocked, id=31196, stack(0x000000024e500000,0x000000024e600000) (1024K)]
  0x0000012ecc7ce1e0 JavaThread "pool-445-thread-1"                 [_thread_blocked, id=2600, stack(0x000000024e200000,0x000000024e300000) (1024K)]
  0x0000012ecc7cf590 JavaThread "Timer-444"                         [_thread_blocked, id=14308, stack(0x000000024e800000,0x000000024e900000) (1024K)]
  0x0000012eff9f2cb0 JavaThread "Worker-3790: Initialize workspace"        [_thread_blocked, id=13576, stack(0x000000024e600000,0x000000024e700000) (1024K)]
  0x0000012eff9fe470 JavaThread "Connection worker"                 [_thread_blocked, id=12328, stack(0x000000024e900000,0x000000024ea00000) (1024K)]
  0x0000012eff9faff0 JavaThread "pool-446-thread-1"                 [_thread_blocked, id=35828, stack(0x000000024e700000,0x000000024e800000) (1024K)]
  0x0000012effa02610 JavaThread "Timer-445"                         [_thread_blocked, id=3344, stack(0x000000024ec00000,0x000000024ed00000) (1024K)]
  0x0000012effa018f0 JavaThread "Connection worker"                 [_thread_blocked, id=36480, stack(0x000000024eb00000,0x000000024ec00000) (1024K)]
  0x0000012effa0f810 JavaThread "pool-447-thread-1"                 [_thread_blocked, id=38976, stack(0x000000024ef00000,0x000000024f000000) (1024K)]
  0x0000012effa0d0b0 JavaThread "Timer-446"                         [_thread_blocked, id=39980, stack(0x000000024f000000,0x000000024f100000) (1024K)]
  0x0000012effa0d740 JavaThread "Worker-3808: Initialize workspace"        [_thread_blocked, id=35756, stack(0x0000000247100000,0x0000000247200000) (1024K)]
  0x0000012ed50884f0 JavaThread "Timer-447"                         [_thread_blocked, id=40524, stack(0x000000024f200000,0x000000024f300000) (1024K)]
  0x0000012ed507d3c0 JavaThread "Worker-3819: Initialize workspace"        [_thread_blocked, id=23436, stack(0x0000000246f00000,0x0000000247000000) (1024K)]
  0x0000012ed5086ab0 JavaThread "Connection worker"                 [_thread_blocked, id=25084, stack(0x000000024f300000,0x000000024f400000) (1024K)]
  0x0000012ed50877d0 JavaThread "pool-449-thread-1"                 [_thread_blocked, id=13448, stack(0x000000024ee00000,0x000000024ef00000) (1024K)]
  0x0000012ed508edf0 JavaThread "Timer-448"                         [_thread_blocked, id=34196, stack(0x000000024f500000,0x000000024f600000) (1024K)]
  0x0000012ed5091550 JavaThread "Worker-3830: Initialize workspace"        [_thread_blocked, id=32488, stack(0x000000020fb00000,0x000000020fc00000) (1024K)]
  0x0000012f02a2abd0 JavaThread "Timer-449"                         [_thread_blocked, id=16916, stack(0x000000024f900000,0x000000024fa00000) (1024K)]
  0x0000012f02a42870 JavaThread "Worker-3841: Initialize workspace"        [_thread_blocked, id=41604, stack(0x000000024f600000,0x000000024f700000) (1024K)]
  0x0000012f02a23c40 JavaThread "Timer-450"                         [_thread_blocked, id=33748, stack(0x0000000244600000,0x0000000244700000) (1024K)]
  0x0000012f02a1e060 JavaThread "Worker-3853: Initialize workspace"        [_thread_blocked, id=40764, stack(0x000000024f800000,0x000000024f900000) (1024K)]
  0x0000012f02a2bf80 JavaThread "Timer-451"                         [_thread_blocked, id=37732, stack(0x0000000245100000,0x0000000245200000) (1024K)]
  0x0000012f02a30120 JavaThread "Worker-3862: Initialize workspace"        [_thread_blocked, id=19928, stack(0x000000024fc00000,0x000000024fd00000) (1024K)]
  0x0000012f02a25680 JavaThread "Connection worker"                 [_thread_blocked, id=38272, stack(0x000000024fd00000,0x000000024fe00000) (1024K)]
  0x0000012ed64f9120 JavaThread "pool-453-thread-1"                 [_thread_blocked, id=15892, stack(0x0000000250300000,0x0000000250400000) (1024K)]
  0x0000012ed64fe670 JavaThread "Timer-452"                         [_thread_blocked, id=33704, stack(0x0000000250400000,0x0000000250500000) (1024K)]
  0x0000012ed6502810 JavaThread "Worker-3877: Initialize workspace"        [_thread_blocked, id=9948, stack(0x0000000250500000,0x0000000250600000) (1024K)]
  0x0000012ed13ee630 JavaThread "Timer-453"                         [_thread_blocked, id=23732, stack(0x0000000248700000,0x0000000248800000) (1024K)]
  0x0000012ed13ed910 JavaThread "Worker-3885: Initialize workspace"        [_thread_blocked, id=12768, stack(0x0000000248500000,0x0000000248600000) (1024K)]
  0x0000012ed13ef9e0 JavaThread "Connection worker"                 [_thread_blocked, id=3696, stack(0x0000000250a00000,0x0000000250b00000) (1024K)]
  0x0000012ed13ed280 JavaThread "pool-455-thread-1"                 [_thread_blocked, id=41104, stack(0x0000000250700000,0x0000000250800000) (1024K)]
  0x0000012ed13f48a0 JavaThread "Timer-454"                         [_thread_blocked, id=41776, stack(0x0000000244400000,0x0000000244500000) (1024K)]
  0x0000012efd46c030 JavaThread "Worker-3895: Initialize workspace"        [_thread_blocked, id=31484, stack(0x0000000244900000,0x0000000244a00000) (1024K)]
  0x0000012efd4701d0 JavaThread "Connection worker"                 [_thread_blocked, id=34832, stack(0x0000000248000000,0x0000000248100000) (1024K)]
  0x0000012efd4722a0 JavaThread "pool-456-thread-1"                 [_thread_blocked, id=34628, stack(0x0000000245900000,0x0000000245a00000) (1024K)]
  0x0000012f02a34950 JavaThread "Timer-455"                         [_thread_blocked, id=24028, stack(0x0000000251200000,0x0000000251300000) (1024K)]
  0x0000012ecd1e16b0 JavaThread "Worker-3910: Initialize workspace"        [_thread_blocked, id=37148, stack(0x0000000250e00000,0x0000000250f00000) (1024K)]
  0x0000012ecd081740 JavaThread "Connection worker"                 [_thread_blocked, id=40132, stack(0x0000000251300000,0x0000000251400000) (1024K)]
  0x0000012ecd07fd00 JavaThread "pool-457-thread-1"                 [_thread_blocked, id=2868, stack(0x0000000248b00000,0x0000000248c00000) (1024K)]
  0x0000012ecd088d60 JavaThread "Timer-456"                         [_thread_blocked, id=15052, stack(0x0000000251c00000,0x0000000251d00000) (1024K)]
  0x0000012ecd085250 JavaThread "Worker-3918: Initialize workspace"        [_thread_blocked, id=13828, stack(0x0000000251b00000,0x0000000251c00000) (1024K)]
  0x0000012ecd089a80 JavaThread "Connection worker"                 [_thread_blocked, id=12648, stack(0x0000000251d00000,0x0000000251e00000) (1024K)]
  0x0000012ecd08a7a0 JavaThread "pool-458-thread-1"                 [_thread_blocked, id=27268, stack(0x0000000248900000,0x0000000248a00000) (1024K)]
  0x0000012ecd0886d0 JavaThread "Timer-457"                         [_thread_blocked, id=35084, stack(0x0000000207700000,0x0000000207800000) (1024K)]
  0x0000012ecd08ae30 JavaThread "Worker-3929: Initialize workspace"        [_thread_blocked, id=16848, stack(0x0000000251a00000,0x0000000251b00000) (1024K)]
  0x0000012ed605b900 JavaThread "Connection worker"                 [_thread_blocked, id=33300, stack(0x0000000251f00000,0x0000000252000000) (1024K)]
  0x0000012ed6061b70 JavaThread "pool-459-thread-1"                 [_thread_blocked, id=29204, stack(0x0000000249e00000,0x0000000249f00000) (1024K)]
  0x0000012ec1779710 JavaThread "Timer-458"                         [_thread_blocked, id=13424, stack(0x0000000252a00000,0x0000000252b00000) (1024K)]
  0x0000012ecd4dcf20 JavaThread "Connection worker"                 [_thread_blocked, id=34724, stack(0x0000000247a00000,0x0000000247b00000) (1024K)]
  0x0000012eced3af60 JavaThread "Connection worker"                 [_thread_blocked, id=10636, stack(0x0000000249b00000,0x0000000249c00000) (1024K)]
  0x0000012eff82bad0 JavaThread "Connection worker"                 [_thread_blocked, id=31188, stack(0x0000000253100000,0x0000000253200000) (1024K)]
  0x0000012eff829370 JavaThread "pool-460-thread-1"                 [_thread_blocked, id=25088, stack(0x0000000252800000,0x0000000252900000) (1024K)]
  0x0000012effa01f80 JavaThread "Worker-3945: Initialize workspace"        [_thread_blocked, id=21928, stack(0x0000000253c00000,0x0000000253d00000) (1024K)]
  0x0000012ec1af5990 JavaThread "Connection worker"                 [_thread_blocked, id=30596, stack(0x000000024ae00000,0x000000024af00000) (1024K)]
  0x0000012ec1afc920 JavaThread "Timer-459"                         [_thread_blocked, id=33468, stack(0x0000000254700000,0x0000000254800000) (1024K)]
  0x0000012ecd09b4b0 JavaThread "Connection worker"                 [_thread_blocked, id=6100, stack(0x000000021aa00000,0x000000021ab00000) (1024K)]
  0x0000012eced54640 JavaThread "Connection worker"                 [_thread_blocked, id=36396, stack(0x000000021bb00000,0x000000021bc00000) (1024K)]
  0x0000012eced54cd0 JavaThread "Worker-3956: Initialize workspace"        [_thread_blocked, id=29048, stack(0x000000021c900000,0x000000021ca00000) (1024K)]
  0x0000012eced41ef0 JavaThread "Connection worker"                 [_thread_blocked, id=25328, stack(0x000000021bd00000,0x000000021be00000) (1024K)]
  0x0000012eced47ad0 JavaThread "pool-461-thread-1"                 [_thread_blocked, id=41360, stack(0x000000021cc00000,0x000000021cd00000) (1024K)]
  0x0000012eced49510 JavaThread "Timer-460"                         [_thread_blocked, id=7760, stack(0x000000024af00000,0x000000024b000000) (1024K)]
  0x0000012eced4c300 JavaThread "Worker-3970: Initialize workspace"        [_thread_blocked, id=33108, stack(0x000000021d000000,0x000000021d100000) (1024K)]
  0x0000012ed6067de0 JavaThread "Timer-461"                         [_thread_blocked, id=32376, stack(0x000000024a200000,0x000000024a300000) (1024K)]
  0x0000012ed6069820 JavaThread "Worker-3976: Initialize workspace"        [_thread_blocked, id=32928, stack(0x000000024a600000,0x000000024a700000) (1024K)]
  0x0000012ed6071b60 JavaThread "Connection worker"                 [_thread_blocked, id=20896, stack(0x000000024a700000,0x000000024a800000) (1024K)]
  0x0000012ed60735a0 JavaThread "pool-463-thread-1"                 [_thread_blocked, id=25412, stack(0x000000024a800000,0x000000024a900000) (1024K)]
  0x0000012ed60707b0 JavaThread "Timer-462"                         [_thread_blocked, id=21816, stack(0x000000024fb00000,0x000000024fc00000) (1024K)]
  0x0000012ed60842b0 JavaThread "Connection worker"                 [_thread_blocked, id=8612, stack(0x000000020b200000,0x000000020b300000) (1024K)]
  0x0000012ed6087730 JavaThread "pool-464-thread-1"                 [_thread_blocked, id=11668, stack(0x000000020bc00000,0x000000020bd00000) (1024K)]
  0x0000012ed606b8f0 JavaThread "Worker-3993: Initialize workspace"        [_thread_blocked, id=4900, stack(0x0000000212f00000,0x0000000213000000) (1024K)]
  0x0000012ed6503530 JavaThread "Timer-463"                         [_thread_blocked, id=29256, stack(0x0000000250200000,0x0000000250300000) (1024K)]
  0x0000012ed64fb1f0 JavaThread "Worker-4000: Initialize workspace"        [_thread_blocked, id=30548, stack(0x000000022cc00000,0x000000022cd00000) (1024K)]
  0x0000012ed65048e0 JavaThread "Connection worker"                 [_thread_blocked, id=22384, stack(0x000000024fe00000,0x000000024ff00000) (1024K)]
  0x0000012f02a24ff0 JavaThread "pool-465-thread-1"                 [_thread_blocked, id=6260, stack(0x000000024ff00000,0x0000000250000000) (1024K)]
  0x0000012f02a421e0 JavaThread "Timer-464"                         [_thread_blocked, id=36916, stack(0x0000000254100000,0x0000000254200000) (1024K)]
  0x0000012ec1af8e10 JavaThread "Connection worker"                 [_thread_blocked, id=41028, stack(0x000000021cd00000,0x000000021ce00000) (1024K)]
  0x0000012ec1b01150 JavaThread "Connection worker"                 [_thread_blocked, id=41192, stack(0x000000022c900000,0x000000022ca00000) (1024K)]
  0x0000012ed5082910 JavaThread "Connection worker"                 [_thread_blocked, id=41264, stack(0x000000020b100000,0x000000020b200000) (1024K)]
  0x0000012ed5083630 JavaThread "Connection worker"                 [_thread_blocked, id=27944, stack(0x000000020b300000,0x000000020b400000) (1024K)]
  0x0000012ed5085700 JavaThread "Worker-4013: Initialize workspace"        [_thread_blocked, id=30492, stack(0x0000000223300000,0x0000000223400000) (1024K)]
  0x0000012ed50801b0 JavaThread "Connection worker"                 [_thread_blocked, id=16744, stack(0x000000021cb00000,0x000000021cc00000) (1024K)]
  0x0000012ed5089210 JavaThread "pool-466-thread-1"                 [_thread_blocked, id=19148, stack(0x0000000223600000,0x0000000223700000) (1024K)]
  0x0000012ecd0a2ad0 JavaThread "Timer-465"                         [_thread_blocked, id=39224, stack(0x0000000254600000,0x0000000254700000) (1024K)]
  0x0000012eced53920 JavaThread "Worker-4021: Initialize workspace"        [_thread_blocked, id=7460, stack(0x000000022cb00000,0x000000022cc00000) (1024K)]
  0x0000012ec1b0cfa0 JavaThread "Connection worker"                 [_thread_blocked, id=8796, stack(0x000000020ce00000,0x000000020cf00000) (1024K)]
  0x0000012ec1b10ab0 JavaThread "Connection worker"                 [_thread_blocked, id=24436, stack(0x0000000209700000,0x0000000209800000) (1024K)]
  0x0000012ec1afc290 JavaThread "Connection worker"                 [_thread_blocked, id=18104, stack(0x000000020b800000,0x000000020b900000) (1024K)]
  0x0000012ecd17e980 JavaThread "Connection worker"                 [_thread_blocked, id=7604, stack(0x0000000202700000,0x0000000202800000) (1024K)]
  0x0000012ecd17f010 JavaThread "Connection worker"                 [_thread_blocked, id=37692, stack(0x0000000202200000,0x0000000202300000) (1024K)]
  0x0000012ecd1803c0 JavaThread "Connection worker"                 [_thread_blocked, id=41904, stack(0x0000000209b00000,0x0000000209c00000) (1024K)]
  0x0000012ecd4fc1e0 JavaThread "Connection worker"                 [_thread_blocked, id=35104, stack(0x0000000204000000,0x0000000204100000) (1024K)]
  0x0000012ecd4ccf30 JavaThread "Timer-466"                         [_thread_blocked, id=17384, stack(0x000000020b600000,0x000000020b700000) (1024K)]
  0x0000012ecd5079a0 JavaThread "Connection worker"                 [_thread_blocked, id=22736, stack(0x000000020c900000,0x000000020ca00000) (1024K)]
  0x0000012ecd4fe940 JavaThread "pool-467-thread-1"                 [_thread_blocked, id=17476, stack(0x0000000203c00000,0x0000000203d00000) (1024K)]
  0x0000012ecd4fcf00 JavaThread "Connection worker"                 [_thread_blocked, id=32932, stack(0x0000000204c00000,0x0000000204d00000) (1024K)]
  0x0000012ecd4f0390 JavaThread "Connection worker"                 [_thread_blocked, id=29396, stack(0x0000000205100000,0x0000000205200000) (1024K)]
  0x0000012ecd4f1740 JavaThread "Connection worker"                 [_thread_blocked, id=36016, stack(0x0000000208a00000,0x0000000208b00000) (1024K)]
  0x0000012ecd4d8060 JavaThread "Connection worker"                 [_thread_blocked, id=38212, stack(0x000000020ad00000,0x000000020ae00000) (1024K)]
  0x0000012ecd4d5f90 JavaThread "Connection worker"                 [_thread_blocked, id=11700, stack(0x000000020cf00000,0x000000020d000000) (1024K)]
  0x0000012ecd4cae60 JavaThread "Connection worker"                 [_thread_blocked, id=36068, stack(0x000000020ae00000,0x000000020af00000) (1024K)]
  0x0000012ecc7c3dd0 JavaThread "Connection worker"                 [_thread_blocked, id=38768, stack(0x0000000206900000,0x0000000206a00000) (1024K)]
  0x0000012ed13eecc0 JavaThread "Worker-4038: Initialize workspace"        [_thread_blocked, id=37712, stack(0x0000000201500000,0x0000000201600000) (1024K)]
  0x0000012eff9f6130 JavaThread "Timer-467"                         [_thread_blocked, id=37064, stack(0x0000000228e00000,0x0000000228f00000) (1024K)]
  0x0000012eff23a680 JavaThread "Connection worker"                 [_thread_blocked, id=20404, stack(0x0000000229700000,0x0000000229800000) (1024K)]
  0x0000012ecd4e3eb0 JavaThread "Worker-4048: Initialize workspace"        [_thread_blocked, id=36288, stack(0x0000000224000000,0x0000000224100000) (1024K)]
  0x0000012ed507cd30 JavaThread "Connection worker"                 [_thread_blocked, id=37164, stack(0x000000022cd00000,0x000000022ce00000) (1024K)]
  0x0000012ed5075080 JavaThread "Connection worker"                 [_thread_blocked, id=3328, stack(0x000000022b800000,0x000000022b900000) (1024K)]
  0x0000012f02a40110 JavaThread "pool-469-thread-1"                 [_thread_blocked, id=33200, stack(0x000000022dc00000,0x000000022dd00000) (1024K)]
  0x0000012ecd0810b0 JavaThread "Timer-468"                         [_thread_blocked, id=12108, stack(0x000000022e700000,0x000000022e800000) (1024K)]
  0x0000012ec1b0a1b0 JavaThread "Worker-4063: Initialize workspace"        [_thread_blocked, id=40728, stack(0x0000000254c00000,0x0000000254d00000) (1024K)]
  0x0000012ecae7ef40 JavaThread "Connection worker"                 [_thread_blocked, id=38472, stack(0x0000000254e00000,0x0000000254f00000) (1024K)]
  0x0000012ecae7e220 JavaThread "pool-470-thread-1"                 [_thread_blocked, id=9956, stack(0x0000000254b00000,0x0000000254c00000) (1024K)]
  0x0000012ecd102cf0 JavaThread "Timer-469"                         [_thread_blocked, id=29880, stack(0x0000000255200000,0x0000000255300000) (1024K)]
  0x0000012ecd0da9d0 JavaThread "Worker-4075: Initialize workspace"        [_thread_blocked, id=41364, stack(0x0000000255800000,0x0000000255900000) (1024K)]
  0x0000012ecd0d7be0 JavaThread "Connection worker"                 [_thread_blocked, id=31244, stack(0x0000000255a00000,0x0000000255b00000) (1024K)]
  0x0000012ecd0db060 JavaThread "pool-471-thread-1"                 [_thread_blocked, id=37588, stack(0x0000000255b00000,0x0000000255c00000) (1024K)]
  0x0000012ecd0d8f90 JavaThread "Timer-470"                         [_thread_blocked, id=21736, stack(0x0000000255d00000,0x0000000255e00000) (1024K)]
  0x0000012ecd0de4e0 JavaThread "Worker-4083: Initialize workspace"        [_thread_blocked, id=4844, stack(0x0000000255c00000,0x0000000255d00000) (1024K)]
  0x0000012ecd0dcaa0 JavaThread "Connection worker"                 [_thread_blocked, id=7484, stack(0x0000000255e00000,0x0000000255f00000) (1024K)]
  0x0000012ecd0dbd80 JavaThread "pool-472-thread-1"                 [_thread_blocked, id=34220, stack(0x0000000255f00000,0x0000000256000000) (1024K)]
  0x0000012ecd0e12d0 JavaThread "Timer-471"                         [_thread_blocked, id=25776, stack(0x0000000256000000,0x0000000256100000) (1024K)]
  0x0000012ecd0d40d0 JavaThread "Worker-4094: Initialize workspace"        [_thread_blocked, id=33028, stack(0x0000000255600000,0x0000000255700000) (1024K)]
  0x0000012ecd0e4de0 JavaThread "Timer-472"                         [_thread_blocked, id=36348, stack(0x0000000256400000,0x0000000256500000) (1024K)]
  0x0000012ecd0dff20 JavaThread "Worker-4103: Initialize workspace"        [_thread_blocked, id=15860, stack(0x0000000256200000,0x0000000256300000) (1024K)]
  0x0000012ecd0e9610 JavaThread "Timer-473"                         [_thread_blocked, id=29328, stack(0x0000000250900000,0x0000000250a00000) (1024K)]
  0x0000012ecd0eb6e0 JavaThread "Worker-4115: Initialize workspace"        [_thread_blocked, id=39508, stack(0x0000000251500000,0x0000000251600000) (1024K)]
  0x0000012ecd0ede40 JavaThread "Connection worker"                 [_thread_blocked, id=8848, stack(0x0000000251600000,0x0000000251700000) (1024K)]
  0x0000012ecd0e1960 JavaThread "pool-475-thread-1"                 [_thread_blocked, id=41376, stack(0x0000000248300000,0x0000000248400000) (1024K)]
  0x0000012ecd103a10 JavaThread "Timer-474"                         [_thread_blocked, id=38248, stack(0x0000000251900000,0x0000000251a00000) (1024K)]
  0x0000012eca650720 JavaThread "Worker-4122: Initialize workspace"        [_thread_blocked, id=37528, stack(0x0000000251800000,0x0000000251900000) (1024K)]
  0x0000012eca65e640 JavaThread "Connection worker"                 [_thread_blocked, id=41180, stack(0x0000000252300000,0x0000000252400000) (1024K)]
  0x0000012eca65d290 JavaThread "Timer-475"                         [_thread_blocked, id=40936, stack(0x0000000256500000,0x0000000256600000) (1024K)]
  0x0000012ecd08c870 JavaThread "Connection worker"                 [_thread_blocked, id=31104, stack(0x000000020bd00000,0x000000020be00000) (1024K)]
  0x0000012eced36dc0 JavaThread "Worker-4133: Initialize workspace"        [_thread_blocked, id=40152, stack(0x0000000252400000,0x0000000252500000) (1024K)]
  0x0000012eced432a0 JavaThread "Connection worker"                 [_thread_blocked, id=34536, stack(0x0000000256800000,0x0000000256900000) (1024K)]
  0x0000012eced33fd0 JavaThread "Connection worker"                 [_thread_blocked, id=38196, stack(0x0000000249100000,0x0000000249200000) (1024K)]
  0x0000012eced55360 JavaThread "pool-477-thread-1"                 [_thread_blocked, id=24804, stack(0x0000000256a00000,0x0000000256b00000) (1024K)]
  0x0000012ecd0dde50 JavaThread "Connection worker"                 [_thread_blocked, id=17484, stack(0x0000000230700000,0x0000000230800000) (1024K)]
  0x0000012ecd0f6810 JavaThread "Timer-476"                         [_thread_blocked, id=4268, stack(0x0000000241300000,0x0000000241400000) (1024K)]
  0x0000012ecd1ddba0 JavaThread "Worker-4145: Initialize workspace"        [_thread_blocked, id=20312, stack(0x0000000256900000,0x0000000256a00000) (1024K)]
  0x0000012ecd1e2a60 JavaThread "Connection worker"                 [_thread_blocked, id=24192, stack(0x0000000217700000,0x0000000217800000) (1024K)]
  0x0000012ecd1dd510 JavaThread "Connection worker"                 [_thread_blocked, id=7136, stack(0x0000000230800000,0x0000000230900000) (1024K)]
  0x0000012f02a335a0 JavaThread "pool-478-thread-1"                 [_thread_blocked, id=4348, stack(0x0000000252200000,0x0000000252300000) (1024K)]
  0x0000012f02a4e030 JavaThread "Timer-477"                         [_thread_blocked, id=36652, stack(0x0000000252600000,0x0000000252700000) (1024K)]
  0x0000012f02a43590 JavaThread "Worker-4152: Initialize workspace"        [_thread_blocked, id=29364, stack(0x0000000249600000,0x0000000249700000) (1024K)]
  0x0000012ecd083ea0 JavaThread "Timer-478"                         [_thread_blocked, id=31420, stack(0x0000000252900000,0x0000000252a00000) (1024K)]
  0x0000012ecd08e940 JavaThread "Worker-4162: Initialize workspace"        [_thread_blocked, id=1924, stack(0x000000024a300000,0x000000024a400000) (1024K)]
  0x0000012ecd4f3810 JavaThread "Timer-479"                         [_thread_blocked, id=19440, stack(0x000000020d300000,0x000000020d400000) (1024K)]
  0x0000012ecd4f4bc0 JavaThread "Worker-4175: Initialize workspace"        [_thread_blocked, id=21868, stack(0x000000021ab00000,0x000000021ac00000) (1024K)]
  0x0000012ec1af5300 JavaThread "Connection worker"                 [_thread_blocked, id=41156, stack(0x0000000252c00000,0x0000000252d00000) (1024K)]
  0x0000012ec1af6020 JavaThread "pool-481-thread-1"                 [_thread_blocked, id=30564, stack(0x000000021a500000,0x000000021a600000) (1024K)]
  0x0000012ed5075710 JavaThread "Timer-480"                         [_thread_blocked, id=20320, stack(0x0000000227200000,0x0000000227300000) (1024K)]
  0x0000012ed50849e0 JavaThread "Connection worker"                 [_thread_blocked, id=31332, stack(0x000000021ec00000,0x000000021ed00000) (1024K)]
  0x0000012ed5088b80 JavaThread "Worker-4180: Initialize workspace"        [_thread_blocked, id=6684, stack(0x000000021ed00000,0x000000021ee00000) (1024K)]
  0x0000012ed5080ed0 JavaThread "Connection worker"                 [_thread_blocked, id=40360, stack(0x0000000204d00000,0x0000000204e00000) (1024K)]
  0x0000012ed50898a0 JavaThread "Connection worker"                 [_thread_blocked, id=2204, stack(0x0000000204f00000,0x0000000205000000) (1024K)]
  0x0000012ed5092270 JavaThread "pool-482-thread-1"                 [_thread_blocked, id=38208, stack(0x0000000207100000,0x0000000207200000) (1024K)]
  0x0000012ecd4d9aa0 JavaThread "Timer-481"                         [_thread_blocked, id=31076, stack(0x0000000225c00000,0x0000000225d00000) (1024K)]
  0x0000012ecd4d79d0 JavaThread "Worker-4195: Initialize workspace"        [_thread_blocked, id=37432, stack(0x0000000212800000,0x0000000212900000) (1024K)]
  0x0000012ecd4d8d80 JavaThread "Connection worker"                 [_thread_blocked, id=35704, stack(0x0000000225700000,0x0000000225800000) (1024K)]
  0x0000012ecd4f2460 JavaThread "pool-483-thread-1"                 [_thread_blocked, id=26864, stack(0x0000000252d00000,0x0000000252e00000) (1024K)]
  0x0000012ec1b0f700 JavaThread "Timer-482"                         [_thread_blocked, id=40504, stack(0x000000021b500000,0x000000021b600000) (1024K)]
  0x0000012ec1afa1c0 JavaThread "Worker-4205: Initialize workspace"        [_thread_blocked, id=32204, stack(0x000000020d600000,0x000000020d700000) (1024K)]
  0x0000012ed60570d0 JavaThread "Connection worker"                 [_thread_blocked, id=12532, stack(0x0000000249c00000,0x0000000249d00000) (1024K)]
  0x0000012ed605ed80 JavaThread "Connection worker"                 [_thread_blocked, id=3032, stack(0x0000000211d00000,0x0000000211e00000) (1024K)]
  0x0000012ed6070120 JavaThread "pool-484-thread-1"                 [_thread_blocked, id=28424, stack(0x0000000228d00000,0x0000000228e00000) (1024K)]
  0x0000012ecd4f4530 JavaThread "Timer-483"                         [_thread_blocked, id=40508, stack(0x0000000253200000,0x0000000253300000) (1024K)]
  0x0000012ecd4f3180 JavaThread "Worker-4215: Initialize workspace"        [_thread_blocked, id=7520, stack(0x0000000252e00000,0x0000000252f00000) (1024K)]
  0x0000012ed13eb840 JavaThread "Connection worker"                 [_thread_blocked, id=24896, stack(0x0000000253400000,0x0000000253500000) (1024K)]
  0x0000012ed13edfa0 JavaThread "Connection worker"                 [_thread_blocked, id=18944, stack(0x0000000215700000,0x0000000215800000) (1024K)]
  0x0000012ed13f9760 JavaThread "pool-485-thread-1"                 [_thread_blocked, id=17920, stack(0x0000000212d00000,0x0000000212e00000) (1024K)]
  0x0000012eca65d920 JavaThread "Timer-484"                         [_thread_blocked, id=35476, stack(0x0000000253600000,0x0000000253700000) (1024K)]
  0x0000012eca6527f0 JavaThread "Worker-4225: Initialize workspace"        [_thread_blocked, id=4040, stack(0x0000000215a00000,0x0000000215b00000) (1024K)]
  0x0000012eca65a4a0 JavaThread "Connection worker"                 [_thread_blocked, id=18048, stack(0x0000000247c00000,0x0000000247d00000) (1024K)]
  0x0000012eff9f8f20 JavaThread "pool-486-thread-1"                 [_thread_blocked, id=31156, stack(0x0000000253900000,0x0000000253a00000) (1024K)]
  0x0000012eff9fc3a0 JavaThread "Timer-485"                         [_thread_blocked, id=5284, stack(0x0000000252500000,0x0000000252600000) (1024K)]
  0x0000012effa0ca20 JavaThread "Connection worker"                 [_thread_blocked, id=39360, stack(0x0000000253000000,0x0000000253100000) (1024K)]
  0x0000012eff9f4d80 JavaThread "Worker-4239: Initialize workspace"        [_thread_blocked, id=23752, stack(0x0000000252700000,0x0000000252800000) (1024K)]
  0x0000012ef6e96f70 JavaThread "pool-487-thread-1"                 [_thread_blocked, id=36524, stack(0x0000000253a00000,0x0000000253b00000) (1024K)]
  0x0000012ecc7cce30 JavaThread "Timer-486"                         [_thread_blocked, id=25612, stack(0x0000000254000000,0x0000000254100000) (1024K)]
  0x0000012ecd4e3820 JavaThread "Worker-4246: Initialize workspace"        [_thread_blocked, id=9936, stack(0x0000000253500000,0x0000000253600000) (1024K)]
  0x0000012ecd4f8d60 JavaThread "Connection worker"                 [_thread_blocked, id=3596, stack(0x0000000254200000,0x0000000254300000) (1024K)]
  0x0000012f02a40e30 JavaThread "Connection worker"                 [_thread_blocked, id=26428, stack(0x0000000200300000,0x0000000200400000) (1024K)]
  0x0000012ec1afa850 JavaThread "Timer-487"                         [_thread_blocked, id=36448, stack(0x0000000254500000,0x0000000254600000) (1024K)]
  0x0000012ec1af3230 JavaThread "Worker-4255: Initialize workspace"        [_thread_blocked, id=36900, stack(0x0000000254400000,0x0000000254500000) (1024K)]
  0x0000012ec1b066a0 JavaThread "Connection worker"                 [_thread_blocked, id=29848, stack(0x0000000251400000,0x0000000251500000) (1024K)]
  0x0000012eca657d40 JavaThread "pool-489-thread-1"                 [_thread_blocked, id=40564, stack(0x0000000254800000,0x0000000254900000) (1024K)]
  0x0000012eff827930 JavaThread "Timer-488"                         [_thread_blocked, id=41888, stack(0x0000000256c00000,0x0000000256d00000) (1024K)]
  0x0000012ed6074950 JavaThread "Worker-4262: Initialize workspace"        [_thread_blocked, id=26552, stack(0x0000000253300000,0x0000000253400000) (1024K)]
  0x0000012ecd1de8c0 JavaThread "Connection worker"                 [_thread_blocked, id=36604, stack(0x0000000254300000,0x0000000254400000) (1024K)]
  0x0000012efd46d3e0 JavaThread "pool-490-thread-1"                 [_thread_blocked, id=20844, stack(0x0000000256d00000,0x0000000256e00000) (1024K)]
  0x0000012efd46ee20 JavaThread "Timer-489"                         [_thread_blocked, id=32856, stack(0x0000000256e00000,0x0000000256f00000) (1024K)]
  0x0000012ecd090380 JavaThread "Worker-4275: Initialize workspace"        [_thread_blocked, id=33096, stack(0x0000000245b00000,0x0000000245c00000) (1024K)]
  0x0000012eff82ce80 JavaThread "Connection worker"                 [_thread_blocked, id=38068, stack(0x0000000257000000,0x0000000257100000) (1024K)]
  0x0000012eff82c7f0 JavaThread "pool-491-thread-1"                 [_thread_blocked, id=17264, stack(0x0000000252f00000,0x0000000253000000) (1024K)]
  0x0000012ecd179ac0 JavaThread "Timer-490"                         [_thread_blocked, id=28092, stack(0x0000000257300000,0x0000000257400000) (1024K)]
  0x0000012ecc2f1930 JavaThread "Worker-4290: Initialize workspace"        [_thread_blocked, id=32912, stack(0x0000000257200000,0x0000000257300000) (1024K)]
  0x0000012eced35380 JavaThread "Connection worker"                 [_thread_blocked, id=40060, stack(0x000000020c800000,0x000000020c900000) (1024K)]
  0x0000012eced39520 JavaThread "pool-492-thread-1"                 [_thread_blocked, id=39420, stack(0x0000000212200000,0x0000000212300000) (1024K)]
  0x0000012eced43930 JavaThread "Timer-491"                         [_thread_blocked, id=38664, stack(0x0000000257500000,0x0000000257600000) (1024K)]
  0x0000012eced3ea70 JavaThread "Worker-4296: Initialize workspace"        [_thread_blocked, id=3004, stack(0x0000000257100000,0x0000000257200000) (1024K)]
  0x0000012eced47440 JavaThread "Connection worker"                 [_thread_blocked, id=23192, stack(0x0000000257600000,0x0000000257700000) (1024K)]
  0x0000012eced42c10 JavaThread "pool-493-thread-1"                 [_thread_blocked, id=40480, stack(0x0000000257400000,0x0000000257500000) (1024K)]
  0x0000012eced53fb0 JavaThread "Timer-492"                         [_thread_blocked, id=28340, stack(0x0000000257900000,0x0000000257a00000) (1024K)]
  0x0000012eced51850 JavaThread "Worker-4305: Initialize workspace"        [_thread_blocked, id=36516, stack(0x0000000257700000,0x0000000257800000) (1024K)]
  0x0000012eced62560 JavaThread "Connection worker"                 [_thread_blocked, id=9860, stack(0x0000000253800000,0x0000000253900000) (1024K)]
  0x0000012eced61ed0 JavaThread "pool-494-thread-1"                 [_thread_blocked, id=27856, stack(0x0000000257800000,0x0000000257900000) (1024K)]
  0x0000012ecd4ce970 JavaThread "Timer-493"                         [_thread_blocked, id=27664, stack(0x0000000257c00000,0x0000000257d00000) (1024K)]
  0x0000012eff23ad10 JavaThread "Worker-4315: Initialize workspace"        [_thread_blocked, id=33496, stack(0x0000000257a00000,0x0000000257b00000) (1024K)]
  0x0000012ecd4fd590 JavaThread "Connection worker"                 [_thread_blocked, id=28664, stack(0x0000000211b00000,0x0000000211c00000) (1024K)]
  0x0000012ecd4dd5b0 JavaThread "pool-495-thread-1"                 [_thread_blocked, id=11452, stack(0x0000000255100000,0x0000000255200000) (1024K)]
  0x0000012f02a38af0 JavaThread "Timer-494"                         [_thread_blocked, id=15580, stack(0x0000000255300000,0x0000000255400000) (1024K)]
  0x0000012ecd1e3780 JavaThread "Connection worker"                 [_thread_blocked, id=16432, stack(0x0000000223b00000,0x0000000223c00000) (1024K)]
  0x0000012ecd1dc7f0 JavaThread "pool-496-thread-1"                 [_thread_blocked, id=7356, stack(0x0000000213b00000,0x0000000213c00000) (1024K)]
  0x0000012ecc7c6bc0 JavaThread "Worker-4330: Initialize workspace"        [_thread_blocked, id=29000, stack(0x0000000255000000,0x0000000255100000) (1024K)]
  0x0000012efc9f97e0 JavaThread "Timer-495"                         [_thread_blocked, id=3804, stack(0x0000000229e00000,0x0000000229f00000) (1024K)]
  0x0000012eff9f1f90 JavaThread "Worker-4337: Initialize workspace"        [_thread_blocked, id=23944, stack(0x0000000225900000,0x0000000225a00000) (1024K)]
  0x0000012eca65dfb0 JavaThread "Timer-496"                         [_thread_blocked, id=35680, stack(0x000000022b200000,0x000000022b300000) (1024K)]
  0x0000012ecd503170 JavaThread "Worker-4350: Initialize workspace"        [_thread_blocked, id=37276, stack(0x0000000207900000,0x0000000207a00000) (1024K)]
  0x0000012ecd4e4bd0 JavaThread "Connection worker"                 [_thread_blocked, id=40808, stack(0x0000000212100000,0x0000000212200000) (1024K)]
  0x0000012ecd508030 JavaThread "pool-498-thread-1"                 [_thread_blocked, id=22756, stack(0x000000022b100000,0x000000022b200000) (1024K)]
  0x0000012eff9f4060 JavaThread "Timer-497"                         [_thread_blocked, id=13944, stack(0x000000022fd00000,0x000000022fe00000) (1024K)]
  0x0000012eca6583d0 JavaThread "Worker-4359: Initialize workspace"        [_thread_blocked, id=22232, stack(0x000000022b300000,0x000000022b400000) (1024K)]
  0x0000012ecc7c2390 JavaThread "Connection worker"                 [_thread_blocked, id=39868, stack(0x0000000213700000,0x0000000213800000) (1024K)]
  0x0000012ed64ff390 JavaThread "pool-499-thread-1"                 [_thread_blocked, id=33204, stack(0x0000000229200000,0x0000000229300000) (1024K)]
  0x0000012ecd503e90 JavaThread "Timer-498"                         [_thread_blocked, id=25528, stack(0x0000000252000000,0x0000000252100000) (1024K)]
  0x0000012ecd098d50 JavaThread "Worker-4371: Initialize workspace"        [_thread_blocked, id=13132, stack(0x0000000248d00000,0x0000000248e00000) (1024K)]
  0x0000012ecd093800 JavaThread "Connection worker"                 [_thread_blocked, id=28056, stack(0x000000022e600000,0x000000022e700000) (1024K)]
  0x0000012ecd08a110 JavaThread "pool-500-thread-1"                 [_thread_blocked, id=18764, stack(0x000000022d700000,0x000000022d800000) (1024K)]
  0x0000012ed5085070 JavaThread "Timer-499"                         [_thread_blocked, id=37536, stack(0x0000000254f00000,0x0000000255000000) (1024K)]
  0x0000012eff234410 JavaThread "Worker-4381: Initialize workspace"        [_thread_blocked, id=6728, stack(0x000000022a500000,0x000000022a600000) (1024K)]
  0x0000012ed13f7690 JavaThread "Connection worker"                 [_thread_blocked, id=29012, stack(0x000000022d900000,0x000000022da00000) (1024K)]
  0x0000012ed13f7000 JavaThread "pool-501-thread-1"                 [_thread_blocked, id=24292, stack(0x000000022d800000,0x000000022d900000) (1024K)]
  0x0000012ecd178080 JavaThread "Timer-500"                         [_thread_blocked, id=22680, stack(0x000000023f900000,0x000000023fa00000) (1024K)]
  0x0000012ed5076ac0 JavaThread "Worker-4392: Initialize workspace"        [_thread_blocked, id=34648, stack(0x000000022e800000,0x000000022e900000) (1024K)]
  0x0000012ed6503bc0 JavaThread "Connection worker"                 [_thread_blocked, id=21228, stack(0x0000000252100000,0x0000000252200000) (1024K)]
  0x0000012ed6504250 JavaThread "pool-502-thread-1"                 [_thread_blocked, id=25824, stack(0x0000000230100000,0x0000000230200000) (1024K)]
  0x0000012ed3b639d0 JavaThread "Timer-501"                         [_thread_blocked, id=34440, stack(0x0000000256300000,0x0000000256400000) (1024K)]
  0x0000012eced4af50 JavaThread "Worker-4403: Initialize workspace"        [_thread_blocked, id=25440, stack(0x000000022db00000,0x000000022dc00000) (1024K)]
  0x0000012f02a3d9b0 JavaThread "Connection worker"                 [_thread_blocked, id=13700, stack(0x0000000249800000,0x0000000249900000) (1024K)]
  0x0000012ec1b02b90 JavaThread "pool-503-thread-1"                 [_thread_blocked, id=35752, stack(0x0000000254d00000,0x0000000254e00000) (1024K)]
  0x0000012ecc2ec3e0 JavaThread "Timer-502"                         [_thread_blocked, id=18852, stack(0x0000000255900000,0x0000000255a00000) (1024K)]
  0x0000012ecd500a10 JavaThread "Worker-4414: Initialize workspace"        [_thread_blocked, id=13144, stack(0x0000000229100000,0x0000000229200000) (1024K)]
  0x0000012ecd0d7550 JavaThread "Connection worker"                 [_thread_blocked, id=28640, stack(0x000000022ab00000,0x000000022ac00000) (1024K)]
  0x0000012ecd0ceb80 JavaThread "pool-504-thread-1"                 [_thread_blocked, id=41204, stack(0x000000020f800000,0x000000020f900000) (1024K)]
  0x0000012ecd0d6830 JavaThread "Timer-503"                         [_thread_blocked, id=15684, stack(0x0000000257b00000,0x0000000257c00000) (1024K)]
  0x0000012ecd0ea330 JavaThread "Worker-4426: Initialize workspace"        [_thread_blocked, id=31932, stack(0x0000000255400000,0x0000000255500000) (1024K)]
  0x0000012ecd10b030 JavaThread "Timer-504"                         [_thread_blocked, id=37144, stack(0x0000000257e00000,0x0000000257f00000) (1024K)]
  0x0000012ecd094520 JavaThread "Connection worker"                 [_thread_blocked, id=39972, stack(0x0000000254a00000,0x0000000254b00000) (1024K)]
  0x0000012ecd085f70 JavaThread "pool-506-thread-1"                 [_thread_blocked, id=9420, stack(0x000000023e700000,0x000000023e800000) (1024K)]
  0x0000012ecd0af640 JavaThread "Worker-4442: Initialize workspace"        [_thread_blocked, id=15316, stack(0x0000000220600000,0x0000000220700000) (1024K)]
  0x0000012ecc7cba80 JavaThread "Timer-505"                         [_thread_blocked, id=39316, stack(0x000000022e000000,0x000000022e100000) (1024K)]
  0x0000012eff9f5410 JavaThread "Connection worker"                 [_thread_blocked, id=23980, stack(0x000000020e900000,0x000000020ea00000) (1024K)]
  0x0000012ed507b980 JavaThread "Connection worker"                 [_thread_blocked, id=15432, stack(0x0000000227400000,0x0000000227500000) (1024K)]
  0x0000012ecc7ce870 JavaThread "pool-507-thread-1"                 [_thread_blocked, id=41664, stack(0x0000000250800000,0x0000000250900000) (1024K)]
  0x0000012ecc7cb3f0 JavaThread "Timer-506"                         [_thread_blocked, id=25476, stack(0x0000000253700000,0x0000000253800000) (1024K)]
  0x0000012ef6e97600 JavaThread "Worker-4459: Initialize workspace"        [_thread_blocked, id=25124, stack(0x0000000246700000,0x0000000246800000) (1024K)]
  0x0000012ed5087140 JavaThread "Timer-507"                         [_thread_blocked, id=40776, stack(0x0000000207c00000,0x0000000207d00000) (1024K)]
  0x0000012ef6e99040 JavaThread "Worker-4471: Initialize workspace"        [_thread_blocked, id=39176, stack(0x0000000253e00000,0x0000000253f00000) (1024K)]
  0x0000012efed60e50 JavaThread "Connection worker"                 [_thread_blocked, id=28780, stack(0x0000000253f00000,0x0000000254000000) (1024K)]
  0x0000012efed607c0 JavaThread "pool-509-thread-1"                 [_thread_blocked, id=24760, stack(0x0000000251000000,0x0000000251100000) (1024K)]
  0x0000012ec177a430 JavaThread "Timer-508"                         [_thread_blocked, id=13176, stack(0x0000000257f00000,0x0000000258000000) (1024K)]
  0x0000012ecd4eae40 JavaThread "Worker-4480: Initialize workspace"        [_thread_blocked, id=20180, stack(0x0000000254900000,0x0000000254a00000) (1024K)]
  0x0000012ecd4fae30 JavaThread "Connection worker"                 [_thread_blocked, id=20684, stack(0x0000000256b00000,0x0000000256c00000) (1024K)]
  0x0000012ecd4ec1f0 JavaThread "pool-510-thread-1"                 [_thread_blocked, id=10256, stack(0x0000000256700000,0x0000000256800000) (1024K)]
  0x0000012ecd502450 JavaThread "Timer-509"                         [_thread_blocked, id=18164, stack(0x000000022ff00000,0x0000000230000000) (1024K)]
  0x0000012ecc7cfc20 JavaThread "Worker-4493: Initialize workspace"        [_thread_blocked, id=31364, stack(0x000000022ad00000,0x000000022ae00000) (1024K)]
  0x0000012ef6e989b0 JavaThread "Connection worker"                 [_thread_blocked, id=3224, stack(0x0000000258300000,0x0000000258400000) (1024K)]
  0x0000012ef6e98320 JavaThread "pool-511-thread-1"                 [_thread_blocked, id=27184, stack(0x0000000257d00000,0x0000000257e00000) (1024K)]
  0x0000012ecd4dc200 JavaThread "Timer-510"                         [_thread_blocked, id=18952, stack(0x0000000258600000,0x0000000258700000) (1024K)]
  0x0000012f02a3d320 JavaThread "Worker-4504: Initialize workspace"        [_thread_blocked, id=39612, stack(0x0000000258400000,0x0000000258500000) (1024K)]
  0x0000012eff239ff0 JavaThread "Connection worker"                 [_thread_blocked, id=36596, stack(0x0000000258700000,0x0000000258800000) (1024K)]
  0x0000012ecd501730 JavaThread "pool-512-thread-1"                 [_thread_blocked, id=34856, stack(0x0000000258900000,0x0000000258a00000) (1024K)]
  0x0000012ecc2eca70 JavaThread "Timer-511"                         [_thread_blocked, id=23140, stack(0x0000000258500000,0x0000000258600000) (1024K)]
  0x0000012ece9ec350 JavaThread "Worker-4516: Initialize workspace"        [_thread_blocked, id=35144, stack(0x0000000258800000,0x0000000258900000) (1024K)]
  0x0000012ecd0d5480 JavaThread "Connection worker"                 [_thread_blocked, id=34560, stack(0x0000000255700000,0x0000000255800000) (1024K)]
  0x0000012efd46cd50 JavaThread "pool-513-thread-1"                 [_thread_blocked, id=36232, stack(0x0000000258b00000,0x0000000258c00000) (1024K)]
  0x0000012ece9ec9e0 JavaThread "Timer-512"                         [_thread_blocked, id=30476, stack(0x0000000258c00000,0x0000000258d00000) (1024K)]
  0x0000012ecc2de4c0 JavaThread "Worker-4527: Initialize workspace"        [_thread_blocked, id=15600, stack(0x0000000255500000,0x0000000255600000) (1024K)]
  0x0000012ecd108240 JavaThread "Connection worker"                 [_thread_blocked, id=41836, stack(0x0000000223e00000,0x0000000223f00000) (1024K)]
  0x0000012ecd504520 JavaThread "pool-514-thread-1"                 [_thread_blocked, id=20372, stack(0x0000000258d00000,0x0000000258e00000) (1024K)]
  0x0000012ecc7c0950 JavaThread "Timer-513"                         [_thread_blocked, id=39156, stack(0x0000000258000000,0x0000000258100000) (1024K)]
  0x0000012ecd0d9620 JavaThread "Worker-4540: Initialize workspace"        [_thread_blocked, id=20448, stack(0x0000000258a00000,0x0000000258b00000) (1024K)]
  0x0000012ecd08cf00 JavaThread "Connection worker"                 [_thread_blocked, id=5508, stack(0x0000000258e00000,0x0000000258f00000) (1024K)]
  0x0000012ec1b0dcc0 JavaThread "Connection worker"                 [_thread_blocked, id=27992, stack(0x000000020d400000,0x000000020d500000) (1024K)]
  0x0000012ec1b09490 JavaThread "pool-515-thread-1"                 [_thread_blocked, id=22572, stack(0x000000020d000000,0x000000020d100000) (1024K)]
  0x0000012ecd5093e0 JavaThread "Timer-514"                         [_thread_blocked, id=26768, stack(0x0000000259000000,0x0000000259100000) (1024K)]
  0x0000012ecd4d10d0 JavaThread "Worker-4544: Initialize workspace"        [_thread_blocked, id=30236, stack(0x0000000246b00000,0x0000000246c00000) (1024K)]
  0x0000012ecd0e40c0 JavaThread "Connection worker"                 [_thread_blocked, id=36200, stack(0x000000020eb00000,0x000000020ec00000) (1024K)]
  0x0000012ecd4ef670 JavaThread "Connection worker"                 [_thread_blocked, id=21372, stack(0x0000000228500000,0x0000000228600000) (1024K)]
  0x0000012ecd4eefe0 JavaThread "pool-516-thread-1"                 [_thread_blocked, id=34664, stack(0x0000000228b00000,0x0000000228c00000) (1024K)]
  0x0000012ed6086a10 JavaThread "Timer-515"                         [_thread_blocked, id=27412, stack(0x0000000259200000,0x0000000259300000) (1024K)]
  0x0000012ed3b61900 JavaThread "Worker-4557: Initialize workspace"        [_thread_blocked, id=27200, stack(0x0000000258f00000,0x0000000259000000) (1024K)]
  0x0000012ed508f480 JavaThread "Connection worker"                 [_thread_blocked, id=19036, stack(0x0000000201800000,0x0000000201900000) (1024K)]
  0x0000012ec1b052f0 JavaThread "Connection worker"                 [_thread_blocked, id=3904, stack(0x0000000201b00000,0x0000000201c00000) (1024K)]
  0x0000012ec1b06010 JavaThread "Connection worker"                 [_thread_blocked, id=16896, stack(0x0000000222700000,0x0000000222800000) (1024K)]
  0x0000012ec1b11e60 JavaThread "Connection worker"                 [_thread_blocked, id=20964, stack(0x0000000205800000,0x0000000205900000) (1024K)]
  0x0000012ecc2dc3f0 JavaThread "pool-517-thread-1"                 [_thread_blocked, id=8152, stack(0x0000000222200000,0x0000000222300000) (1024K)]
  0x0000012ecc2f1fc0 JavaThread "Timer-516"                         [_thread_blocked, id=16868, stack(0x0000000224100000,0x0000000224200000) (1024K)]
  0x0000012ecc2da9b0 JavaThread "Connection worker"                 [_thread_blocked, id=27048, stack(0x0000000207b00000,0x0000000207c00000) (1024K)]
  0x0000012ecd0fca80 JavaThread "Timer-517"                         [_thread_blocked, id=31696, stack(0x0000000259100000,0x0000000259200000) (1024K)]
  0x0000012ed5083cc0 JavaThread "Worker-4575: Initialize workspace"        [_thread_blocked, id=13584, stack(0x0000000259a00000,0x0000000259b00000) (1024K)]
  0x0000012f02a22200 JavaThread "Timer-518"                         [_thread_blocked, id=20736, stack(0x0000000259e00000,0x0000000259f00000) (1024K)]
  0x0000012f054f7830 JavaThread "Worker-4587: Initialize workspace"        [_thread_blocked, id=37284, stack(0x0000000259800000,0x0000000259900000) (1024K)]
  0x0000012f054f71a0 JavaThread "Connection worker"                 [_thread_blocked, id=9132, stack(0x0000000259f00000,0x000000025a000000) (1024K)]
  0x0000012f054f9f90 JavaThread "pool-520-thread-1"                 [_thread_blocked, id=35888, stack(0x0000000259d00000,0x0000000259e00000) (1024K)]
  0x0000012f054f6b10 JavaThread "Timer-519"                         [_thread_blocked, id=19900, stack(0x000000025a300000,0x000000025a400000) (1024K)]
  0x0000012f054fa620 JavaThread "Worker-4601: Initialize workspace"        [_thread_blocked, id=29044, stack(0x000000025a100000,0x000000025a200000) (1024K)]
  0x0000012f054fcd80 JavaThread "Timer-520"                         [_thread_blocked, id=2344, stack(0x000000025cf00000,0x000000025d000000) (1024K)]
  0x0000012f054f9270 JavaThread "Worker-4610: Initialize workspace"        [_thread_blocked, id=26008, stack(0x000000025cc00000,0x000000025cd00000) (1024K)]
  0x0000012f05500f20 JavaThread "Connection worker"                 [_thread_blocked, id=18848, stack(0x000000025d200000,0x000000025d300000) (1024K)]
  0x0000012f054fdaa0 JavaThread "pool-522-thread-1"                 [_thread_blocked, id=6680, stack(0x000000020a500000,0x000000020a600000) (1024K)]
  0x0000012f054fe7c0 JavaThread "Connection worker"                 [_thread_blocked, id=24248, stack(0x000000025d400000,0x000000025d500000) (1024K)]
  0x0000012f05500890 JavaThread "Timer-521"                         [_thread_blocked, id=5204, stack(0x000000025d600000,0x000000025d700000) (1024K)]
  0x0000012f054facb0 JavaThread "Worker-4620: Initialize workspace"        [_thread_blocked, id=10908, stack(0x0000000203800000,0x0000000203900000) (1024K)]
  0x0000012f054fee50 JavaThread "Connection worker"                 [_thread_blocked, id=9984, stack(0x000000025d900000,0x000000025da00000) (1024K)]
  0x0000012f055015b0 JavaThread "pool-523-thread-1"                 [_thread_blocked, id=16768, stack(0x000000021a600000,0x000000021a700000) (1024K)]
  0x0000012f05506470 JavaThread "Timer-522"                         [_thread_blocked, id=35160, stack(0x000000025df00000,0x000000025e000000) (1024K)]
  0x0000012f055050c0 JavaThread "Worker-4627: Initialize workspace"        [_thread_blocked, id=34684, stack(0x000000025e400000,0x000000025e500000) (1024K)]
  0x0000012f054ff4e0 JavaThread "Connection worker"                 [_thread_blocked, id=4480, stack(0x0000000258100000,0x0000000258200000) (1024K)]
  0x0000012f055043a0 JavaThread "pool-524-thread-1"                 [_thread_blocked, id=23864, stack(0x0000000256f00000,0x0000000257000000) (1024K)]
  0x0000012f05507eb0 JavaThread "Timer-523"                         [_thread_blocked, id=37984, stack(0x000000025ea00000,0x000000025eb00000) (1024K)]
  0x0000012f05504a30 JavaThread "Worker-4640: Initialize workspace"        [_thread_blocked, id=25448, stack(0x000000025e900000,0x000000025ea00000) (1024K)]
  0x0000012f05508bd0 JavaThread "Connection worker"                 [_thread_blocked, id=15008, stack(0x000000025eb00000,0x000000025ec00000) (1024K)]
  0x0000012f05502960 JavaThread "pool-525-thread-1"                 [_thread_blocked, id=14212, stack(0x000000025e000000,0x000000025e100000) (1024K)]
  0x0000012f055098f0 JavaThread "Timer-524"                         [_thread_blocked, id=35520, stack(0x000000025ee00000,0x000000025ef00000) (1024K)]
  0x0000012f05509260 JavaThread "Worker-4652: Initialize workspace"        [_thread_blocked, id=10136, stack(0x000000025ec00000,0x000000025ed00000) (1024K)]
  0x0000012f0550a610 JavaThread "Connection worker"                 [_thread_blocked, id=35744, stack(0x000000025ef00000,0x000000025f000000) (1024K)]
  0x0000012f05509f80 JavaThread "pool-526-thread-1"                 [_thread_blocked, id=32108, stack(0x000000025ed00000,0x000000025ee00000) (1024K)]
  0x0000012f0550aca0 JavaThread "Timer-525"                         [_thread_blocked, id=18144, stack(0x000000025f200000,0x000000025f300000) (1024K)]
  0x0000012f05507820 JavaThread "Worker-4662: Initialize workspace"        [_thread_blocked, id=31828, stack(0x000000025f000000,0x000000025f100000) (1024K)]
  0x0000012f0550b9c0 JavaThread "Connection worker"                 [_thread_blocked, id=36328, stack(0x000000025f100000,0x000000025f200000) (1024K)]
  0x0000012f05508540 JavaThread "pool-527-thread-1"                 [_thread_blocked, id=7828, stack(0x0000000229500000,0x0000000229600000) (1024K)]
  0x0000012f0550e7b0 JavaThread "Timer-526"                         [_thread_blocked, id=2100, stack(0x0000000260000000,0x0000000260100000) (1024K)]
  0x0000012f0550b330 JavaThread "Worker-4673: Initialize workspace"        [_thread_blocked, id=12240, stack(0x000000025fd00000,0x000000025fe00000) (1024K)]
  0x0000012f0550ee40 JavaThread "Connection worker"                 [_thread_blocked, id=19860, stack(0x0000000260100000,0x0000000260200000) (1024K)]
  0x0000012f0550c050 JavaThread "pool-528-thread-1"                 [_thread_blocked, id=39712, stack(0x000000025ff00000,0x0000000260000000) (1024K)]
  0x0000012f0550e120 JavaThread "Timer-527"                         [_thread_blocked, id=30156, stack(0x0000000260400000,0x0000000260500000) (1024K)]
  0x0000012f0550d400 JavaThread "Worker-4682: Initialize workspace"        [_thread_blocked, id=24052, stack(0x0000000260300000,0x0000000260400000) (1024K)]
  0x0000012f0550f4d0 JavaThread "Connection worker"                 [_thread_blocked, id=8788, stack(0x0000000260500000,0x0000000260600000) (1024K)]
  0x0000012f0550fb60 JavaThread "pool-529-thread-1"                 [_thread_blocked, id=25820, stack(0x0000000260200000,0x0000000260300000) (1024K)]
  0x0000012f055101f0 JavaThread "Timer-528"                         [_thread_blocked, id=29920, stack(0x0000000260800000,0x0000000260900000) (1024K)]
  0x0000012f0550c6e0 JavaThread "Worker-4694: Initialize workspace"        [_thread_blocked, id=41272, stack(0x0000000260600000,0x0000000260700000) (1024K)]
  0x0000012f05510880 JavaThread "Connection worker"                 [_thread_blocked, id=23008, stack(0x0000000260900000,0x0000000260a00000) (1024K)]
  0x0000012f0550cd70 JavaThread "pool-530-thread-1"                 [_thread_blocked, id=28172, stack(0x0000000260700000,0x0000000260800000) (1024K)]
  0x0000012f05512950 JavaThread "Timer-529"                         [_thread_blocked, id=41728, stack(0x0000000261700000,0x0000000261800000) (1024K)]
  0x0000012f055115a0 JavaThread "Worker-4705: Initialize workspace"        [_thread_blocked, id=10640, stack(0x0000000261200000,0x0000000261300000) (1024K)]
  0x0000012f05511c30 JavaThread "Connection worker"                 [_thread_blocked, id=13812, stack(0x0000000261800000,0x0000000261900000) (1024K)]
  0x0000012f055122c0 JavaThread "pool-531-thread-1"                 [_thread_blocked, id=37932, stack(0x0000000261400000,0x0000000261500000) (1024K)]
  0x0000012f05513d00 JavaThread "Timer-530"                         [_thread_blocked, id=39196, stack(0x0000000261c00000,0x0000000261d00000) (1024K)]
  0x0000012f05512fe0 JavaThread "Worker-4716: Initialize workspace"        [_thread_blocked, id=38632, stack(0x0000000261900000,0x0000000261a00000) (1024K)]
  0x0000012f05514390 JavaThread "Connection worker"                 [_thread_blocked, id=33564, stack(0x0000000261e00000,0x0000000261f00000) (1024K)]
  0x0000012f05510f10 JavaThread "pool-532-thread-1"                 [_thread_blocked, id=13280, stack(0x0000000261a00000,0x0000000261b00000) (1024K)]
  0x0000012f05513670 JavaThread "Timer-531"                         [_thread_blocked, id=28412, stack(0x0000000262200000,0x0000000262300000) (1024K)]
  0x0000012f05517ea0 JavaThread "Worker-4726: Initialize workspace"        [_thread_blocked, id=12248, stack(0x0000000262100000,0x0000000262200000) (1024K)]
  0x0000012f055150b0 JavaThread "Connection worker"                 [_thread_blocked, id=12368, stack(0x0000000262000000,0x0000000262100000) (1024K)]
  0x0000012f05517180 JavaThread "pool-533-thread-1"                 [_thread_blocked, id=24608, stack(0x0000000262300000,0x0000000262400000) (1024K)]
  0x0000012f05514a20 JavaThread "Timer-532"                         [_thread_blocked, id=2852, stack(0x0000000262900000,0x0000000262a00000) (1024K)]
  0x0000012f05518530 JavaThread "Worker-4733: Initialize workspace"        [_thread_blocked, id=39848, stack(0x0000000262e00000,0x0000000262f00000) (1024K)]
  0x0000012f05517810 JavaThread "Connection worker"                 [_thread_blocked, id=25512, stack(0x0000000262800000,0x0000000262900000) (1024K)]
  0x0000012f05516460 JavaThread "pool-534-thread-1"                 [_thread_blocked, id=10784, stack(0x0000000262600000,0x0000000262700000) (1024K)]
  0x0000012f05515740 JavaThread "Timer-533"                         [_thread_blocked, id=9840, stack(0x0000000263000000,0x0000000263100000) (1024K)]
  0x0000012f05518bc0 JavaThread "Worker-4745: Initialize workspace"        [_thread_blocked, id=1880, stack(0x0000000262f00000,0x0000000263000000) (1024K)]
  0x0000012f05516af0 JavaThread "Connection worker"                 [_thread_blocked, id=5372, stack(0x0000000263100000,0x0000000263200000) (1024K)]
  0x0000012f05515dd0 JavaThread "pool-535-thread-1"                 [_thread_blocked, id=25480, stack(0x0000000263200000,0x0000000263300000) (1024K)]
  0x0000012f0551b320 JavaThread "Timer-534"                         [_thread_blocked, id=25160, stack(0x0000000263400000,0x0000000263500000) (1024K)]
  0x0000012f0551c040 JavaThread "Worker-4759: Initialize workspace"        [_thread_blocked, id=38176, stack(0x0000000263300000,0x0000000263400000) (1024K)]
  0x0000012f05519250 JavaThread "Connection worker"                 [_thread_blocked, id=38788, stack(0x0000000263500000,0x0000000263600000) (1024K)]
  0x0000012f0551b9b0 JavaThread "pool-536-thread-1"                 [_thread_blocked, id=29516, stack(0x0000000262c00000,0x0000000262d00000) (1024K)]
  0x0000012f055198e0 JavaThread "Timer-535"                         [_thread_blocked, id=40636, stack(0x0000000263800000,0x0000000263900000) (1024K)]
  0x0000012f0551ac90 JavaThread "Worker-4766: Initialize workspace"        [_thread_blocked, id=39388, stack(0x0000000263700000,0x0000000263800000) (1024K)]
  0x0000012f0551a600 JavaThread "Connection worker"                 [_thread_blocked, id=3040, stack(0x0000000263900000,0x0000000263a00000) (1024K)]
  0x0000012f0551c6d0 JavaThread "pool-537-thread-1"                 [_thread_blocked, id=36468, stack(0x0000000263600000,0x0000000263700000) (1024K)]
  0x0000012f05519f70 JavaThread "Timer-536"                         [_thread_blocked, id=35232, stack(0x0000000263d00000,0x0000000263e00000) (1024K)]
  0x0000012f0551fb50 JavaThread "Connection worker"                 [_thread_blocked, id=15784, stack(0x0000000263e00000,0x0000000263f00000) (1024K)]
  0x0000012f0551da80 JavaThread "pool-538-thread-1"                 [_thread_blocked, id=33092, stack(0x0000000263b00000,0x0000000263c00000) (1024K)]
  0x0000012f0551f4c0 JavaThread "Timer-537"                         [_thread_blocked, id=14084, stack(0x0000000264200000,0x0000000264300000) (1024K)]
  0x0000012f0551cd60 JavaThread "Worker-4787: Initialize workspace"        [_thread_blocked, id=23016, stack(0x0000000259300000,0x0000000259400000) (1024K)]
  0x0000012f0551d3f0 JavaThread "Timer-538"                         [_thread_blocked, id=12152, stack(0x0000000264500000,0x0000000264600000) (1024K)]
  0x0000012f05520f00 JavaThread "Worker-4798: Initialize workspace"        [_thread_blocked, id=19336, stack(0x0000000264100000,0x0000000264200000) (1024K)]
  0x0000012f05521590 JavaThread "Connection worker"                 [_thread_blocked, id=29588, stack(0x0000000264800000,0x0000000264900000) (1024K)]
  0x0000012f05520870 JavaThread "pool-540-thread-1"                 [_thread_blocked, id=27340, stack(0x0000000223c00000,0x0000000223d00000) (1024K)]
  0x0000012f055250a0 JavaThread "Connection worker"                 [_thread_blocked, id=36736, stack(0x0000000202c00000,0x0000000202d00000) (1024K)]
  0x0000012f05522940 JavaThread "Connection worker"                 [_thread_blocked, id=9348, stack(0x0000000202d00000,0x0000000202e00000) (1024K)]
  0x0000012f05525730 JavaThread "Connection worker"                 [_thread_blocked, id=31960, stack(0x0000000200400000,0x0000000200500000) (1024K)]
  0x0000012f05524a10 JavaThread "Connection worker"                 [_thread_blocked, id=5200, stack(0x0000000200900000,0x0000000200a00000) (1024K)]
  0x0000012f055222b0 JavaThread "Timer-539"                         [_thread_blocked, id=41380, stack(0x0000000205700000,0x0000000205800000) (1024K)]
  0x0000012f05525dc0 JavaThread "Connection worker"                 [_thread_blocked, id=41396, stack(0x0000000205900000,0x0000000205a00000) (1024K)]
  0x0000012f0551e7a0 JavaThread "Worker-4810: Initialize workspace"        [_thread_blocked, id=36420, stack(0x000000022a600000,0x000000022a700000) (1024K)]
  0x0000012f05526450 JavaThread "Connection worker"                 [_thread_blocked, id=39340, stack(0x0000000264900000,0x0000000264a00000) (1024K)]
  0x0000012f05528bb0 JavaThread "pool-541-thread-1"                 [_thread_blocked, id=41168, stack(0x0000000264e00000,0x0000000264f00000) (1024K)]
  0x0000012f05529240 JavaThread "Timer-540"                         [_thread_blocked, id=16740, stack(0x0000000264f00000,0x0000000265000000) (1024K)]
  0x0000012f05529f60 JavaThread "Worker-4817: Initialize workspace"        [_thread_blocked, id=34052, stack(0x0000000265800000,0x0000000265900000) (1024K)]
  0x0000012f0552cd50 JavaThread "Timer-541"                         [_thread_blocked, id=3552, stack(0x0000000265d00000,0x0000000265e00000) (1024K)]
  0x0000012f05536440 JavaThread "Timer-542"                         [_thread_blocked, id=34524, stack(0x0000000267b00000,0x0000000267c00000) (1024K)]
  0x0000012f054fc060 JavaThread "Worker-4841: Initialize workspace"        [_thread_blocked, id=34828, stack(0x000000025ab00000,0x000000025ac00000) (1024K)]
  0x0000012ecd0cff30 JavaThread "Timer-543"                         [_thread_blocked, id=33172, stack(0x0000000259500000,0x0000000259600000) (1024K)]
  0x0000012ec1af66b0 JavaThread "Connection worker"                 [_thread_blocked, id=4996, stack(0x0000000259600000,0x0000000259700000) (1024K)]
  0x0000012ec1b0c910 JavaThread "Worker-4857: Initialize workspace"        [_thread_blocked, id=34976, stack(0x0000000259900000,0x0000000259a00000) (1024K)]
  0x0000012ec1b0fd90 JavaThread "pool-545-thread-1"                 [_thread_blocked, id=41024, stack(0x0000000205500000,0x0000000205600000) (1024K)]
  0x0000012ecd0f0c30 JavaThread "Timer-544"                         [_thread_blocked, id=23088, stack(0x000000020ac00000,0x000000020ad00000) (1024K)]
  0x0000012ecd0eeb60 JavaThread "Worker-4864: Initialize workspace"        [_thread_blocked, id=37768, stack(0x0000000223a00000,0x0000000223b00000) (1024K)]
  0x0000012ecd0ea9c0 JavaThread "Connection worker"                 [_thread_blocked, id=41908, stack(0x0000000204400000,0x0000000204500000) (1024K)]
  0x0000012ecd108f60 JavaThread "pool-546-thread-1"                 [_thread_blocked, id=30864, stack(0x000000024f100000,0x000000024f200000) (1024K)]
  0x0000012ecd0fde30 JavaThread "Timer-545"                         [_thread_blocked, id=33408, stack(0x0000000259b00000,0x0000000259c00000) (1024K)]
  0x0000012ecd4cdc50 JavaThread "Worker-4875: Initialize workspace"        [_thread_blocked, id=38332, stack(0x000000020fd00000,0x000000020fe00000) (1024K)]
  0x0000012f054f9900 JavaThread "Connection worker"                 [_thread_blocked, id=17480, stack(0x0000000203700000,0x0000000203800000) (1024K)]
  0x0000012ecd0cc420 JavaThread "Timer-546"                         [_thread_blocked, id=40496, stack(0x0000000211a00000,0x0000000211b00000) (1024K)]
  0x0000012ecd0ef1f0 JavaThread "Connection worker"                 [_thread_blocked, id=34556, stack(0x000000020dc00000,0x000000020dd00000) (1024K)]
  0x0000012ecd0e6eb0 JavaThread "Connection worker"                 [_thread_blocked, id=16864, stack(0x000000020a100000,0x000000020a200000) (1024K)]
  0x0000012ecd0fd110 JavaThread "Connection worker"                 [_thread_blocked, id=32452, stack(0x000000020d900000,0x000000020da00000) (1024K)]
  0x0000012eff9f3340 JavaThread "Connection worker"                 [_thread_blocked, id=37388, stack(0x000000020dd00000,0x000000020de00000) (1024K)]
  0x0000012eff9f6e50 JavaThread "Connection worker"                 [_thread_blocked, id=14376, stack(0x0000000214500000,0x0000000214600000) (1024K)]
  0x0000012eff9f95b0 JavaThread "pool-548-thread-1"                 [_thread_blocked, id=14992, stack(0x0000000214600000,0x0000000214700000) (1024K)]
  0x0000012eff9fd0c0 JavaThread "Connection worker"                 [_thread_blocked, id=25680, stack(0x000000020c600000,0x000000020c700000) (1024K)]
  0x0000012effa05400 JavaThread "Connection worker"                 [_thread_blocked, id=34468, stack(0x0000000212600000,0x0000000212700000) (1024K)]
  0x0000012effa039c0 JavaThread "Worker-4891: Initialize workspace"        [_thread_blocked, id=34100, stack(0x0000000214f00000,0x0000000215000000) (1024K)]
  0x0000012eff9f39d0 JavaThread "Timer-547"                         [_thread_blocked, id=26208, stack(0x0000000211700000,0x0000000211800000) (1024K)]
  0x0000012effa06120 JavaThread "Worker-4898: Initialize workspace"        [_thread_blocked, id=20052, stack(0x0000000215500000,0x0000000215600000) (1024K)]
  0x0000012effa02ca0 JavaThread "Connection worker"                 [_thread_blocked, id=35068, stack(0x0000000213f00000,0x0000000214000000) (1024K)]
  0x0000012eff9f2620 JavaThread "Connection worker"                 [_thread_blocked, id=27120, stack(0x0000000212000000,0x0000000212100000) (1024K)]
  0x0000012eff9f9c40 JavaThread "Connection worker"                 [_thread_blocked, id=19816, stack(0x0000000200600000,0x0000000200700000) (1024K)]
  0x0000012eff9fdde0 JavaThread "pool-549-thread-1"                 [_thread_blocked, id=39272, stack(0x0000000211e00000,0x0000000211f00000) (1024K)]
  0x0000012eff9fd750 JavaThread "Connection worker"                 [_thread_blocked, id=13580, stack(0x0000000212500000,0x0000000212600000) (1024K)]
  0x0000012effa03330 JavaThread "Timer-548"                         [_thread_blocked, id=37408, stack(0x0000000213100000,0x0000000213200000) (1024K)]
  0x0000012effa06e40 JavaThread "Connection worker"                 [_thread_blocked, id=32616, stack(0x0000000213a00000,0x0000000213b00000) (1024K)]
  0x0000012effa095a0 JavaThread "Connection worker"                 [_thread_blocked, id=29596, stack(0x0000000208000000,0x0000000208100000) (1024K)]
  0x0000012ed507e0e0 JavaThread "Connection worker"                 [_thread_blocked, id=32440, stack(0x0000000214100000,0x0000000214200000) (1024K)]
  0x0000012ed5078500 JavaThread "Connection worker"                 [_thread_blocked, id=36312, stack(0x0000000208900000,0x0000000208a00000) (1024K)]
  0x0000012ed508fb10 JavaThread "Connection worker"                 [_thread_blocked, id=24044, stack(0x0000000215100000,0x0000000215200000) (1024K)]
  0x0000012ed5093cb0 JavaThread "Connection worker"                 [_thread_blocked, id=40500, stack(0x0000000217600000,0x0000000217700000) (1024K)]
  0x0000012eced56da0 JavaThread "Worker-4913: Initialize workspace"        [_thread_blocked, id=9668, stack(0x0000000213900000,0x0000000213a00000) (1024K)]
  0x0000012eced6c970 JavaThread "Connection worker"                 [_thread_blocked, id=24480, stack(0x000000021d800000,0x000000021d900000) (1024K)]
  0x0000012eced5a8b0 JavaThread "Connection worker"                 [_thread_blocked, id=26856, stack(0x000000021e600000,0x000000021e700000) (1024K)]
  0x0000012eced5f770 JavaThread "Connection worker"                 [_thread_blocked, id=35836, stack(0x0000000202900000,0x0000000202a00000) (1024K)]
  0x0000012eced5e3c0 JavaThread "Connection worker"                 [_thread_blocked, id=22684, stack(0x0000000204500000,0x0000000204600000) (1024K)]
  0x0000012eced6f760 JavaThread "Connection worker"                 [_thread_blocked, id=41384, stack(0x0000000201200000,0x0000000201300000) (1024K)]
  0x0000012eced70480 JavaThread "Connection worker"                 [_thread_blocked, id=29184, stack(0x0000000201300000,0x0000000201400000) (1024K)]
  0x0000012eced70b10 JavaThread "Connection worker"                 [_thread_blocked, id=7248, stack(0x0000000219a00000,0x0000000219b00000) (1024K)]
  0x0000012eced711a0 JavaThread "Connection worker"                 [_thread_blocked, id=29468, stack(0x0000000206c00000,0x0000000206d00000) (1024K)]
  0x0000012eced3fe20 JavaThread "Connection worker"                 [_thread_blocked, id=9992, stack(0x000000021a100000,0x000000021a200000) (1024K)]
  0x0000012eced3f100 JavaThread "Connection worker"                 [_thread_blocked, id=39036, stack(0x0000000207200000,0x0000000207300000) (1024K)]
  0x0000012eced6af30 JavaThread "Connection worker"                 [_thread_blocked, id=17872, stack(0x000000021e800000,0x000000021e900000) (1024K)]
  0x0000012eced6bc50 JavaThread "Timer-549"                         [_thread_blocked, id=38760, stack(0x000000021ee00000,0x000000021ef00000) (1024K)]
  0x0000012eced6c2e0 JavaThread "Connection worker"                 [_thread_blocked, id=14896, stack(0x000000021f000000,0x000000021f100000) (1024K)]
  0x0000012eced69b80 JavaThread "Connection worker"                 [_thread_blocked, id=33556, stack(0x000000021fc00000,0x000000021fd00000) (1024K)]
  0x0000012eced44ce0 JavaThread "Connection worker"                 [_thread_blocked, id=33488, stack(0x000000021fe00000,0x000000021ff00000) (1024K)]
  0x0000012eced63280 JavaThread "Connection worker"                 [_thread_blocked, id=20908, stack(0x000000021ff00000,0x0000000220000000) (1024K)]
  0x0000012eced659e0 JavaThread "Connection worker"                 [_thread_blocked, id=12820, stack(0x0000000206e00000,0x0000000206f00000) (1024K)]
  0x0000012eced65350 JavaThread "Worker-4922: Initialize workspace"        [_thread_blocked, id=31536, stack(0x0000000207400000,0x0000000207500000) (1024K)]
  0x0000012eced67ab0 JavaThread "Connection worker"                 [_thread_blocked, id=13988, stack(0x000000021fa00000,0x000000021fb00000) (1024K)]
  0x0000012eced68e60 JavaThread "Connection worker"                 [_thread_blocked, id=34756, stack(0x0000000208800000,0x0000000208900000) (1024K)]
  0x0000012eced3e3e0 JavaThread "Connection worker"                 [_thread_blocked, id=12372, stack(0x0000000208b00000,0x0000000208c00000) (1024K)]
  0x0000012eced46720 JavaThread "Connection worker"                 [_thread_blocked, id=41220, stack(0x000000021f100000,0x000000021f200000) (1024K)]
  0x0000012eced63fa0 JavaThread "pool-551-thread-1"                 [_thread_blocked, id=33016, stack(0x000000021f200000,0x000000021f300000) (1024K)]
  0x0000012eced62bf0 JavaThread "Connection worker"                 [_thread_blocked, id=13572, stack(0x0000000202300000,0x0000000202400000) (1024K)]
  0x0000012f05522fd0 JavaThread "Connection worker"                 [_thread_blocked, id=34740, stack(0x0000000202600000,0x0000000202700000) (1024K)]
  0x0000012f05535720 JavaThread "Connection worker"                 [_thread_blocked, id=24228, stack(0x0000000206100000,0x0000000206200000) (1024K)]
  0x0000012f05526ae0 JavaThread "Connection worker"                 [_thread_blocked, id=2080, stack(0x000000020bf00000,0x000000020c000000) (1024K)]
  0x0000012f05501c40 JavaThread "Timer-550"                         [_thread_blocked, id=41372, stack(0x0000000220700000,0x0000000220800000) (1024K)]
  0x0000012f05500200 JavaThread "Worker-4931: Initialize workspace"        [_thread_blocked, id=9696, stack(0x0000000220100000,0x0000000220200000) (1024K)]
  0x0000012f05505de0 JavaThread "Timer-551"                         [_thread_blocked, id=14504, stack(0x0000000221700000,0x0000000221800000) (1024K)]
  0x0000012f05506b00 JavaThread "Connection worker"                 [_thread_blocked, id=32444, stack(0x0000000221900000,0x0000000221a00000) (1024K)]
  0x0000012f05527170 JavaThread "Worker-4941: Initialize workspace"        [_thread_blocked, id=30216, stack(0x0000000220800000,0x0000000220900000) (1024K)]
  0x0000012f05505750 JavaThread "Connection worker"                 [_thread_blocked, id=28072, stack(0x0000000221800000,0x0000000221900000) (1024K)]
  0x0000012ec1b038b0 JavaThread "Timer-552"                         [_thread_blocked, id=25196, stack(0x0000000222f00000,0x0000000223000000) (1024K)]
  0x0000012ec1afd640 JavaThread "Worker-4950: Initialize workspace"        [_thread_blocked, id=10688, stack(0x0000000220c00000,0x0000000220d00000) (1024K)]
  0x0000012ec1b017e0 JavaThread "Connection worker"                 [_thread_blocked, id=38048, stack(0x0000000223700000,0x0000000223800000) (1024K)]
  0x0000012ec1b05980 JavaThread "pool-554-thread-1"                 [_thread_blocked, id=14768, stack(0x0000000222c00000,0x0000000222d00000) (1024K)]
  0x0000012ed64fa4d0 JavaThread "Timer-553"                         [_thread_blocked, id=41808, stack(0x0000000226000000,0x0000000226100000) (1024K)]
  0x0000012ece9e9bf0 JavaThread "Worker-4967: Initialize workspace"        [_thread_blocked, id=11160, stack(0x0000000227c00000,0x0000000227d00000) (1024K)]
  0x0000012ece9eb630 JavaThread "Connection worker"                 [_thread_blocked, id=37896, stack(0x0000000229600000,0x0000000229700000) (1024K)]
  0x0000012ece9f04f0 JavaThread "pool-555-thread-1"                 [_thread_blocked, id=28180, stack(0x0000000229c00000,0x0000000229d00000) (1024K)]
  0x0000012eca65c570 JavaThread "Timer-554"                         [_thread_blocked, id=22508, stack(0x000000022fe00000,0x000000022ff00000) (1024K)]
  0x0000012efed60130 JavaThread "Worker-4973: Initialize workspace"        [_thread_blocked, id=35152, stack(0x000000022e300000,0x000000022e400000) (1024K)]
  0x0000012ecd0e88f0 JavaThread "Timer-555"                         [_thread_blocked, id=16060, stack(0x000000025d700000,0x000000025d800000) (1024K)]
  0x0000012ecd105450 JavaThread "Connection worker"                 [_thread_blocked, id=2296, stack(0x0000000262b00000,0x0000000262c00000) (1024K)]
  0x0000012eca65b1c0 JavaThread "Worker-4989: Initialize workspace"        [_thread_blocked, id=14700, stack(0x0000000264a00000,0x0000000264b00000) (1024K)]
  0x0000012ecc7b8610 JavaThread "pool-557-thread-1"                 [_thread_blocked, id=25832, stack(0x000000025d500000,0x000000025d600000) (1024K)]
  0x0000012f05503680 JavaThread "Connection worker"                 [_thread_blocked, id=11836, stack(0x0000000209600000,0x0000000209700000) (1024K)]
  0x0000012ecd10b6c0 JavaThread "Timer-556"                         [_thread_blocked, id=30412, stack(0x0000000268500000,0x0000000268600000) (1024K)]
  0x0000012eced6d000 JavaThread "Worker-4999: Initialize workspace"        [_thread_blocked, id=40384, stack(0x0000000269900000,0x0000000269a00000) (1024K)]
  0x0000012ed5082280 JavaThread "Connection worker"                 [_thread_blocked, id=11120, stack(0x0000000259c00000,0x0000000259d00000) (1024K)]
  0x0000012ed507ac60 JavaThread "pool-558-thread-1"                 [_thread_blocked, id=2716, stack(0x0000000269b00000,0x0000000269c00000) (1024K)]
  0x0000012f054fb340 JavaThread "Connection worker"                 [_thread_blocked, id=17048, stack(0x000000022f900000,0x000000022fa00000) (1024K)]
  0x0000012eff82c160 JavaThread "Timer-557"                         [_thread_blocked, id=40456, stack(0x0000000268400000,0x0000000268500000) (1024K)]
  0x0000012ecd4fc870 JavaThread "Worker-5012: Initialize workspace"        [_thread_blocked, id=25956, stack(0x0000000268800000,0x0000000268900000) (1024K)]
  0x0000012ecd4fb4c0 JavaThread "Connection worker"                 [_thread_blocked, id=40964, stack(0x0000000220b00000,0x0000000220c00000) (1024K)]
  0x0000012ecd4ed5a0 JavaThread "pool-559-thread-1"                 [_thread_blocked, id=15016, stack(0x0000000220f00000,0x0000000221000000) (1024K)]
  0x0000012ecd4e10c0 JavaThread "Timer-558"                         [_thread_blocked, id=19824, stack(0x000000026a300000,0x000000026a400000) (1024K)]
  0x0000012ecd4d7340 JavaThread "Connection worker"                 [_thread_blocked, id=9364, stack(0x0000000265a00000,0x0000000265b00000) (1024K)]
  0x0000012ecd4deff0 JavaThread "pool-560-thread-1"                 [_thread_blocked, id=6312, stack(0x000000026a200000,0x000000026a300000) (1024K)]
  0x0000012ecd4dfd10 JavaThread "Worker-5025: Initialize workspace"        [_thread_blocked, id=29400, stack(0x000000026a400000,0x000000026a500000) (1024K)]
  0x0000012ecd505240 JavaThread "Timer-559"                         [_thread_blocked, id=15616, stack(0x000000026a600000,0x000000026a700000) (1024K)]
  0x0000012ed604ed90 JavaThread "Connection worker"                 [_thread_blocked, id=40796, stack(0x000000025a000000,0x000000025a100000) (1024K)]
  0x0000012ed6054970 JavaThread "Worker-5035: Initialize workspace"        [_thread_blocked, id=34344, stack(0x0000000265900000,0x0000000265a00000) (1024K)]
  0x0000012ed60507d0 JavaThread "pool-561-thread-1"                 [_thread_blocked, id=29948, stack(0x000000022a400000,0x000000022a500000) (1024K)]
  0x0000012f054f8550 JavaThread "Timer-560"                         [_thread_blocked, id=9360, stack(0x0000000219d00000,0x0000000219e00000) (1024K)]
  0x0000012f054fd410 JavaThread "Worker-5043: Initialize workspace"        [_thread_blocked, id=13332, stack(0x0000000265e00000,0x0000000265f00000) (1024K)]
  0x0000012f05502ff0 JavaThread "Connection worker"                 [_thread_blocked, id=41328, stack(0x0000000266100000,0x0000000266200000) (1024K)]
  0x0000012f055022d0 JavaThread "pool-562-thread-1"                 [_thread_blocked, id=30952, stack(0x0000000220300000,0x0000000220400000) (1024K)]
  0x0000012f0550da90 JavaThread "Timer-561"                         [_thread_blocked, id=18068, stack(0x0000000266500000,0x0000000266600000) (1024K)]
  0x0000012f05527800 JavaThread "Connection worker"                 [_thread_blocked, id=38112, stack(0x0000000259700000,0x0000000259800000) (1024K)]
  0x0000012f05528520 JavaThread "pool-563-thread-1"                 [_thread_blocked, id=40320, stack(0x0000000259400000,0x0000000259500000) (1024K)]
  0x0000012f05527e90 JavaThread "Worker-5058: Initialize workspace"        [_thread_blocked, id=27396, stack(0x000000025a200000,0x000000025a300000) (1024K)]
  0x0000012f0552ee20 JavaThread "Timer-562"                         [_thread_blocked, id=41680, stack(0x000000025ce00000,0x000000025cf00000) (1024K)]
  0x0000012f0552b310 JavaThread "Worker-5068: Initialize workspace"        [_thread_blocked, id=16616, stack(0x0000000215800000,0x0000000215900000) (1024K)]
  0x0000012f055301d0 JavaThread "Connection worker"                 [_thread_blocked, id=37964, stack(0x0000000221d00000,0x0000000221e00000) (1024K)]
  0x0000012f0552d3e0 JavaThread "pool-564-thread-1"                 [_thread_blocked, id=31336, stack(0x0000000207500000,0x0000000207600000) (1024K)]
  0x0000012f05535090 JavaThread "Timer-563"                         [_thread_blocked, id=19516, stack(0x0000000266600000,0x0000000266700000) (1024K)]
  0x0000012f05530ef0 JavaThread "Worker-5077: Initialize workspace"        [_thread_blocked, id=30640, stack(0x0000000223500000,0x0000000223600000) (1024K)]
  0x0000012f0552da70 JavaThread "Connection worker"                 [_thread_blocked, id=22784, stack(0x000000025cb00000,0x000000025cc00000) (1024K)]
  0x0000012f05533ce0 JavaThread "pool-565-thread-1"                 [_thread_blocked, id=21172, stack(0x0000000265b00000,0x0000000265c00000) (1024K)]
  0x0000012f05531c10 JavaThread "Timer-564"                         [_thread_blocked, id=10128, stack(0x0000000266b00000,0x0000000266c00000) (1024K)]
  0x0000012f0552c030 JavaThread "Worker-5087: Initialize workspace"        [_thread_blocked, id=35808, stack(0x0000000258200000,0x0000000258300000) (1024K)]
  0x0000012f055201e0 JavaThread "Connection worker"                 [_thread_blocked, id=40932, stack(0x0000000266800000,0x0000000266900000) (1024K)]
  0x0000012f0551ee30 JavaThread "pool-566-thread-1"                 [_thread_blocked, id=24552, stack(0x0000000265600000,0x0000000265700000) (1024K)]
  0x0000012f05532930 JavaThread "Timer-565"                         [_thread_blocked, id=33344, stack(0x0000000266c00000,0x0000000266d00000) (1024K)]
  0x0000012f05534370 JavaThread "Worker-5097: Initialize workspace"        [_thread_blocked, id=38672, stack(0x0000000266e00000,0x0000000266f00000) (1024K)]
  0x0000012f054f8be0 JavaThread "Connection worker"                 [_thread_blocked, id=34048, stack(0x0000000266f00000,0x0000000267000000) (1024K)]
  0x0000012f055322a0 JavaThread "pool-567-thread-1"                 [_thread_blocked, id=32688, stack(0x0000000267100000,0x0000000267200000) (1024K)]
  0x0000012f055298d0 JavaThread "Timer-566"                         [_thread_blocked, id=16236, stack(0x0000000268000000,0x0000000268100000) (1024K)]
  0x0000012ecd4d3ec0 JavaThread "Worker-5107: Initialize workspace"        [_thread_blocked, id=37212, stack(0x0000000267400000,0x0000000267500000) (1024K)]
  0x0000012ecd4de2d0 JavaThread "Connection worker"                 [_thread_blocked, id=12264, stack(0x0000000268100000,0x0000000268200000) (1024K)]
  0x0000012ecd4cb4f0 JavaThread "pool-568-thread-1"                 [_thread_blocked, id=23256, stack(0x0000000267e00000,0x0000000267f00000) (1024K)]
  0x0000012ecd4e6ca0 JavaThread "Timer-567"                         [_thread_blocked, id=13336, stack(0x000000026a700000,0x000000026a800000) (1024K)]
  0x0000012ec1af7a60 JavaThread "Worker-5119: Initialize workspace"        [_thread_blocked, id=22960, stack(0x000000026aa00000,0x000000026ab00000) (1024K)]
  0x0000012ec1afe9f0 JavaThread "Connection worker"                 [_thread_blocked, id=15984, stack(0x000000026ab00000,0x000000026ac00000) (1024K)]
  0x0000012ec1af6d40 JavaThread "pool-569-thread-1"                 [_thread_blocked, id=31996, stack(0x000000026a500000,0x000000026a600000) (1024K)]
  0x0000012ecd0f12c0 JavaThread "Timer-568"                         [_thread_blocked, id=33040, stack(0x000000026b000000,0x000000026b100000) (1024K)]
  0x0000012ecd0d4df0 JavaThread "Worker-5129: Initialize workspace"        [_thread_blocked, id=10360, stack(0x0000000227000000,0x0000000227100000) (1024K)]
  0x0000012eff9fbd10 JavaThread "Connection worker"                 [_thread_blocked, id=36268, stack(0x000000026ad00000,0x000000026ae00000) (1024K)]
  0x0000012ec1b0aed0 JavaThread "pool-570-thread-1"                 [_thread_blocked, id=22912, stack(0x000000026b600000,0x000000026b700000) (1024K)]
  0x0000012ed64f76e0 JavaThread "Timer-569"                         [_thread_blocked, id=37792, stack(0x000000026b800000,0x000000026b900000) (1024K)]
  0x0000012ecae7ada0 JavaThread "Worker-5138: Initialize workspace"        [_thread_blocked, id=30176, stack(0x000000026b200000,0x000000026b300000) (1024K)]
  0x0000012ec1b045d0 JavaThread "Connection worker"                 [_thread_blocked, id=14176, stack(0x000000026af00000,0x000000026b000000) (1024K)]
  0x0000012f054ffb70 JavaThread "pool-571-thread-1"                 [_thread_blocked, id=39784, stack(0x000000026ba00000,0x000000026bb00000) (1024K)]
  0x0000012efed614e0 JavaThread "Timer-570"                         [_thread_blocked, id=26608, stack(0x000000026bf00000,0x000000026c000000) (1024K)]
  0x0000012ece9ebcc0 JavaThread "Worker-5152: Initialize workspace"        [_thread_blocked, id=38712, stack(0x000000022b900000,0x000000022ba00000) (1024K)]
  0x0000012ec177f2f0 JavaThread "Connection worker"                 [_thread_blocked, id=8300, stack(0x000000026c000000,0x000000026c100000) (1024K)]
  0x0000012ecd1e0300 JavaThread "pool-572-thread-1"                 [_thread_blocked, id=38796, stack(0x0000000227900000,0x0000000227a00000) (1024K)]
  0x0000012ecd4fa7a0 JavaThread "Timer-571"                         [_thread_blocked, id=35344, stack(0x000000026c700000,0x000000026c800000) (1024K)]
  0x0000012ecae7db90 JavaThread "Worker-5160: Initialize workspace"        [_thread_blocked, id=37152, stack(0x000000022fb00000,0x000000022fc00000) (1024K)]
  0x0000012eca656990 JavaThread "Connection worker"                 [_thread_blocked, id=31356, stack(0x000000022d600000,0x000000022d700000) (1024K)]
  0x0000012eff82dba0 JavaThread "pool-573-thread-1"                 [_thread_blocked, id=28212, stack(0x000000022c500000,0x000000022c600000) (1024K)]
  0x0000012f0552e100 JavaThread "Timer-572"                         [_thread_blocked, id=36360, stack(0x0000000267000000,0x0000000267100000) (1024K)]
  0x0000012eff9ffeb0 JavaThread "Connection worker"                 [_thread_blocked, id=35264, stack(0x0000000234b00000,0x0000000234c00000) (1024K)]
  0x0000012ecd17dc60 JavaThread "pool-574-thread-1"                 [_thread_blocked, id=41032, stack(0x0000000233300000,0x0000000233400000) (1024K)]
  0x0000012ecd181770 JavaThread "Worker-5175: Initialize workspace"        [_thread_blocked, id=32652, stack(0x0000000235700000,0x0000000235800000) (1024K)]
  0x0000012ecd0f2d00 JavaThread "Timer-573"                         [_thread_blocked, id=35708, stack(0x0000000250100000,0x0000000250200000) (1024K)]
  0x0000012ecd0ef880 JavaThread "Worker-5182: Initialize workspace"        [_thread_blocked, id=27480, stack(0x0000000250600000,0x0000000250700000) (1024K)]
  0x0000012ecd101940 JavaThread "Connection worker"                 [_thread_blocked, id=37448, stack(0x000000024ed00000,0x000000024ee00000) (1024K)]
  0x0000012ecd0f8f70 JavaThread "pool-575-thread-1"                 [_thread_blocked, id=40572, stack(0x0000000226c00000,0x0000000226d00000) (1024K)]
  0x0000012ecc7b3750 JavaThread "Timer-574"                         [_thread_blocked, id=38380, stack(0x000000025d300000,0x000000025d400000) (1024K)]
  0x0000012ecc7c30b0 JavaThread "Worker-5194: Initialize workspace"        [_thread_blocked, id=18300, stack(0x0000000253b00000,0x0000000253c00000) (1024K)]
  0x0000012ecd0fbd60 JavaThread "Connection worker"                 [_thread_blocked, id=12576, stack(0x000000025cd00000,0x000000025ce00000) (1024K)]
  0x0000012ecd100590 JavaThread "pool-576-thread-1"                 [_thread_blocked, id=38236, stack(0x000000025a400000,0x000000025a500000) (1024K)]
  0x0000012f05534a00 JavaThread "Timer-575"                         [_thread_blocked, id=39840, stack(0x000000025e600000,0x000000025e700000) (1024K)]
  0x0000012f0552a5f0 JavaThread "Worker-5206: Initialize workspace"        [_thread_blocked, id=39608, stack(0x000000025e200000,0x000000025e300000) (1024K)]
  0x0000012f0552c6c0 JavaThread "Connection worker"                 [_thread_blocked, id=30152, stack(0x000000025e700000,0x000000025e800000) (1024K)]
  0x0000012f0552fb40 JavaThread "pool-577-thread-1"                 [_thread_blocked, id=14908, stack(0x000000025d800000,0x000000025d900000) (1024K)]
  0x0000012ecc2e4730 JavaThread "Timer-576"                         [_thread_blocked, id=24876, stack(0x0000000261b00000,0x0000000261c00000) (1024K)]
  0x0000012ecc2f2650 JavaThread "Worker-5215: Initialize workspace"        [_thread_blocked, id=22948, stack(0x0000000224a00000,0x0000000224b00000) (1024K)]
  0x0000012ed64fb880 JavaThread "Connection worker"                 [_thread_blocked, id=39068, stack(0x000000025e800000,0x000000025e900000) (1024K)]
  0x0000012ed64fd950 JavaThread "pool-578-thread-1"                 [_thread_blocked, id=34372, stack(0x0000000225400000,0x0000000225500000) (1024K)]
  0x0000012ecc2e2660 JavaThread "Timer-577"                         [_thread_blocked, id=4888, stack(0x0000000266d00000,0x0000000266e00000) (1024K)]
  0x0000012ecc7c6530 JavaThread "Worker-5226: Initialize workspace"        [_thread_blocked, id=16512, stack(0x0000000264c00000,0x0000000264d00000) (1024K)]
  0x0000012ecc2ebd50 JavaThread "Connection worker"                 [_thread_blocked, id=31248, stack(0x0000000268300000,0x0000000268400000) (1024K)]
  0x0000012f02a242d0 JavaThread "pool-579-thread-1"                 [_thread_blocked, id=36588, stack(0x0000000268e00000,0x0000000268f00000) (1024K)]
  0x0000012ed5079220 JavaThread "Timer-578"                         [_thread_blocked, id=14588, stack(0x0000000269600000,0x0000000269700000) (1024K)]
  0x0000012f0552ac80 JavaThread "Worker-5237: Initialize workspace"        [_thread_blocked, id=36584, stack(0x0000000265700000,0x0000000265800000) (1024K)]
  0x0000012eced5d6a0 JavaThread "Connection worker"                 [_thread_blocked, id=37012, stack(0x0000000267500000,0x0000000267600000) (1024K)]
  0x0000012ed13f1420 JavaThread "pool-580-thread-1"                 [_thread_blocked, id=11512, stack(0x0000000269200000,0x0000000269300000) (1024K)]
  0x0000012f03556170 JavaThread "Timer-579"                         [_thread_blocked, id=27832, stack(0x000000026dd00000,0x000000026de00000) (1024K)]
  0x0000012f0355a310 JavaThread "Worker-5247: Initialize workspace"        [_thread_blocked, id=28156, stack(0x000000026d600000,0x000000026d700000) (1024K)]
  0x0000012f0355d100 JavaThread "Connection worker"                 [_thread_blocked, id=28804, stack(0x000000026e800000,0x000000026e900000) (1024K)]
  0x0000012f0355bd50 JavaThread "pool-581-thread-1"                 [_thread_blocked, id=29416, stack(0x000000026e200000,0x000000026e300000) (1024K)]
  0x0000012f0355de20 JavaThread "Timer-580"                         [_thread_blocked, id=35096, stack(0x0000000269c00000,0x0000000269d00000) (1024K)]
  0x0000012f0355d790 JavaThread "Connection worker"                 [_thread_blocked, id=33440, stack(0x0000000224c00000,0x0000000224d00000) (1024K)]
  0x0000012f0355a9a0 JavaThread "pool-582-thread-1"                 [_thread_blocked, id=31604, stack(0x0000000222b00000,0x0000000222c00000) (1024K)]
  0x0000012f0355b030 JavaThread "Worker-5265: Initialize workspace"        [_thread_blocked, id=33428, stack(0x0000000269e00000,0x0000000269f00000) (1024K)]
  0x0000012f0355eb40 JavaThread "Timer-581"                         [_thread_blocked, id=2576, stack(0x0000000234e00000,0x0000000234f00000) (1024K)]
  0x0000012f03561fc0 JavaThread "Worker-5273: Initialize workspace"        [_thread_blocked, id=16752, stack(0x000000022b500000,0x000000022b600000) (1024K)]
  0x0000012f0355fef0 JavaThread "Timer-582"                         [_thread_blocked, id=41444, stack(0x000000026f400000,0x000000026f500000) (1024K)]
  0x0000012f03562650 JavaThread "Worker-5284: Initialize workspace"        [_thread_blocked, id=23076, stack(0x000000022c600000,0x000000022c700000) (1024K)]
  0x0000012f03562ce0 JavaThread "Connection worker"                 [_thread_blocked, id=38588, stack(0x000000026ec00000,0x000000026ed00000) (1024K)]
  0x0000012f03560580 JavaThread "pool-584-thread-1"                 [_thread_blocked, id=14140, stack(0x000000023b600000,0x000000023b700000) (1024K)]
  0x0000012f0355f860 JavaThread "Timer-583"                         [_thread_blocked, id=19040, stack(0x000000026f600000,0x000000026f700000) (1024K)]
  0x0000012f0355f1d0 JavaThread "Worker-5293: Initialize workspace"        [_thread_blocked, id=15640, stack(0x000000022e200000,0x000000022e300000) (1024K)]
  0x0000012f03563a00 JavaThread "Connection worker"                 [_thread_blocked, id=11896, stack(0x0000000264400000,0x0000000264500000) (1024K)]
  0x0000012f03563370 JavaThread "pool-585-thread-1"                 [_thread_blocked, id=1172, stack(0x0000000230000000,0x0000000230100000) (1024K)]
  0x0000012f03564db0 JavaThread "Timer-584"                         [_thread_blocked, id=9200, stack(0x000000026f800000,0x000000026f900000) (1024K)]
  0x0000012f03564090 JavaThread "Worker-5306: Initialize workspace"        [_thread_blocked, id=28432, stack(0x000000025dd00000,0x000000025de00000) (1024K)]
  0x0000012f03566e80 JavaThread "Timer-585"                         [_thread_blocked, id=24832, stack(0x000000026f900000,0x000000026fa00000) (1024K)]
  0x0000012f03565ad0 JavaThread "Worker-5314: Initialize workspace"        [_thread_blocked, id=37760, stack(0x0000000268f00000,0x0000000269000000) (1024K)]
  0x0000012f03566160 JavaThread "Connection worker"                 [_thread_blocked, id=2764, stack(0x000000026fa00000,0x000000026fb00000) (1024K)]
  0x0000012f035667f0 JavaThread "pool-587-thread-1"                 [_thread_blocked, id=16532, stack(0x0000000268a00000,0x0000000268b00000) (1024K)]
  0x0000012f03567510 JavaThread "Timer-586"                         [_thread_blocked, id=30364, stack(0x000000026fe00000,0x000000026ff00000) (1024K)]
  0x0000012f03567ba0 JavaThread "Worker-5330: Initialize workspace"        [_thread_blocked, id=15916, stack(0x0000000265000000,0x0000000265100000) (1024K)]
  0x0000012f03568230 JavaThread "Connection worker"                 [_thread_blocked, id=5732, stack(0x0000000268d00000,0x0000000268e00000) (1024K)]
  0x0000012f035688c0 JavaThread "pool-588-thread-1"                 [_thread_blocked, id=760, stack(0x0000000209400000,0x0000000209500000) (1024K)]
  0x0000012f0356bd40 JavaThread "Timer-587"                         [_thread_blocked, id=10820, stack(0x000000026ff00000,0x0000000270000000) (1024K)]
  0x0000012f03565440 JavaThread "Worker-5338: Initialize workspace"        [_thread_blocked, id=32464, stack(0x000000025e100000,0x000000025e200000) (1024K)]
  0x0000012f03569c70 JavaThread "Connection worker"                 [_thread_blocked, id=33568, stack(0x000000025e500000,0x000000025e600000) (1024K)]
  0x0000012f035695e0 JavaThread "pool-589-thread-1"                 [_thread_blocked, id=19300, stack(0x0000000270000000,0x0000000270100000) (1024K)]
  0x0000012f0356d0f0 JavaThread "Timer-588"                         [_thread_blocked, id=36252, stack(0x0000000270200000,0x0000000270300000) (1024K)]
  0x0000012f0356b020 JavaThread "Worker-5349: Initialize workspace"        [_thread_blocked, id=36804, stack(0x0000000265200000,0x0000000265300000) (1024K)]
  0x0000012f0356a300 JavaThread "Connection worker"                 [_thread_blocked, id=41340, stack(0x000000026bd00000,0x000000026be00000) (1024K)]
  0x0000012f0356a990 JavaThread "pool-590-thread-1"                 [_thread_blocked, id=17676, stack(0x000000026bb00000,0x000000026bc00000) (1024K)]
  0x0000012f03568f50 JavaThread "Timer-589"                         [_thread_blocked, id=22768, stack(0x0000000270300000,0x0000000270400000) (1024K)]
  0x0000012f0356d780 JavaThread "Worker-5359: Initialize workspace"        [_thread_blocked, id=22724, stack(0x000000025e300000,0x000000025e400000) (1024K)]
  0x0000012f0356e4a0 JavaThread "Connection worker"                 [_thread_blocked, id=24652, stack(0x0000000270400000,0x0000000270500000) (1024K)]
  0x0000012f0356b6b0 JavaThread "pool-591-thread-1"                 [_thread_blocked, id=5584, stack(0x0000000225600000,0x0000000225700000) (1024K)]
  0x0000012f0356c3d0 JavaThread "Timer-590"                         [_thread_blocked, id=30008, stack(0x0000000270500000,0x0000000270600000) (1024K)]
  0x0000012f0356f850 JavaThread "Worker-5370: Initialize workspace"        [_thread_blocked, id=41492, stack(0x0000000266300000,0x0000000266400000) (1024K)]
  0x0000012f0356fee0 JavaThread "Connection worker"                 [_thread_blocked, id=27620, stack(0x000000026be00000,0x000000026bf00000) (1024K)]
  0x0000012f0356eb30 JavaThread "pool-592-thread-1"                 [_thread_blocked, id=1520, stack(0x000000026b700000,0x000000026b800000) (1024K)]
  0x0000012f03571fb0 JavaThread "Timer-591"                         [_thread_blocked, id=33416, stack(0x000000026c500000,0x000000026c600000) (1024K)]
  0x0000012f03570570 JavaThread "Worker-5380: Initialize workspace"        [_thread_blocked, id=30752, stack(0x0000000268700000,0x0000000268800000) (1024K)]
  0x0000012f03570c00 JavaThread "Connection worker"                 [_thread_blocked, id=13980, stack(0x000000026c100000,0x000000026c200000) (1024K)]
  0x0000012f03571290 JavaThread "pool-593-thread-1"                 [_thread_blocked, id=31900, stack(0x0000000232000000,0x0000000232100000) (1024K)]
  0x0000012f03572cd0 JavaThread "Timer-592"                         [_thread_blocked, id=39396, stack(0x000000026fb00000,0x000000026fc00000) (1024K)]
  0x0000012f03572640 JavaThread "Connection worker"                 [_thread_blocked, id=26600, stack(0x0000000268b00000,0x0000000268c00000) (1024K)]
  0x0000012f03571920 JavaThread "pool-594-thread-1"                 [_thread_blocked, id=18364, stack(0x0000000264d00000,0x0000000264e00000) (1024K)]
  0x0000012f0356f1c0 JavaThread "Worker-5395: Initialize workspace"        [_thread_blocked, id=9848, stack(0x0000000265300000,0x0000000265400000) (1024K)]
  0x0000012f035739f0 JavaThread "Timer-593"                         [_thread_blocked, id=34584, stack(0x000000026c800000,0x000000026c900000) (1024K)]
  0x0000012f03574080 JavaThread "Worker-5404: Initialize workspace"        [_thread_blocked, id=25648, stack(0x0000000223800000,0x0000000223900000) (1024K)]
  0x0000012f03577500 JavaThread "Connection worker"                 [_thread_blocked, id=34920, stack(0x0000000265100000,0x0000000265200000) (1024K)]
  0x0000012f03576150 JavaThread "pool-595-thread-1"                 [_thread_blocked, id=31264, stack(0x000000022c300000,0x000000022c400000) (1024K)]
  0x0000012f03574da0 JavaThread "Timer-594"                         [_thread_blocked, id=15864, stack(0x0000000269500000,0x0000000269600000) (1024K)]
  0x0000012f03574710 JavaThread "Worker-5413: Initialize workspace"        [_thread_blocked, id=9976, stack(0x000000022e900000,0x000000022ea00000) (1024K)]
  0x0000012f03575ac0 JavaThread "Connection worker"                 [_thread_blocked, id=15012, stack(0x0000000265500000,0x0000000265600000) (1024K)]
  0x0000012f03575430 JavaThread "pool-596-thread-1"                 [_thread_blocked, id=40648, stack(0x0000000223100000,0x0000000223200000) (1024K)]
  0x0000012f035795d0 JavaThread "Timer-595"                         [_thread_blocked, id=37108, stack(0x000000026c600000,0x000000026c700000) (1024K)]
  0x0000012f035767e0 JavaThread "Worker-5422: Initialize workspace"        [_thread_blocked, id=34768, stack(0x0000000227600000,0x0000000227700000) (1024K)]
  0x0000012f03578f40 JavaThread "Connection worker"                 [_thread_blocked, id=19464, stack(0x0000000256600000,0x0000000256700000) (1024K)]
  0x0000012f03573360 JavaThread "pool-597-thread-1"                 [_thread_blocked, id=41712, stack(0x000000022b400000,0x000000022b500000) (1024K)]
  0x0000012f03576e70 JavaThread "Timer-596"                         [_thread_blocked, id=26680, stack(0x0000000269000000,0x0000000269100000) (1024K)]
  0x0000012f03578220 JavaThread "Worker-5431: Initialize workspace"        [_thread_blocked, id=32796, stack(0x0000000268900000,0x0000000268a00000) (1024K)]
  0x0000012f03577b90 JavaThread "Connection worker"                 [_thread_blocked, id=22584, stack(0x000000022bd00000,0x000000022be00000) (1024K)]
  0x0000012f035788b0 JavaThread "pool-598-thread-1"                 [_thread_blocked, id=5588, stack(0x000000025de00000,0x000000025df00000) (1024K)]
  0x0000012f0353ca90 JavaThread "Timer-597"                         [_thread_blocked, id=29976, stack(0x000000026c900000,0x000000026ca00000) (1024K)]
  0x0000012f0353d120 JavaThread "Connection worker"                 [_thread_blocked, id=16660, stack(0x0000000266200000,0x0000000266300000) (1024K)]
  0x0000012f0353bd70 JavaThread "Worker-5448: Initialize workspace"        [_thread_blocked, id=2200, stack(0x0000000230a00000,0x0000000230b00000) (1024K)]
  0x0000012f0353d7b0 JavaThread "pool-599-thread-1"                 [_thread_blocked, id=10712, stack(0x0000000269400000,0x0000000269500000) (1024K)]
  0x0000012f0353de40 JavaThread "Timer-598"                         [_thread_blocked, id=32176, stack(0x0000000270800000,0x0000000270900000) (1024K)]
  0x0000012f0353b050 JavaThread "Worker-5456: Initialize workspace"        [_thread_blocked, id=23012, stack(0x000000022bf00000,0x000000022c000000) (1024K)]
  0x0000012f0353a9c0 JavaThread "Connection worker"                 [_thread_blocked, id=13716, stack(0x0000000270a00000,0x0000000270b00000) (1024K)]
  0x0000012f0353b6e0 JavaThread "pool-600-thread-1"                 [_thread_blocked, id=33796, stack(0x000000026ca00000,0x000000026cb00000) (1024K)]
  0x0000012f0353f1f0 JavaThread "Timer-599"                         [_thread_blocked, id=9084, stack(0x0000000270e00000,0x0000000270f00000) (1024K)]
  0x0000012f0353f880 JavaThread "Worker-5463: Initialize workspace"        [_thread_blocked, id=30128, stack(0x0000000270f00000,0x0000000271000000) (1024K)]
  0x0000012f0353e4d0 JavaThread "Connection worker"                 [_thread_blocked, id=33444, stack(0x0000000271000000,0x0000000271100000) (1024K)]
  0x0000012f0353c400 JavaThread "pool-601-thread-1"                 [_thread_blocked, id=18044, stack(0x0000000271200000,0x0000000271300000) (1024K)]
  0x0000012f03541fe0 JavaThread "Timer-600"                         [_thread_blocked, id=33772, stack(0x0000000271800000,0x0000000271900000) (1024K)]
  0x0000012f03542d00 JavaThread "Worker-5477: Initialize workspace"        [_thread_blocked, id=37396, stack(0x000000026c200000,0x000000026c300000) (1024K)]
  0x0000012f035405a0 JavaThread "Connection worker"                 [_thread_blocked, id=32836, stack(0x0000000271900000,0x0000000271a00000) (1024K)]
  0x0000012f03544740 JavaThread "pool-602-thread-1"                 [_thread_blocked, id=37224, stack(0x0000000272200000,0x0000000272300000) (1024K)]
  0x0000012f03547bc0 JavaThread "Timer-601"                         [_thread_blocked, id=1456, stack(0x0000000272900000,0x0000000272a00000) (1024K)]
  0x0000012f035488e0 JavaThread "Connection worker"                 [_thread_blocked, id=36472, stack(0x000000022da00000,0x000000022db00000) (1024K)]
  0x0000012f03548f70 JavaThread "Worker-5491: Initialize workspace"        [_thread_blocked, id=4800, stack(0x0000000204600000,0x0000000204700000) (1024K)]
  0x0000012f03548250 JavaThread "Connection worker"                 [_thread_blocked, id=10632, stack(0x0000000231b00000,0x0000000231c00000) (1024K)]
  0x0000012f03549600 JavaThread "pool-603-thread-1"                 [_thread_blocked, id=12224, stack(0x0000000272400000,0x0000000272500000) (1024K)]
  0x0000012f0354a9b0 JavaThread "Timer-602"                         [_thread_blocked, id=34244, stack(0x0000000273000000,0x0000000273100000) (1024K)]
  0x0000012f03546810 JavaThread "Worker-5500: Initialize workspace"        [_thread_blocked, id=12920, stack(0x000000026f300000,0x000000026f400000) (1024K)]
  0x0000012f03547530 JavaThread "Connection worker"                 [_thread_blocked, id=39780, stack(0x0000000272b00000,0x0000000272c00000) (1024K)]
  0x0000012f03546ea0 JavaThread "pool-604-thread-1"                 [_thread_blocked, id=39076, stack(0x000000026ef00000,0x000000026f000000) (1024K)]
  0x0000012f0354de30 JavaThread "Timer-603"                         [_thread_blocked, id=27576, stack(0x000000026cc00000,0x000000026cd00000) (1024K)]
  0x0000012f0354b040 JavaThread "Worker-5516: Initialize workspace"        [_thread_blocked, id=22780, stack(0x0000000273100000,0x0000000273200000) (1024K)]
  0x0000012f0355e4b0 JavaThread "Timer-604"                         [_thread_blocked, id=20332, stack(0x0000000273200000,0x0000000273300000) (1024K)]
  0x0000012f0355c3e0 JavaThread "Worker-5522: Initialize workspace"        [_thread_blocked, id=7212, stack(0x000000026d900000,0x000000026da00000) (1024K)]
  0x0000012f0356ca60 JavaThread "Connection worker"                 [_thread_blocked, id=7992, stack(0x0000000273300000,0x0000000273400000) (1024K)]
  0x0000012f03556e90 JavaThread "pool-606-thread-1"                 [_thread_blocked, id=31412, stack(0x000000026d000000,0x000000026d100000) (1024K)]
  0x0000012f03579c60 JavaThread "Timer-605"                         [_thread_blocked, id=23512, stack(0x0000000273700000,0x0000000273800000) (1024K)]
  0x0000012f0354c3f0 JavaThread "Worker-5532: Initialize workspace"        [_thread_blocked, id=38192, stack(0x0000000273900000,0x0000000273a00000) (1024K)]
  0x0000012f0354d110 JavaThread "Connection worker"                 [_thread_blocked, id=23616, stack(0x0000000273b00000,0x0000000273c00000) (1024K)]
  0x0000012f0354e4c0 JavaThread "pool-607-thread-1"                 [_thread_blocked, id=41048, stack(0x0000000273c00000,0x0000000273d00000) (1024K)]
  0x0000012f0354b6d0 JavaThread "Timer-606"                         [_thread_blocked, id=22608, stack(0x0000000274000000,0x0000000274100000) (1024K)]
  0x0000012f0354f1e0 JavaThread "Connection worker"                 [_thread_blocked, id=34032, stack(0x000000026eb00000,0x000000026ec00000) (1024K)]
  0x0000012f0354f870 JavaThread "pool-608-thread-1"                 [_thread_blocked, id=20216, stack(0x0000000251e00000,0x0000000251f00000) (1024K)]
  0x0000012f0354eb50 JavaThread "Worker-5549: Initialize workspace"        [_thread_blocked, id=38352, stack(0x0000000273500000,0x0000000273600000) (1024K)]
  0x0000012f03555ae0 JavaThread "Timer-607"                         [_thread_blocked, id=22580, stack(0x0000000273d00000,0x0000000273e00000) (1024K)]
  0x0000012f03554dc0 JavaThread "Worker-5556: Initialize workspace"        [_thread_blocked, id=5992, stack(0x0000000226a00000,0x0000000226b00000) (1024K)]
  0x0000012f0356de10 JavaThread "Timer-608"                         [_thread_blocked, id=10152, stack(0x0000000274200000,0x0000000274300000) (1024K)]
  0x0000012f03557bb0 JavaThread "Connection worker"                 [_thread_blocked, id=27240, stack(0x000000021b300000,0x000000021b400000) (1024K)]
  0x0000012f03556800 JavaThread "Worker-5568: Initialize workspace"        [_thread_blocked, id=12272, stack(0x0000000264b00000,0x0000000264c00000) (1024K)]
  0x0000012f03554730 JavaThread "Connection worker"                 [_thread_blocked, id=2276, stack(0x000000026d800000,0x000000026d900000) (1024K)]
  0x0000012f035512b0 JavaThread "pool-610-thread-1"                 [_thread_blocked, id=2548, stack(0x000000026e900000,0x000000026ea00000) (1024K)]
  0x0000012f03552660 JavaThread "Timer-609"                         [_thread_blocked, id=33560, stack(0x0000000274500000,0x0000000274600000) (1024K)]
  0x0000012f0353a330 JavaThread "Worker-5578: Initialize workspace"        [_thread_blocked, id=15596, stack(0x000000026da00000,0x000000026db00000) (1024K)]
  0x0000012f0354ca80 JavaThread "Connection worker"                 [_thread_blocked, id=24984, stack(0x0000000270c00000,0x0000000270d00000) (1024K)]
  0x0000012f03541950 JavaThread "pool-611-thread-1"                 [_thread_blocked, id=5612, stack(0x000000026e100000,0x000000026e200000) (1024K)]
  0x0000012f03550590 JavaThread "Timer-610"                         [_thread_blocked, id=5692, stack(0x0000000274800000,0x0000000274900000) (1024K)]
  0x0000012f03551940 JavaThread "Worker-5589: Initialize workspace"        [_thread_blocked, id=28864, stack(0x000000026ea00000,0x000000026eb00000) (1024K)]
  0x0000012f03557520 JavaThread "Connection worker"                 [_thread_blocked, id=19748, stack(0x0000000271100000,0x0000000271200000) (1024K)]
  0x0000012f0355b6c0 JavaThread "pool-612-thread-1"                 [_thread_blocked, id=23240, stack(0x000000026e600000,0x000000026e700000) (1024K)]
  0x0000012f03552cf0 JavaThread "Connection worker"                 [_thread_blocked, id=26900, stack(0x0000000274900000,0x0000000274a00000) (1024K)]
  0x0000012f03553380 JavaThread "Timer-611"                         [_thread_blocked, id=24012, stack(0x0000000211100000,0x0000000211200000) (1024K)]
  0x0000012f03553a10 JavaThread "Worker-5599: Initialize workspace"        [_thread_blocked, id=27628, stack(0x0000000217e00000,0x0000000217f00000) (1024K)]
  0x0000012f035540a0 JavaThread "Connection worker"                 [_thread_blocked, id=27260, stack(0x000000026e400000,0x000000026e500000) (1024K)]
  0x0000012f035588d0 JavaThread "Timer-612"                         [_thread_blocked, id=17260, stack(0x0000000274b00000,0x0000000274c00000) (1024K)]
  0x0000012ecd104dc0 JavaThread "pool-613-thread-1"                 [_thread_blocked, id=10424, stack(0x0000000274f00000,0x0000000275000000) (1024K)]
  0x0000012ecd0f1fe0 JavaThread "Worker-5610: Initialize workspace"        [_thread_blocked, id=19976, stack(0x000000026e000000,0x000000026e100000) (1024K)]
  0x0000012ecd0fa9b0 JavaThread "Connection worker"                 [_thread_blocked, id=40052, stack(0x0000000275400000,0x0000000275500000) (1024K)]
  0x0000012f05524380 JavaThread "pool-614-thread-1"                 [_thread_blocked, id=41920, stack(0x0000000275700000,0x0000000275800000) (1024K)]
  0x0000012f0552b9a0 JavaThread "Timer-613"                         [_thread_blocked, id=10040, stack(0x0000000275800000,0x0000000275900000) (1024K)]
  0x0000012ecd508d50 JavaThread "Worker-5621: Initialize workspace"        [_thread_blocked, id=39856, stack(0x0000000274600000,0x0000000274700000) (1024K)]
  0x0000012ecc2d5af0 JavaThread "Connection worker"                 [_thread_blocked, id=23204, stack(0x0000000275c00000,0x0000000275d00000) (1024K)]
  0x0000012ecc2e2cf0 JavaThread "pool-615-thread-1"                 [_thread_blocked, id=10404, stack(0x0000000275a00000,0x0000000275b00000) (1024K)]
  0x0000012ecd087320 JavaThread "Timer-614"                         [_thread_blocked, id=25168, stack(0x0000000276100000,0x0000000276200000) (1024K)]
  0x0000012eff9fa2d0 JavaThread "Worker-5631: Initialize workspace"        [_thread_blocked, id=34068, stack(0x0000000276200000,0x0000000276300000) (1024K)]
  0x0000012ed6500740 JavaThread "Connection worker"                 [_thread_blocked, id=42068, stack(0x0000000276700000,0x0000000276800000) (1024K)]
  0x0000012ed6504f70 JavaThread "pool-616-thread-1"                 [_thread_blocked, id=42076, stack(0x0000000276600000,0x0000000276700000) (1024K)]
  0x0000012ecae7b430 JavaThread "Timer-615"                         [_thread_blocked, id=42140, stack(0x0000000276c00000,0x0000000276d00000) (1024K)]
  0x0000012ecae799f0 JavaThread "Worker-5642: Initialize workspace"        [_thread_blocked, id=42212, stack(0x0000000276900000,0x0000000276a00000) (1024K)]
  0x0000012eca658a60 JavaThread "Connection worker"                 [_thread_blocked, id=42272, stack(0x0000000276e00000,0x0000000276f00000) (1024K)]
  0x0000012eca651ad0 JavaThread "pool-617-thread-1"                 [_thread_blocked, id=42292, stack(0x0000000276b00000,0x0000000276c00000) (1024K)]
  0x0000012f03558f60 JavaThread "Timer-616"                         [_thread_blocked, id=42332, stack(0x0000000277000000,0x0000000277100000) (1024K)]
  0x0000012f03559c80 JavaThread "Worker-5656: Initialize workspace"        [_thread_blocked, id=42380, stack(0x000000026cd00000,0x000000026ce00000) (1024K)]
  0x0000012f03550c20 JavaThread "Connection worker"                 [_thread_blocked, id=42404, stack(0x0000000277100000,0x0000000277200000) (1024K)]
  0x0000012f03558240 JavaThread "pool-618-thread-1"                 [_thread_blocked, id=42408, stack(0x0000000232200000,0x0000000232300000) (1024K)]
  0x0000012f05521c20 JavaThread "Timer-617"                         [_thread_blocked, id=42432, stack(0x0000000272f00000,0x0000000273000000) (1024K)]
  0x0000012ecd0f2670 JavaThread "Worker-5665: Initialize workspace"        [_thread_blocked, id=42532, stack(0x000000026de00000,0x000000026df00000) (1024K)]
  0x0000012f03549c90 JavaThread "Connection worker"                 [_thread_blocked, id=42616, stack(0x0000000277300000,0x0000000277400000) (1024K)]
  0x0000012f0354a320 JavaThread "pool-619-thread-1"                 [_thread_blocked, id=42624, stack(0x0000000272700000,0x0000000272800000) (1024K)]
  0x0000012f054fb9d0 JavaThread "Timer-618"                         [_thread_blocked, id=42648, stack(0x0000000277600000,0x0000000277700000) (1024K)]
  0x0000012ecd4cc8a0 JavaThread "Worker-5675: Initialize workspace"        [_thread_blocked, id=42668, stack(0x0000000277400000,0x0000000277500000) (1024K)]
  0x0000012ece9efe60 JavaThread "Connection worker"                 [_thread_blocked, id=42692, stack(0x0000000277800000,0x0000000277900000) (1024K)]
  0x0000012ece9ee420 JavaThread "pool-620-thread-1"                 [_thread_blocked, id=42696, stack(0x0000000261600000,0x0000000261700000) (1024K)]
  0x0000012f03551fd0 JavaThread "Timer-619"                         [_thread_blocked, id=42728, stack(0x0000000277900000,0x0000000277a00000) (1024K)]
  0x0000012ecc2e88d0 JavaThread "Worker-5687: Initialize workspace"        [_thread_blocked, id=42760, stack(0x000000026d500000,0x000000026d600000) (1024K)]
  0x0000012efed5bf90 JavaThread "Timer-620"                         [_thread_blocked, id=42840, stack(0x0000000277e00000,0x0000000277f00000) (1024K)]
  0x0000012f0552e790 JavaThread "Worker-5698: Initialize workspace"        [_thread_blocked, id=42864, stack(0x0000000277c00000,0x0000000277d00000) (1024K)]
  0x0000012f03543a20 JavaThread "Connection worker"                 [_thread_blocked, id=42880, stack(0x0000000277500000,0x0000000277600000) (1024K)]
  0x0000012f03545460 JavaThread "Connection worker"                 [_thread_blocked, id=42892, stack(0x000000021b600000,0x000000021b700000) (1024K)]
  0x0000012efc9f8430 JavaThread "pool-622-thread-1"                 [_thread_blocked, id=42928, stack(0x0000000277f00000,0x0000000278000000) (1024K)]
  0x0000012f05530860 JavaThread "Timer-621"                         [_thread_blocked, id=42936, stack(0x0000000271500000,0x0000000271600000) (1024K)]
  0x0000012ed6505c90 JavaThread "Worker-5709: Initialize workspace"        [_thread_blocked, id=26028, stack(0x000000025a500000,0x000000025a600000) (1024K)]
  0x0000012f03542670 JavaThread "Connection worker"                 [_thread_blocked, id=35188, stack(0x0000000278100000,0x0000000278200000) (1024K)]
  0x0000012f0353ff10 JavaThread "pool-623-thread-1"                 [_thread_blocked, id=19956, stack(0x0000000271700000,0x0000000271800000) (1024K)]
  0x0000012eff2385b0 JavaThread "Timer-622"                         [_thread_blocked, id=33224, stack(0x0000000278600000,0x0000000278700000) (1024K)]
  0x0000012eff826580 JavaThread "Worker-5719: Initialize workspace"        [_thread_blocked, id=42144, stack(0x000000026e500000,0x000000026e600000) (1024K)]
  0x0000012eff82a720 JavaThread "Connection worker"                 [_thread_blocked, id=42224, stack(0x0000000278200000,0x0000000278300000) (1024K)]
  0x0000012eff826c10 JavaThread "pool-624-thread-1"                 [_thread_blocked, id=25972, stack(0x0000000274300000,0x0000000274400000) (1024K)]
  0x0000012ef6e97c90 JavaThread "Timer-623"                         [_thread_blocked, id=42208, stack(0x0000000278900000,0x0000000278a00000) (1024K)]
  0x0000012f0354ff00 JavaThread "Worker-5729: Initialize workspace"        [_thread_blocked, id=38616, stack(0x0000000278300000,0x0000000278400000) (1024K)]
  0x0000012ecd17b500 JavaThread "Connection worker"                 [_thread_blocked, id=26100, stack(0x0000000278a00000,0x0000000278b00000) (1024K)]
  0x0000012ecd184560 JavaThread "pool-625-thread-1"                 [_thread_blocked, id=16200, stack(0x0000000278700000,0x0000000278800000) (1024K)]
  0x0000012ec1aff080 JavaThread "Timer-624"                         [_thread_blocked, id=25884, stack(0x0000000278d00000,0x0000000278e00000) (1024K)]
  0x0000012ed6076a20 JavaThread "Worker-5740: Initialize workspace"        [_thread_blocked, id=21300, stack(0x0000000278b00000,0x0000000278c00000) (1024K)]
  0x0000012ed60742c0 JavaThread "Connection worker"                 [_thread_blocked, id=38516, stack(0x0000000278e00000,0x0000000278f00000) (1024K)]
  0x0000012ed6069190 JavaThread "pool-626-thread-1"                 [_thread_blocked, id=35672, stack(0x0000000278c00000,0x0000000278d00000) (1024K)]
  0x0000012ecc7ca040 JavaThread "Timer-625"                         [_thread_blocked, id=23976, stack(0x0000000279200000,0x0000000279300000) (1024K)]
  0x0000012ecc7b6540 JavaThread "Worker-5751: Initialize workspace"        [_thread_blocked, id=42372, stack(0x0000000279000000,0x0000000279100000) (1024K)]
  0x0000012f03544dd0 JavaThread "Timer-626"                         [_thread_blocked, id=42500, stack(0x0000000279600000,0x0000000279700000) (1024K)]
  0x0000012f03543390 JavaThread "Worker-5762: Initialize workspace"        [_thread_blocked, id=42544, stack(0x0000000271600000,0x0000000271700000) (1024K)]
  0x0000012f03540c30 JavaThread "Connection worker"                 [_thread_blocked, id=41424, stack(0x0000000272100000,0x0000000272200000) (1024K)]
  0x0000012f035440b0 JavaThread "pool-628-thread-1"                 [_thread_blocked, id=42608, stack(0x0000000271b00000,0x0000000271c00000) (1024K)]
  0x0000012f03555450 JavaThread "Timer-627"                         [_thread_blocked, id=42520, stack(0x0000000278f00000,0x0000000279000000) (1024K)]
  0x0000012ecc7ca6d0 JavaThread "Worker-5770: Initialize workspace"        [_thread_blocked, id=42596, stack(0x0000000279800000,0x0000000279900000) (1024K)]
  0x0000012f03546180 JavaThread "Connection worker"                 [_thread_blocked, id=42684, stack(0x0000000272600000,0x0000000272700000) (1024K)]
  0x0000012f03545af0 JavaThread "pool-629-thread-1"                 [_thread_blocked, id=38180, stack(0x0000000272500000,0x0000000272600000) (1024K)]
  0x0000012ed3b646f0 JavaThread "Timer-628"                         [_thread_blocked, id=42712, stack(0x0000000279a00000,0x0000000279b00000) (1024K)]
  0x0000012ec1b0a840 JavaThread "Connection worker"                 [_thread_blocked, id=16760, stack(0x0000000203d00000,0x0000000203e00000) (1024K)]
  0x0000012ecd0e8260 JavaThread "Connection worker"                 [_thread_blocked, id=41000, stack(0x0000000204100000,0x0000000204200000) (1024K)]
  0x0000012ecd0f88e0 JavaThread "pool-630-thread-1"                 [_thread_blocked, id=42772, stack(0x0000000279700000,0x0000000279800000) (1024K)]
  0x0000012ecd0feb50 JavaThread "Worker-5788: Initialize workspace"        [_thread_blocked, id=12624, stack(0x0000000279900000,0x0000000279a00000) (1024K)]
  0x0000012ed3b62cb0 JavaThread "Connection worker"                 [_thread_blocked, id=42844, stack(0x0000000206b00000,0x0000000206c00000) (1024K)]
  0x0000012ecc2e7bb0 JavaThread "Connection worker"                 [_thread_blocked, id=42868, stack(0x0000000234000000,0x0000000234100000) (1024K)]
  0x0000012ed604b280 JavaThread "Connection worker"                 [_thread_blocked, id=42980, stack(0x0000000219500000,0x0000000219600000) (1024K)]
  0x0000012eced4a230 JavaThread "Timer-629"                         [_thread_blocked, id=42220, stack(0x0000000235600000,0x0000000235700000) (1024K)]
  0x0000012eced57ac0 JavaThread "Worker-5796: Initialize workspace"        [_thread_blocked, id=39672, stack(0x000000021d500000,0x000000021d600000) (1024K)]
  0x0000012ed604bfa0 JavaThread "Connection worker"                 [_thread_blocked, id=42584, stack(0x0000000279b00000,0x0000000279c00000) (1024K)]
  0x0000012ec1779da0 JavaThread "pool-631-thread-1"                 [_thread_blocked, id=42568, stack(0x000000027a400000,0x000000027a500000) (1024K)]
  0x0000012ecd4e1750 JavaThread "Timer-630"                         [_thread_blocked, id=42548, stack(0x000000027a600000,0x000000027a700000) (1024K)]
  0x0000012efed62200 JavaThread "Worker-5807: Initialize workspace"        [_thread_blocked, id=7796, stack(0x000000027a700000,0x000000027a800000) (1024K)]
  0x0000012ed60535c0 JavaThread "Connection worker"                 [_thread_blocked, id=13604, stack(0x000000027a000000,0x000000027a100000) (1024K)]
  0x0000012f02a20e50 JavaThread "pool-632-thread-1"                 [_thread_blocked, id=42048, stack(0x0000000272000000,0x0000000272100000) (1024K)]
  0x0000012efc9fb220 JavaThread "Timer-631"                         [_thread_blocked, id=17232, stack(0x000000027af00000,0x000000027b000000) (1024K)]
  0x0000012eca659780 JavaThread "Worker-5818: Initialize workspace"        [_thread_blocked, id=14104, stack(0x0000000275000000,0x0000000275100000) (1024K)]
  0x0000012ecd0d6ec0 JavaThread "Connection worker"                 [_thread_blocked, id=33712, stack(0x000000027a800000,0x000000027a900000) (1024K)]
  0x0000012ecd101fd0 JavaThread "pool-633-thread-1"                 [_thread_blocked, id=38732, stack(0x0000000275300000,0x0000000275400000) (1024K)]
  0x0000012ed6502180 JavaThread "Timer-632"                         [_thread_blocked, id=23984, stack(0x000000027b300000,0x000000027b400000) (1024K)]
  0x0000012efd46e790 JavaThread "Worker-5830: Initialize workspace"        [_thread_blocked, id=42340, stack(0x000000027ad00000,0x000000027ae00000) (1024K)]
  0x0000012ecd0eca90 JavaThread "Connection worker"                 [_thread_blocked, id=22264, stack(0x0000000275100000,0x0000000275200000) (1024K)]
  0x0000012ecd0f6ea0 JavaThread "pool-634-thread-1"                 [_thread_blocked, id=18872, stack(0x0000000274d00000,0x0000000274e00000) (1024K)]
  0x0000012ecae7bac0 JavaThread "Timer-633"                         [_thread_blocked, id=25692, stack(0x000000027b500000,0x000000027b600000) (1024K)]
  0x0000012effa0f180 JavaThread "Worker-5838: Initialize workspace"        [_thread_blocked, id=30380, stack(0x000000027b800000,0x000000027b900000) (1024K)]
  0x0000012f041d6120 JavaThread "Timer-634"                         [_thread_blocked, id=39916, stack(0x000000027ba00000,0x000000027bb00000) (1024K)]
  0x0000012f041d67b0 JavaThread "Worker-5851: Initialize workspace"        [_thread_blocked, id=33924, stack(0x0000000268200000,0x0000000268300000) (1024K)]
  0x0000012f041d6e40 JavaThread "Connection worker"                 [_thread_blocked, id=42336, stack(0x0000000267d00000,0x0000000267e00000) (1024K)]
  0x0000012f041d8880 JavaThread "pool-636-thread-1"                 [_thread_blocked, id=13976, stack(0x000000027bc00000,0x000000027bd00000) (1024K)]
  0x0000012f041d5400 JavaThread "Timer-635"                         [_thread_blocked, id=32924, stack(0x000000027bf00000,0x000000027c000000) (1024K)]
  0x0000012f041d5a90 JavaThread "Worker-5864: Initialize workspace"        [_thread_blocked, id=1600, stack(0x000000027bb00000,0x000000027bc00000) (1024K)]
  0x0000012f041da950 JavaThread "Connection worker"                 [_thread_blocked, id=35580, stack(0x000000027c100000,0x000000027c200000) (1024K)]
  0x0000012f041dafe0 JavaThread "pool-637-thread-1"                 [_thread_blocked, id=42660, stack(0x0000000276000000,0x0000000276100000) (1024K)]
  0x0000012f041da2c0 JavaThread "Timer-636"                         [_thread_blocked, id=23580, stack(0x0000000276500000,0x0000000276600000) (1024K)]
  0x0000012f041d8f10 JavaThread "Worker-5876: Initialize workspace"        [_thread_blocked, id=33740, stack(0x000000027b000000,0x000000027b100000) (1024K)]
  0x0000012f041d95a0 JavaThread "Connection worker"                 [_thread_blocked, id=35408, stack(0x000000027c300000,0x000000027c400000) (1024K)]
  0x0000012f041d7b60 JavaThread "pool-638-thread-1"                 [_thread_blocked, id=14192, stack(0x000000027c200000,0x000000027c300000) (1024K)]
  0x0000012f041d9c30 JavaThread "Timer-637"                         [_thread_blocked, id=34880, stack(0x000000027c600000,0x000000027c700000) (1024K)]
  0x0000012f041d74d0 JavaThread "Worker-5885: Initialize workspace"        [_thread_blocked, id=21424, stack(0x000000027c400000,0x000000027c500000) (1024K)]
  0x0000012f041dddd0 JavaThread "Connection worker"                 [_thread_blocked, id=41924, stack(0x000000027c700000,0x000000027c800000) (1024K)]
  0x0000012f041de460 JavaThread "pool-639-thread-1"                 [_thread_blocked, id=36948, stack(0x000000027c500000,0x000000027c600000) (1024K)]
  0x0000012f041dbd00 JavaThread "Timer-638"                         [_thread_blocked, id=27424, stack(0x000000027cb00000,0x000000027cc00000) (1024K)]
  0x0000012f041dc390 JavaThread "Worker-5895: Initialize workspace"        [_thread_blocked, id=30220, stack(0x000000027c900000,0x000000027ca00000) (1024K)]
  0x0000012f041e0530 JavaThread "Timer-639"                         [_thread_blocked, id=32708, stack(0x000000027d200000,0x000000027d300000) (1024K)]
  0x0000012f041dfea0 JavaThread "Worker-5904: Initialize workspace"        [_thread_blocked, id=42908, stack(0x0000000275f00000,0x0000000276000000) (1024K)]
  0x0000012f041dca20 JavaThread "Connection worker"                 [_thread_blocked, id=21388, stack(0x000000027ce00000,0x000000027cf00000) (1024K)]
  0x0000012f041dd0b0 JavaThread "pool-641-thread-1"                 [_thread_blocked, id=19804, stack(0x0000000275600000,0x0000000275700000) (1024K)]
  0x0000012f041df180 JavaThread "Timer-640"                         [_thread_blocked, id=42948, stack(0x000000027d600000,0x000000027d700000) (1024K)]
  0x0000012f041dd740 JavaThread "Worker-5917: Initialize workspace"        [_thread_blocked, id=31436, stack(0x000000027cf00000,0x000000027d000000) (1024K)]
  0x0000012f041e18e0 JavaThread "Connection worker"                 [_thread_blocked, id=31576, stack(0x000000027d900000,0x000000027da00000) (1024K)]
  0x0000012f041e2c90 JavaThread "pool-642-thread-1"                 [_thread_blocked, id=25128, stack(0x000000027da00000,0x000000027db00000) (1024K)]
  0x0000012f041e39b0 JavaThread "Timer-641"                         [_thread_blocked, id=42428, stack(0x000000027df00000,0x000000027e000000) (1024K)]
  0x0000012f041e2600 JavaThread "Worker-5927: Initialize workspace"        [_thread_blocked, id=23188, stack(0x000000027d500000,0x000000027d600000) (1024K)]
  0x0000012f041e4d60 JavaThread "Timer-642"                         [_thread_blocked, id=42420, stack(0x000000027e200000,0x000000027e300000) (1024K)]
  0x0000012f041e1250 JavaThread "Worker-5939: Initialize workspace"        [_thread_blocked, id=15796, stack(0x0000000275d00000,0x0000000275e00000) (1024K)]
  0x0000012f041e53f0 JavaThread "Connection worker"                 [_thread_blocked, id=43020, stack(0x000000027e300000,0x000000027e400000) (1024K)]
  0x0000012f041e7b50 JavaThread "pool-644-thread-1"                 [_thread_blocked, id=43160, stack(0x000000027ea00000,0x000000027eb00000) (1024K)]
  0x0000012f041e81e0 JavaThread "Timer-643"                         [_thread_blocked, id=43260, stack(0x000000027ee00000,0x000000027ef00000) (1024K)]
  0x0000012f041e6110 JavaThread "Connection worker"                 [_thread_blocked, id=43460, stack(0x000000021da00000,0x000000021db00000) (1024K)]
  0x0000012f041e8f00 JavaThread "Worker-5956: Initialize workspace"        [_thread_blocked, id=43464, stack(0x000000027e100000,0x000000027e200000) (1024K)]
  0x0000012f041e1f70 JavaThread "pool-645-thread-1"                 [_thread_blocked, id=43500, stack(0x000000021b700000,0x000000021b800000) (1024K)]
  0x0000012f041e9c20 JavaThread "Timer-644"                         [_thread_blocked, id=43604, stack(0x000000027f500000,0x000000027f600000) (1024K)]
  0x0000012f041e5a80 JavaThread "Worker-5963: Initialize workspace"        [_thread_blocked, id=43700, stack(0x000000027ec00000,0x000000027ed00000) (1024K)]
  0x0000012f041ea2b0 JavaThread "Connection worker"                 [_thread_blocked, id=43756, stack(0x0000000275e00000,0x0000000275f00000) (1024K)]
  0x0000012f041ed0a0 JavaThread "pool-646-thread-1"                 [_thread_blocked, id=43784, stack(0x000000027f600000,0x000000027f700000) (1024K)]
  0x0000012f041eddc0 JavaThread "Timer-645"                         [_thread_blocked, id=43804, stack(0x000000027f700000,0x000000027f800000) (1024K)]
  0x0000012f041e6e30 JavaThread "Worker-5974: Initialize workspace"        [_thread_blocked, id=43824, stack(0x000000027f300000,0x000000027f400000) (1024K)]
  0x0000012f041eafd0 JavaThread "Connection worker"                 [_thread_blocked, id=43876, stack(0x000000027f900000,0x000000027fa00000) (1024K)]
  0x0000012f041ec380 JavaThread "pool-647-thread-1"                 [_thread_blocked, id=43924, stack(0x0000000276400000,0x0000000276500000) (1024K)]
  0x0000012f041ee450 JavaThread "Timer-646"                         [_thread_blocked, id=43944, stack(0x0000000207000000,0x0000000207100000) (1024K)]
  0x0000012f041ebcf0 JavaThread "Worker-5986: Initialize workspace"        [_thread_blocked, id=43976, stack(0x0000000233e00000,0x0000000233f00000) (1024K)]
  0x0000012f041e9590 JavaThread "Connection worker"                 [_thread_blocked, id=43040, stack(0x000000027fd00000,0x000000027fe00000) (1024K)]
  0x0000012f041eeae0 JavaThread "pool-648-thread-1"                 [_thread_blocked, id=43296, stack(0x000000027ff00000,0x0000000280000000) (1024K)]
  0x0000012f041eb660 JavaThread "Timer-647"                         [_thread_blocked, id=43348, stack(0x0000000280000000,0x0000000280100000) (1024K)]
  0x0000012f041ea940 JavaThread "Worker-5998: Initialize workspace"        [_thread_blocked, id=10668, stack(0x000000027fa00000,0x000000027fb00000) (1024K)]
  0x0000012f041df810 JavaThread "Connection worker"                 [_thread_blocked, id=43624, stack(0x000000027d000000,0x000000027d100000) (1024K)]
  0x0000012f041e0bc0 JavaThread "pool-649-thread-1"                 [_thread_blocked, id=43572, stack(0x0000000200b00000,0x0000000200c00000) (1024K)]
  0x0000012f041ed730 JavaThread "Timer-648"                         [_thread_blocked, id=43840, stack(0x000000027fe00000,0x000000027ff00000) (1024K)]
  0x0000012f041ef800 JavaThread "Worker-6009: Initialize workspace"        [_thread_blocked, id=43684, stack(0x000000022ae00000,0x000000022af00000) (1024K)]
  0x0000012f041f18d0 JavaThread "Connection worker"                 [_thread_blocked, id=12180, stack(0x0000000234900000,0x0000000234a00000) (1024K)]
  0x0000012f041efe90 JavaThread "pool-650-thread-1"                 [_thread_blocked, id=42860, stack(0x000000027d700000,0x000000027d800000) (1024K)]
  0x0000012f041f25f0 JavaThread "Timer-649"                         [_thread_blocked, id=26336, stack(0x0000000280200000,0x0000000280300000) (1024K)]
  0x0000012f041f39a0 JavaThread "Worker-6019: Initialize workspace"        [_thread_blocked, id=43984, stack(0x0000000279f00000,0x000000027a000000) (1024K)]
  0x0000012f041f0bb0 JavaThread "Connection worker"                 [_thread_blocked, id=44000, stack(0x0000000280300000,0x0000000280400000) (1024K)]
  0x0000012f041f1240 JavaThread "pool-651-thread-1"                 [_thread_blocked, id=43024, stack(0x0000000280100000,0x0000000280200000) (1024K)]
  0x0000012f041f4030 JavaThread "Timer-650"                         [_thread_blocked, id=13316, stack(0x0000000280600000,0x0000000280700000) (1024K)]
  0x0000012f041f3310 JavaThread "Worker-6030: Initialize workspace"        [_thread_blocked, id=15100, stack(0x0000000280400000,0x0000000280500000) (1024K)]
  0x0000012f041f6100 JavaThread "Timer-651"                         [_thread_blocked, id=43356, stack(0x0000000280a00000,0x0000000280b00000) (1024K)]
  0x0000012f041f5a70 JavaThread "Worker-6039: Initialize workspace"        [_thread_blocked, id=10296, stack(0x0000000280c00000,0x0000000280d00000) (1024K)]
  0x0000012f041f53e0 JavaThread "Connection worker"                 [_thread_blocked, id=10932, stack(0x0000000280900000,0x0000000280a00000) (1024K)]
  0x0000012f041f0520 JavaThread "pool-653-thread-1"                 [_thread_blocked, id=43528, stack(0x0000000280800000,0x0000000280900000) (1024K)]
  0x0000012f041f6e20 JavaThread "Timer-652"                         [_thread_blocked, id=18932, stack(0x0000000281000000,0x0000000281100000) (1024K)]
  0x0000012f041f4d50 JavaThread "Worker-6052: Initialize workspace"        [_thread_blocked, id=43796, stack(0x0000000280b00000,0x0000000280c00000) (1024K)]
  0x0000012f041f74b0 JavaThread "Connection worker"                 [_thread_blocked, id=7480, stack(0x000000027a200000,0x000000027a300000) (1024K)]
  0x0000012f041f6790 JavaThread "pool-654-thread-1"                 [_thread_blocked, id=43988, stack(0x0000000280d00000,0x0000000280e00000) (1024K)]
  0x0000012f041f9580 JavaThread "Timer-653"                         [_thread_blocked, id=33940, stack(0x0000000281400000,0x0000000281500000) (1024K)]
  0x0000012f041f46c0 JavaThread "Worker-6062: Initialize workspace"        [_thread_blocked, id=44020, stack(0x0000000234500000,0x0000000234600000) (1024K)]
  0x0000012f041fbce0 JavaThread "Timer-654"                         [_thread_blocked, id=43368, stack(0x0000000281600000,0x0000000281700000) (1024K)]
  0x0000012f041fafc0 JavaThread "Worker-6074: Initialize workspace"        [_thread_blocked, id=43372, stack(0x0000000281500000,0x0000000281600000) (1024K)]
  0x0000012f041f9c10 JavaThread "Connection worker"                 [_thread_blocked, id=41708, stack(0x0000000281700000,0x0000000281800000) (1024K)]
  0x0000012f041fa930 JavaThread "pool-656-thread-1"                 [_thread_blocked, id=33688, stack(0x0000000281800000,0x0000000281900000) (1024K)]
  0x0000012f041f8ef0 JavaThread "Timer-655"                         [_thread_blocked, id=23528, stack(0x0000000281a00000,0x0000000281b00000) (1024K)]
  0x0000012f041fd090 JavaThread "Worker-6084: Initialize workspace"        [_thread_blocked, id=43144, stack(0x0000000281300000,0x0000000281400000) (1024K)]
  0x0000012f041fa2a0 JavaThread "Connection worker"                 [_thread_blocked, id=43732, stack(0x0000000281b00000,0x0000000281c00000) (1024K)]
  0x0000012f041ff160 JavaThread "pool-657-thread-1"                 [_thread_blocked, id=34680, stack(0x0000000281900000,0x0000000281a00000) (1024K)]
  0x0000012f041fd720 JavaThread "Timer-656"                         [_thread_blocked, id=30556, stack(0x0000000281e00000,0x0000000281f00000) (1024K)]
  0x0000012f041fc370 JavaThread "Worker-6097: Initialize workspace"        [_thread_blocked, id=25912, stack(0x0000000281d00000,0x0000000281e00000) (1024K)]
  0x0000012f041ffe80 JavaThread "Connection worker"                 [_thread_blocked, id=26260, stack(0x0000000281f00000,0x0000000282000000) (1024K)]
  0x0000012f041ff7f0 JavaThread "pool-658-thread-1"                 [_thread_blocked, id=43448, stack(0x0000000281c00000,0x0000000281d00000) (1024K)]
  0x0000012f04200510 JavaThread "Timer-657"                         [_thread_blocked, id=43444, stack(0x0000000282200000,0x0000000282300000) (1024K)]
  0x0000012f041fe440 JavaThread "Worker-6107: Initialize workspace"        [_thread_blocked, id=42688, stack(0x0000000282100000,0x0000000282200000) (1024K)]
  0x0000012f041fca00 JavaThread "Connection worker"                 [_thread_blocked, id=43308, stack(0x0000000282300000,0x0000000282400000) (1024K)]
  0x0000012f04201230 JavaThread "pool-659-thread-1"                 [_thread_blocked, id=26548, stack(0x0000000282000000,0x0000000282100000) (1024K)]
  0x0000012f041fddb0 JavaThread "Timer-658"                         [_thread_blocked, id=32280, stack(0x0000000282600000,0x0000000282700000) (1024K)]
  0x0000012f04200ba0 JavaThread "Worker-6119: Initialize workspace"        [_thread_blocked, id=31424, stack(0x0000000282400000,0x0000000282500000) (1024K)]
  0x0000012f04201f50 JavaThread "Connection worker"                 [_thread_blocked, id=40608, stack(0x0000000282700000,0x0000000282800000) (1024K)]
  0x0000012f042018c0 JavaThread "pool-660-thread-1"                 [_thread_blocked, id=33192, stack(0x0000000282500000,0x0000000282600000) (1024K)]
  0x0000012f042053d0 JavaThread "Timer-659"                         [_thread_blocked, id=28848, stack(0x0000000282a00000,0x0000000282b00000) (1024K)]
  0x0000012f04203990 JavaThread "Worker-6132: Initialize workspace"        [_thread_blocked, id=41084, stack(0x0000000282d00000,0x0000000282e00000) (1024K)]
  0x0000012f042060f0 JavaThread "Connection worker"                 [_thread_blocked, id=43672, stack(0x0000000282b00000,0x0000000282c00000) (1024K)]
  0x0000012f041fead0 JavaThread "pool-661-thread-1"                 [_thread_blocked, id=12412, stack(0x0000000282800000,0x0000000282900000) (1024K)]
  0x0000012f04203300 JavaThread "Timer-660"                         [_thread_blocked, id=36256, stack(0x0000000283000000,0x0000000283100000) (1024K)]
  0x0000012f042046b0 JavaThread "Worker-6142: Initialize workspace"        [_thread_blocked, id=44060, stack(0x000000027e700000,0x000000027e800000) (1024K)]
  0x0000012f041e74c0 JavaThread "Connection worker"                 [_thread_blocked, id=44132, stack(0x0000000282e00000,0x0000000282f00000) (1024K)]
  0x0000012f04204d40 JavaThread "pool-662-thread-1"                 [_thread_blocked, id=44160, stack(0x0000000283200000,0x0000000283300000) (1024K)]
  0x0000012f04204020 JavaThread "Timer-661"                         [_thread_blocked, id=44180, stack(0x0000000283300000,0x0000000283400000) (1024K)]
  0x0000012f041ef170 JavaThread "Connection worker"                 [_thread_blocked, id=44284, stack(0x0000000241600000,0x0000000241700000) (1024K)]
  0x0000012f041eca10 JavaThread "Worker-6156: Initialize workspace"        [_thread_blocked, id=44292, stack(0x0000000241800000,0x0000000241900000) (1024K)]
  0x0000012f04202c70 JavaThread "Connection worker"                 [_thread_blocked, id=44300, stack(0x0000000282f00000,0x0000000283000000) (1024K)]
  0x0000012f041e67a0 JavaThread "pool-663-thread-1"                 [_thread_blocked, id=44304, stack(0x000000027e500000,0x000000027e600000) (1024K)]
  0x0000012f04208850 JavaThread "Timer-662"                         [_thread_blocked, id=44384, stack(0x0000000283500000,0x0000000283600000) (1024K)]
  0x0000012f04207b30 JavaThread "Worker-6163: Initialize workspace"        [_thread_blocked, id=44600, stack(0x000000027e900000,0x000000027ea00000) (1024K)]
  0x0000012f04206780 JavaThread "Connection worker"                 [_thread_blocked, id=44624, stack(0x0000000283100000,0x0000000283200000) (1024K)]
  0x0000012f04208ee0 JavaThread "pool-664-thread-1"                 [_thread_blocked, id=44644, stack(0x000000027e600000,0x000000027e700000) (1024K)]
  0x0000012f04206e10 JavaThread "Connection worker"                 [_thread_blocked, id=44676, stack(0x0000000203a00000,0x0000000203b00000) (1024K)]
  0x0000012f04209570 JavaThread "Timer-663"                         [_thread_blocked, id=44732, stack(0x0000000283600000,0x0000000283700000) (1024K)]
  0x0000012f0420c360 JavaThread "Worker-6173: Initialize workspace"        [_thread_blocked, id=44752, stack(0x000000022d000000,0x000000022d100000) (1024K)]
  0x0000012f0420c9f0 JavaThread "Connection worker"                 [_thread_blocked, id=44864, stack(0x0000000283400000,0x0000000283500000) (1024K)]
  0x0000012f04209c00 JavaThread "Timer-664"                         [_thread_blocked, id=44872, stack(0x0000000283900000,0x0000000283a00000) (1024K)]
  0x0000012f0420bcd0 JavaThread "pool-665-thread-1"                 [_thread_blocked, id=44880, stack(0x0000000283b00000,0x0000000283c00000) (1024K)]
  0x0000012f0420dda0 JavaThread "Worker-6181: Initialize workspace"        [_thread_blocked, id=44884, stack(0x0000000283c00000,0x0000000283d00000) (1024K)]
  0x0000012f0420d710 JavaThread "Connection worker"                 [_thread_blocked, id=44916, stack(0x0000000283800000,0x0000000283900000) (1024K)]
  0x0000012f0420d080 JavaThread "pool-666-thread-1"                 [_thread_blocked, id=44920, stack(0x0000000283700000,0x0000000283800000) (1024K)]
  0x0000012f0420e430 JavaThread "Timer-665"                         [_thread_blocked, id=44944, stack(0x0000000283e00000,0x0000000283f00000) (1024K)]
  0x0000012f0420a290 JavaThread "Worker-6194: Initialize workspace"        [_thread_blocked, id=45020, stack(0x0000000283a00000,0x0000000283b00000) (1024K)]
  0x0000012f0420eac0 JavaThread "Connection worker"                 [_thread_blocked, id=44072, stack(0x0000000229d00000,0x0000000229e00000) (1024K)]
  0x0000012f0420a920 JavaThread "pool-667-thread-1"                 [_thread_blocked, id=40256, stack(0x0000000283d00000,0x0000000283e00000) (1024K)]
  0x0000012f04211220 JavaThread "Connection worker"                 [_thread_blocked, id=44232, stack(0x0000000236500000,0x0000000236600000) (1024K)]
  0x0000012f04211f40 JavaThread "Timer-666"                         [_thread_blocked, id=44196, stack(0x0000000237c00000,0x0000000237d00000) (1024K)]
  0x0000012f042118b0 JavaThread "Worker-6210: Initialize workspace"        [_thread_blocked, id=30204, stack(0x0000000284500000,0x0000000284600000) (1024K)]
  0x0000012f0420f150 JavaThread "Connection worker"                 [_thread_blocked, id=27468, stack(0x0000000284700000,0x0000000284800000) (1024K)]
  0x0000012f0420fe70 JavaThread "Connection worker"                 [_thread_blocked, id=44340, stack(0x000000021e400000,0x000000021e500000) (1024K)]
  0x0000012f042132f0 JavaThread "Connection worker"                 [_thread_blocked, id=28444, stack(0x0000000251700000,0x0000000251800000) (1024K)]
  0x0000012f0420b640 JavaThread "Connection worker"                 [_thread_blocked, id=44708, stack(0x000000021e100000,0x000000021e200000) (1024K)]
  0x0000012f04212c60 JavaThread "Connection worker"                 [_thread_blocked, id=44736, stack(0x0000000225e00000,0x0000000225f00000) (1024K)]
  0x0000012f04210b90 JavaThread "pool-668-thread-1"                 [_thread_blocked, id=44696, stack(0x0000000231100000,0x0000000231200000) (1024K)]
  0x0000012f0420f7e0 JavaThread "Timer-667"                         [_thread_blocked, id=32960, stack(0x000000027ac00000,0x000000027ad00000) (1024K)]
  0x0000012f04213980 JavaThread "Worker-6219: Initialize workspace"        [_thread_blocked, id=30948, stack(0x0000000220e00000,0x0000000220f00000) (1024K)]
  0x0000012f04210500 JavaThread "Connection worker"                 [_thread_blocked, id=44168, stack(0x0000000251100000,0x0000000251200000) (1024K)]
  0x0000012f04214010 JavaThread "pool-669-thread-1"                 [_thread_blocked, id=44176, stack(0x0000000283f00000,0x0000000284000000) (1024K)]
  0x0000012f042153c0 JavaThread "Timer-668"                         [_thread_blocked, id=31324, stack(0x0000000284200000,0x0000000284300000) (1024K)]
  0x0000012f041e4040 JavaThread "Worker-6229: Initialize workspace"        [_thread_blocked, id=44964, stack(0x0000000284000000,0x0000000284100000) (1024K)]
  0x0000012f042146a0 JavaThread "Connection worker"                 [_thread_blocked, id=44092, stack(0x0000000284300000,0x0000000284400000) (1024K)]
  0x0000012f042081c0 JavaThread "Connection worker"                 [_thread_blocked, id=44016, stack(0x0000000232800000,0x0000000232900000) (1024K)]
  0x0000012f04214d30 JavaThread "pool-670-thread-1"                 [_thread_blocked, id=44324, stack(0x0000000232a00000,0x0000000232b00000) (1024K)]
  0x0000012ed6080110 JavaThread "Timer-669"                         [_thread_blocked, id=44364, stack(0x0000000284600000,0x0000000284700000) (1024K)]
  0x0000012ed604abf0 JavaThread "Worker-6240: Initialize workspace"        [_thread_blocked, id=11788, stack(0x0000000284100000,0x0000000284200000) (1024K)]
  0x0000012ecd08f660 JavaThread "Connection worker"                 [_thread_blocked, id=32416, stack(0x0000000284400000,0x0000000284500000) (1024K)]
  0x0000012ecd0b1080 JavaThread "pool-671-thread-1"                 [_thread_blocked, id=21040, stack(0x0000000284e00000,0x0000000284f00000) (1024K)]
  0x0000012ecd0bc1b0 JavaThread "Timer-670"                         [_thread_blocked, id=22776, stack(0x0000000284f00000,0x0000000285000000) (1024K)]
  0x0000012ecd4d4be0 JavaThread "Worker-6252: Initialize workspace"        [_thread_blocked, id=33056, stack(0x0000000284b00000,0x0000000284c00000) (1024K)]
  0x0000012ecd5010a0 JavaThread "Connection worker"                 [_thread_blocked, id=43164, stack(0x0000000285000000,0x0000000285100000) (1024K)]
  0x0000012ecd506c80 JavaThread "Connection worker"                 [_thread_blocked, id=816, stack(0x0000000243800000,0x0000000243900000) (1024K)]
  0x0000012ecd4d6cb0 JavaThread "pool-672-thread-1"                 [_thread_blocked, id=35340, stack(0x0000000243d00000,0x0000000243e00000) (1024K)]
  0x0000012f02a0f420 JavaThread "Timer-671"                         [_thread_blocked, id=44712, stack(0x0000000285100000,0x0000000285200000) (1024K)]
  0x0000012f02a3c600 JavaThread "Worker-6265: Initialize workspace"        [_thread_blocked, id=44716, stack(0x0000000284a00000,0x0000000284b00000) (1024K)]
  0x0000012f02a163b0 JavaThread "Connection worker"                 [_thread_blocked, id=29264, stack(0x0000000284c00000,0x0000000284d00000) (1024K)]
  0x0000012f02a135c0 JavaThread "pool-673-thread-1"                 [_thread_blocked, id=40388, stack(0x0000000285300000,0x0000000285400000) (1024K)]
  0x0000012f05535db0 JavaThread "Timer-672"                         [_thread_blocked, id=39020, stack(0x0000000285600000,0x0000000285700000) (1024K)]
  0x0000012eff9f1900 JavaThread "Worker-6272: Initialize workspace"        [_thread_blocked, id=11532, stack(0x0000000285500000,0x0000000285600000) (1024K)]
  0x0000012effa0a2c0 JavaThread "Connection worker"                 [_thread_blocked, id=37940, stack(0x0000000285700000,0x0000000285800000) (1024K)]
  0x0000012eff9fb680 JavaThread "pool-674-thread-1"                 [_thread_blocked, id=39576, stack(0x0000000285400000,0x0000000285500000) (1024K)]
  0x0000012f05533650 JavaThread "Timer-673"                         [_thread_blocked, id=37660, stack(0x0000000285c00000,0x0000000285d00000) (1024K)]
  0x0000012ed60807a0 JavaThread "Worker-6282: Initialize workspace"        [_thread_blocked, id=34432, stack(0x0000000285900000,0x0000000285a00000) (1024K)]
  0x0000012ecd0a1db0 JavaThread "Connection worker"                 [_thread_blocked, id=10168, stack(0x000000021dd00000,0x000000021de00000) (1024K)]
  0x0000012ecd0a6c70 JavaThread "Connection worker"                 [_thread_blocked, id=25228, stack(0x0000000242e00000,0x0000000242f00000) (1024K)]
  0x0000012ecd07e2c0 JavaThread "pool-675-thread-1"                 [_thread_blocked, id=14844, stack(0x0000000284d00000,0x0000000284e00000) (1024K)]
  0x0000012f02a19830 JavaThread "Timer-674"                         [_thread_blocked, id=44724, stack(0x0000000285d00000,0x0000000285e00000) (1024K)]
  0x0000012eced5d010 JavaThread "Worker-6292: Initialize workspace"        [_thread_blocked, id=31020, stack(0x0000000285b00000,0x0000000285c00000) (1024K)]
  0x0000012f02a1ccb0 JavaThread "Connection worker"                 [_thread_blocked, id=16220, stack(0x0000000285e00000,0x0000000285f00000) (1024K)]
  0x0000012f02a15690 JavaThread "pool-676-thread-1"                 [_thread_blocked, id=18860, stack(0x0000000285200000,0x0000000285300000) (1024K)]
  0x0000012f054fc6f0 JavaThread "Timer-675"                         [_thread_blocked, id=44836, stack(0x0000000286100000,0x0000000286200000) (1024K)]
  0x0000012ed6050140 JavaThread "Connection worker"                 [_thread_blocked, id=44896, stack(0x0000000244700000,0x0000000244800000) (1024K)]
  0x0000012ecd0d3a40 JavaThread "Worker-6303: Initialize workspace"        [_thread_blocked, id=44120, stack(0x0000000285800000,0x0000000285900000) (1024K)]
  0x0000012ecd0d2000 JavaThread "Connection worker"                 [_thread_blocked, id=21880, stack(0x0000000285a00000,0x0000000285b00000) (1024K)]
  0x0000012ecd0cd140 JavaThread "pool-677-thread-1"                 [_thread_blocked, id=7112, stack(0x0000000244a00000,0x0000000244b00000) (1024K)]
  0x0000012f02a42f00 JavaThread "Timer-676"                         [_thread_blocked, id=38876, stack(0x0000000286200000,0x0000000286300000) (1024K)]
  0x0000012ecc2dd7a0 JavaThread "Worker-6315: Initialize workspace"        [_thread_blocked, id=7988, stack(0x0000000286000000,0x0000000286100000) (1024K)]
  0x0000012f02a3ed60 JavaThread "Connection worker"                 [_thread_blocked, id=43340, stack(0x0000000286300000,0x0000000286400000) (1024K)]
  0x0000012f02a414c0 JavaThread "pool-678-thread-1"                 [_thread_blocked, id=43544, stack(0x0000000285f00000,0x0000000286000000) (1024K)]
  0x0000012eced6ea40 JavaThread "Timer-677"                         [_thread_blocked, id=43548, stack(0x0000000286500000,0x0000000286600000) (1024K)]
  0x0000012ed13f0700 JavaThread "Worker-6324: Initialize workspace"        [_thread_blocked, id=43440, stack(0x0000000286800000,0x0000000286900000) (1024K)]
  0x0000012eff237f20 JavaThread "Connection worker"                 [_thread_blocked, id=43680, stack(0x0000000286600000,0x0000000286700000) (1024K)]
  0x0000012eff239960 JavaThread "pool-679-thread-1"                 [_thread_blocked, id=43664, stack(0x0000000286400000,0x0000000286500000) (1024K)]
  0x0000012f054f7ec0 JavaThread "Timer-678"                         [_thread_blocked, id=17452, stack(0x0000000286a00000,0x0000000286b00000) (1024K)]
  0x0000012ed607e6d0 JavaThread "Worker-6341: Initialize workspace"        [_thread_blocked, id=2712, stack(0x0000000286700000,0x0000000286800000) (1024K)]
  0x0000012ecc7c7250 JavaThread "Connection worker"                 [_thread_blocked, id=9612, stack(0x0000000286b00000,0x0000000286c00000) (1024K)]
  0x0000012f041e8870 JavaThread "pool-680-thread-1"                 [_thread_blocked, id=40620, stack(0x0000000286900000,0x0000000286a00000) (1024K)]
  0x0000012eced5a220 JavaThread "Timer-679"                         [_thread_blocked, id=44164, stack(0x0000000286e00000,0x0000000286f00000) (1024K)]
  0x0000012ecd186630 JavaThread "Worker-6349: Initialize workspace"        [_thread_blocked, id=26960, stack(0x0000000286d00000,0x0000000286e00000) (1024K)]
  0x0000012ed13f27d0 JavaThread "Connection worker"                 [_thread_blocked, id=44328, stack(0x0000000286f00000,0x0000000287000000) (1024K)]
  0x0000012ecd507310 JavaThread "pool-681-thread-1"                 [_thread_blocked, id=44360, stack(0x0000000286c00000,0x0000000286d00000) (1024K)]
  0x0000012f032e1140 JavaThread "Timer-680"                         [_thread_blocked, id=44076, stack(0x0000000287200000,0x0000000287300000) (1024K)]
  0x0000012f032e17d0 JavaThread "Worker-6360: Initialize workspace"        [_thread_blocked, id=19880, stack(0x0000000287000000,0x0000000287100000) (1024K)]
  0x0000012f032e0420 JavaThread "Connection worker"                 [_thread_blocked, id=38700, stack(0x0000000287300000,0x0000000287400000) (1024K)]
  0x0000012f032df700 JavaThread "pool-682-thread-1"                 [_thread_blocked, id=37272, stack(0x0000000287100000,0x0000000287200000) (1024K)]
  0x0000012f032e0ab0 JavaThread "Timer-681"                         [_thread_blocked, id=35544, stack(0x0000000287600000,0x0000000287700000) (1024K)]
  0x0000012f032e24f0 JavaThread "Worker-6372: Initialize workspace"        [_thread_blocked, id=44296, stack(0x0000000287500000,0x0000000287600000) (1024K)]
  0x0000012f032e1e60 JavaThread "Connection worker"                 [_thread_blocked, id=37052, stack(0x0000000287700000,0x0000000287800000) (1024K)]
  0x0000012f032df070 JavaThread "pool-683-thread-1"                 [_thread_blocked, id=25764, stack(0x0000000287800000,0x0000000287900000) (1024K)]
  0x0000012f032e5970 JavaThread "Timer-682"                         [_thread_blocked, id=30140, stack(0x0000000287a00000,0x0000000287b00000) (1024K)]
  0x0000012f032e2b80 JavaThread "Worker-6382: Initialize workspace"        [_thread_blocked, id=44656, stack(0x0000000287400000,0x0000000287500000) (1024K)]
  0x0000012f032dfd90 JavaThread "Connection worker"                 [_thread_blocked, id=40720, stack(0x0000000287b00000,0x0000000287c00000) (1024K)]
  0x0000012f032e3f30 JavaThread "pool-684-thread-1"                 [_thread_blocked, id=19872, stack(0x0000000287900000,0x0000000287a00000) (1024K)]
  0x0000012f032e45c0 JavaThread "Timer-683"                         [_thread_blocked, id=43152, stack(0x0000000287e00000,0x0000000287f00000) (1024K)]
  0x0000012f032e38a0 JavaThread "Worker-6395: Initialize workspace"        [_thread_blocked, id=18096, stack(0x0000000287c00000,0x0000000287d00000) (1024K)]
  0x0000012f032e7a40 JavaThread "Connection worker"                 [_thread_blocked, id=33616, stack(0x0000000287f00000,0x0000000288000000) (1024K)]
  0x0000012f032e4c50 JavaThread "pool-685-thread-1"                 [_thread_blocked, id=25256, stack(0x0000000287d00000,0x0000000287e00000) (1024K)]
  0x0000012f032e6000 JavaThread "Timer-684"                         [_thread_blocked, id=22288, stack(0x0000000288100000,0x0000000288200000) (1024K)]
  0x0000012f032e6690 JavaThread "Worker-6405: Initialize workspace"        [_thread_blocked, id=43812, stack(0x0000000288000000,0x0000000288100000) (1024K)]
  0x0000012f032e3210 JavaThread "Connection worker"                 [_thread_blocked, id=41100, stack(0x0000000288300000,0x0000000288400000) (1024K)]
  0x0000012f032e52e0 JavaThread "pool-686-thread-1"                 [_thread_blocked, id=42160, stack(0x0000000288200000,0x0000000288300000) (1024K)]
  0x0000012f032e8df0 JavaThread "Timer-685"                         [_thread_blocked, id=36168, stack(0x0000000288600000,0x0000000288700000) (1024K)]
  0x0000012f032e80d0 JavaThread "Worker-6414: Initialize workspace"        [_thread_blocked, id=43776, stack(0x0000000288500000,0x0000000288600000) (1024K)]
  0x0000012f032e6d20 JavaThread "Timer-686"                         [_thread_blocked, id=37516, stack(0x0000000288a00000,0x0000000288b00000) (1024K)]
  0x0000012f032e73b0 JavaThread "Worker-6426: Initialize workspace"        [_thread_blocked, id=5504, stack(0x0000000288900000,0x0000000288a00000) (1024K)]
  0x0000012f032ecf90 JavaThread "Connection worker"                 [_thread_blocked, id=40352, stack(0x0000000288b00000,0x0000000288c00000) (1024K)]
  0x0000012f032ea830 JavaThread "pool-688-thread-1"                 [_thread_blocked, id=44668, stack(0x0000000288800000,0x0000000288900000) (1024K)]
  0x0000012f032e9b10 JavaThread "Timer-687"                         [_thread_blocked, id=43388, stack(0x0000000288e00000,0x0000000288f00000) (1024K)]
  0x0000012f032ed620 JavaThread "Worker-6438: Initialize workspace"        [_thread_blocked, id=43436, stack(0x0000000288c00000,0x0000000288d00000) (1024K)]
  0x0000012f032ebbe0 JavaThread "Connection worker"                 [_thread_blocked, id=34488, stack(0x0000000288f00000,0x0000000289000000) (1024K)]
  0x0000012f032ea1a0 JavaThread "pool-689-thread-1"                 [_thread_blocked, id=11724, stack(0x0000000288d00000,0x0000000288e00000) (1024K)]
  0x0000012f032ec900 JavaThread "Timer-688"                         [_thread_blocked, id=33660, stack(0x0000000289200000,0x0000000289300000) (1024K)]
  0x0000012f032edcb0 JavaThread "Worker-6450: Initialize workspace"        [_thread_blocked, id=43104, stack(0x0000000252b00000,0x0000000252c00000) (1024K)]
  0x0000012f032ee340 JavaThread "Connection worker"                 [_thread_blocked, id=44816, stack(0x0000000289000000,0x0000000289100000) (1024K)]
  0x0000012f032eaec0 JavaThread "pool-690-thread-1"                 [_thread_blocked, id=44764, stack(0x000000020a400000,0x000000020a500000) (1024K)]
  0x0000012f032eb550 JavaThread "Timer-689"                         [_thread_blocked, id=44772, stack(0x0000000289400000,0x0000000289500000) (1024K)]
  0x0000012f032ee9d0 JavaThread "Worker-6461: Initialize workspace"        [_thread_blocked, id=20360, stack(0x0000000289100000,0x0000000289200000) (1024K)]
  0x0000012f032ef6f0 JavaThread "Connection worker"                 [_thread_blocked, id=20364, stack(0x0000000289500000,0x0000000289600000) (1024K)]
  0x0000012f032ef060 JavaThread "pool-691-thread-1"                 [_thread_blocked, id=37796, stack(0x0000000289300000,0x0000000289400000) (1024K)]
  0x0000012f032f1130 JavaThread "Timer-690"                         [_thread_blocked, id=44808, stack(0x0000000289800000,0x0000000289900000) (1024K)]
  0x0000012f032ec270 JavaThread "Worker-6472: Initialize workspace"        [_thread_blocked, id=40312, stack(0x0000000289600000,0x0000000289700000) (1024K)]
  0x0000012f032f2b70 JavaThread "Connection worker"                 [_thread_blocked, id=27916, stack(0x0000000289900000,0x0000000289a00000) (1024K)]
  0x0000012f032efd80 JavaThread "pool-692-thread-1"                 [_thread_blocked, id=14016, stack(0x0000000289b00000,0x0000000289c00000) (1024K)]
  0x0000012f032f0aa0 JavaThread "Timer-691"                         [_thread_blocked, id=17344, stack(0x0000000289c00000,0x0000000289d00000) (1024K)]
  0x0000012f032f17c0 JavaThread "Worker-6481: Initialize workspace"        [_thread_blocked, id=31620, stack(0x0000000289700000,0x0000000289800000) (1024K)]
  0x0000012f032f0410 JavaThread "Timer-692"                         [_thread_blocked, id=38620, stack(0x000000028a000000,0x000000028a100000) (1024K)]
  0x0000012f032f52d0 JavaThread "Worker-6492: Initialize workspace"        [_thread_blocked, id=43328, stack(0x0000000289e00000,0x0000000289f00000) (1024K)]
  0x0000012f032f5960 JavaThread "Connection worker"                 [_thread_blocked, id=43920, stack(0x000000028a100000,0x000000028a200000) (1024K)]
  0x0000012f032f6680 JavaThread "pool-694-thread-1"                 [_thread_blocked, id=40024, stack(0x000000028a300000,0x000000028a400000) (1024K)]
  0x0000012f032f45b0 JavaThread "Timer-693"                         [_thread_blocked, id=43668, stack(0x0000000284900000,0x0000000284a00000) (1024K)]
  0x0000012f032f6d10 JavaThread "Worker-6502: Initialize workspace"        [_thread_blocked, id=43688, stack(0x0000000284800000,0x0000000284900000) (1024K)]
  0x0000012f032f4c40 JavaThread "Connection worker"                 [_thread_blocked, id=32364, stack(0x000000028a200000,0x000000028a300000) (1024K)]
  0x0000012f032f3200 JavaThread "pool-695-thread-1"                 [_thread_blocked, id=24720, stack(0x000000028a400000,0x000000028a500000) (1024K)]
  0x0000012f032f3890 JavaThread "Timer-694"                         [_thread_blocked, id=38368, stack(0x000000028a600000,0x000000028a700000) (1024K)]
  0x0000012f032f7a30 JavaThread "Worker-6509: Initialize workspace"        [_thread_blocked, id=35020, stack(0x0000000282900000,0x0000000282a00000) (1024K)]
  0x0000012f032f3f20 JavaThread "Connection worker"                 [_thread_blocked, id=4872, stack(0x0000000289f00000,0x000000028a000000) (1024K)]
  0x0000012f032f73a0 JavaThread "pool-696-thread-1"                 [_thread_blocked, id=31428, stack(0x0000000282c00000,0x0000000282d00000) (1024K)]
  0x0000012f032f8750 JavaThread "Timer-695"                         [_thread_blocked, id=44672, stack(0x000000028a800000,0x000000028a900000) (1024K)]
  0x0000012f032f80c0 JavaThread "Worker-6522: Initialize workspace"        [_thread_blocked, id=41796, stack(0x000000028a500000,0x000000028a600000) (1024K)]
  0x0000012f032f5ff0 JavaThread "Connection worker"                 [_thread_blocked, id=44276, stack(0x000000028a900000,0x000000028aa00000) (1024K)]
  0x0000012f032f8de0 JavaThread "pool-697-thread-1"                 [_thread_blocked, id=22796, stack(0x000000028a700000,0x000000028a800000) (1024K)]
  0x0000012f032fbbd0 JavaThread "Timer-696"                         [_thread_blocked, id=43096, stack(0x000000028ac00000,0x000000028ad00000) (1024K)]
  0x0000012f032f9470 JavaThread "Worker-6529: Initialize workspace"        [_thread_blocked, id=38244, stack(0x000000028ae00000,0x000000028af00000) (1024K)]
  0x0000012f032fd610 JavaThread "Connection worker"                 [_thread_blocked, id=10616, stack(0x000000028ab00000,0x000000028ac00000) (1024K)]
  0x0000012f032fb540 JavaThread "pool-698-thread-1"                 [_thread_blocked, id=6156, stack(0x000000028aa00000,0x000000028ab00000) (1024K)]
  0x0000012f032fcf80 JavaThread "Timer-697"                         [_thread_blocked, id=33948, stack(0x000000028b000000,0x000000028b100000) (1024K)]
  0x0000012f032fc260 JavaThread "Worker-6544: Initialize workspace"        [_thread_blocked, id=26880, stack(0x000000028af00000,0x000000028b000000) (1024K)]
  0x0000012f032fa820 JavaThread "Timer-698"                         [_thread_blocked, id=42944, stack(0x000000028b400000,0x000000028b500000) (1024K)]
  0x0000012f032fa190 JavaThread "Worker-6555: Initialize workspace"        [_thread_blocked, id=12032, stack(0x000000028b200000,0x000000028b300000) (1024K)]
  0x0000012f032fe330 JavaThread "Connection worker"                 [_thread_blocked, id=32916, stack(0x000000028b500000,0x000000028b600000) (1024K)]
  0x0000012f032fdca0 JavaThread "pool-700-thread-1"                 [_thread_blocked, id=42508, stack(0x000000028b300000,0x000000028b400000) (1024K)]
  0x0000012f03301120 JavaThread "Timer-699"                         [_thread_blocked, id=28704, stack(0x000000028b800000,0x000000028b900000) (1024K)]
  0x0000012f032faeb0 JavaThread "Worker-6567: Initialize workspace"        [_thread_blocked, id=43792, stack(0x000000028b600000,0x000000028b700000) (1024K)]
  0x0000012f032ff6e0 JavaThread "Connection worker"                 [_thread_blocked, id=14476, stack(0x000000028b900000,0x000000028ba00000) (1024K)]
  0x0000012f03301e40 JavaThread "pool-701-thread-1"                 [_thread_blocked, id=38864, stack(0x000000028ba00000,0x000000028bb00000) (1024K)]
  0x0000012f032ff050 JavaThread "Timer-700"                         [_thread_blocked, id=39688, stack(0x000000028bc00000,0x000000028bd00000) (1024K)]
  0x0000012f033024d0 JavaThread "Worker-6577: Initialize workspace"        [_thread_blocked, id=36484, stack(0x000000028bd00000,0x000000028be00000) (1024K)]
  0x0000012f03300400 JavaThread "Timer-701"                         [_thread_blocked, id=13900, stack(0x0000000231300000,0x0000000231400000) (1024K)]
  0x0000012f032fe9c0 JavaThread "Worker-6590: Initialize workspace"        [_thread_blocked, id=42920, stack(0x000000028b700000,0x000000028b800000) (1024K)]
  0x0000012f03302b60 JavaThread "Connection worker"                 [_thread_blocked, id=12364, stack(0x000000028c000000,0x000000028c100000) (1024K)]
  0x0000012f033031f0 JavaThread "Connection worker"                 [_thread_blocked, id=22876, stack(0x000000028c100000,0x000000028c200000) (1024K)]
  0x0000012f03303f10 JavaThread "pool-702-thread-1"                 [_thread_blocked, id=4304, stack(0x0000000281100000,0x0000000281200000) (1024K)]
  0x0000012f03303880 JavaThread "pool-703-thread-1"                 [_thread_blocked, id=44272, stack(0x000000028c300000,0x000000028c400000) (1024K)]
  0x0000012f033045a0 JavaThread "Timer-702"                         [_thread_blocked, id=30944, stack(0x000000028c400000,0x000000028c500000) (1024K)]
  0x0000012f03300a90 JavaThread "Worker-6603: Initialize workspace"        [_thread_blocked, id=43956, stack(0x000000028bb00000,0x000000028bc00000) (1024K)]
  0x0000012f032ffd70 JavaThread "Connection worker"                 [_thread_blocked, id=23344, stack(0x000000028c200000,0x000000028c300000) (1024K)]
  0x0000012f033017b0 JavaThread "pool-704-thread-1"                 [_thread_blocked, id=44024, stack(0x000000028c500000,0x000000028c600000) (1024K)]
  0x0000012f03307a20 JavaThread "Timer-703"                         [_thread_blocked, id=42104, stack(0x000000028c700000,0x000000028c800000) (1024K)]
  0x0000012f03306670 JavaThread "Worker-6616: Initialize workspace"        [_thread_blocked, id=39120, stack(0x000000028be00000,0x000000028bf00000) (1024K)]
  0x0000012f033052c0 JavaThread "Connection worker"                 [_thread_blocked, id=29964, stack(0x000000028c600000,0x000000028c700000) (1024K)]
  0x0000012f03306d00 JavaThread "pool-705-thread-1"                 [_thread_blocked, id=16492, stack(0x000000028bf00000,0x000000028c000000) (1024K)]
  0x0000012f03307390 JavaThread "Timer-704"                         [_thread_blocked, id=22860, stack(0x000000028ca00000,0x000000028cb00000) (1024K)]
  0x0000012f03304c30 JavaThread "Worker-6627: Initialize workspace"        [_thread_blocked, id=39864, stack(0x000000028c800000,0x000000028c900000) (1024K)]
  0x0000012f03305950 JavaThread "Connection worker"                 [_thread_blocked, id=14592, stack(0x000000028cb00000,0x000000028cc00000) (1024K)]
  0x0000012f03308740 JavaThread "pool-706-thread-1"                 [_thread_blocked, id=25628, stack(0x000000028c900000,0x000000028ca00000) (1024K)]
  0x0000012f03309460 JavaThread "Timer-705"                         [_thread_blocked, id=13000, stack(0x000000028ce00000,0x000000028cf00000) (1024K)]
  0x0000012f033080b0 JavaThread "Worker-6640: Initialize workspace"        [_thread_blocked, id=40600, stack(0x000000028cc00000,0x000000028cd00000) (1024K)]
  0x0000012f03305fe0 JavaThread "Connection worker"                 [_thread_blocked, id=15264, stack(0x000000028cf00000,0x000000028d000000) (1024K)]
  0x0000012f03309af0 JavaThread "pool-707-thread-1"                 [_thread_blocked, id=32628, stack(0x000000028cd00000,0x000000028ce00000) (1024K)]
  0x0000012f0330bbc0 JavaThread "Timer-706"                         [_thread_blocked, id=33708, stack(0x000000028d200000,0x000000028d300000) (1024K)]
  0x0000012f0330aea0 JavaThread "Worker-6650: Initialize workspace"        [_thread_blocked, id=44832, stack(0x000000028d100000,0x000000028d200000) (1024K)]
  0x0000012f0330b530 JavaThread "Connection worker"                 [_thread_blocked, id=11132, stack(0x000000028d300000,0x000000028d400000) (1024K)]
  0x0000012f0330c250 JavaThread "pool-708-thread-1"                 [_thread_blocked, id=34004, stack(0x000000028d000000,0x000000028d100000) (1024K)]
  0x0000012f0330cf70 JavaThread "Timer-707"                         [_thread_blocked, id=35868, stack(0x000000028d600000,0x000000028d700000) (1024K)]
  0x0000012f0330a180 JavaThread "Worker-6663: Initialize workspace"        [_thread_blocked, id=17560, stack(0x000000028d400000,0x000000028d500000) (1024K)]
  0x0000012f03308dd0 JavaThread "Connection worker"                 [_thread_blocked, id=41592, stack(0x000000028d700000,0x000000028d800000) (1024K)]
  0x0000012f0330d600 JavaThread "pool-709-thread-1"                 [_thread_blocked, id=30240, stack(0x000000028d800000,0x000000028d900000) (1024K)]
  0x0000012f0330a810 JavaThread "Timer-708"                         [_thread_blocked, id=43592, stack(0x000000028da00000,0x000000028db00000) (1024K)]
  0x0000012f0330e320 JavaThread "Worker-6675: Initialize workspace"        [_thread_blocked, id=27008, stack(0x000000028d900000,0x000000028da00000) (1024K)]
  0x0000012f0330dc90 JavaThread "Connection worker"                 [_thread_blocked, id=42988, stack(0x000000028db00000,0x000000028dc00000) (1024K)]
  0x0000012f0330fd60 JavaThread "pool-710-thread-1"                 [_thread_blocked, id=18564, stack(0x000000028dc00000,0x000000028dd00000) (1024K)]
  0x0000012f03311e30 JavaThread "Timer-709"                         [_thread_blocked, id=41200, stack(0x000000028de00000,0x000000028df00000) (1024K)]
  0x0000012f0330e9b0 JavaThread "Worker-6688: Initialize workspace"        [_thread_blocked, id=32260, stack(0x000000028d500000,0x000000028d600000) (1024K)]
  0x0000012f0330f6d0 JavaThread "Connection worker"                 [_thread_blocked, id=17392, stack(0x000000028df00000,0x000000028e000000) (1024K)]
  0x0000012f033103f0 JavaThread "pool-711-thread-1"                 [_thread_blocked, id=3308, stack(0x000000028e100000,0x000000028e200000) (1024K)]
  0x0000012f03311110 JavaThread "Timer-710"                         [_thread_blocked, id=26072, stack(0x000000028e200000,0x000000028e300000) (1024K)]
  0x0000012f0330f040 JavaThread "Worker-6700: Initialize workspace"        [_thread_blocked, id=40172, stack(0x000000028dd00000,0x000000028de00000) (1024K)]
  0x0000012f033117a0 JavaThread "Connection worker"                 [_thread_blocked, id=40184, stack(0x000000028e300000,0x000000028e400000) (1024K)]
  0x0000012f0330c8e0 JavaThread "pool-712-thread-1"                 [_thread_blocked, id=40164, stack(0x000000028e000000,0x000000028e100000) (1024K)]
  0x0000012f033124c0 JavaThread "Timer-711"                         [_thread_blocked, id=21136, stack(0x000000028e600000,0x000000028e700000) (1024K)]
  0x0000012f03314590 JavaThread "Worker-6712: Initialize workspace"        [_thread_blocked, id=13920, stack(0x000000028e400000,0x000000028e500000) (1024K)]
  0x0000012f03314c20 JavaThread "Connection worker"                 [_thread_blocked, id=37280, stack(0x000000028e700000,0x000000028e800000) (1024K)]
  0x0000012f03315940 JavaThread "pool-713-thread-1"                 [_thread_blocked, id=18660, stack(0x000000028e900000,0x000000028ea00000) (1024K)]
  0x0000012f03316660 JavaThread "Timer-712"                         [_thread_blocked, id=24956, stack(0x000000028ea00000,0x000000028eb00000) (1024K)]
  0x0000012f03315fd0 JavaThread "Worker-6725: Initialize workspace"        [_thread_blocked, id=33296, stack(0x000000028e500000,0x000000028e600000) (1024K)]
  0x0000012f03313f00 JavaThread "Connection worker"                 [_thread_blocked, id=8784, stack(0x000000028eb00000,0x000000028ec00000) (1024K)]
  0x0000012f03316cf0 JavaThread "pool-714-thread-1"                 [_thread_blocked, id=11092, stack(0x000000028ec00000,0x000000028ed00000) (1024K)]
  0x0000012f03317380 JavaThread "Timer-713"                         [_thread_blocked, id=36436, stack(0x000000028ee00000,0x000000028ef00000) (1024K)]
  0x0000012f033152b0 JavaThread "Worker-6738: Initialize workspace"        [_thread_blocked, id=33872, stack(0x000000028e800000,0x000000028e900000) (1024K)]
  0x0000012f03319450 JavaThread "Connection worker"                 [_thread_blocked, id=26956, stack(0x000000028ef00000,0x000000028f000000) (1024K)]
  0x0000012f0331ae90 JavaThread "pool-715-thread-1"                 [_thread_blocked, id=14276, stack(0x000000028f000000,0x000000028f100000) (1024K)]
  0x0000012f03317a10 JavaThread "Timer-714"                         [_thread_blocked, id=7688, stack(0x000000028f200000,0x000000028f300000) (1024K)]
  0x0000012f03313870 JavaThread "Worker-6751: Initialize workspace"        [_thread_blocked, id=22284, stack(0x000000028ed00000,0x000000028ee00000) (1024K)]
  0x0000012f033180a0 JavaThread "Connection worker"                 [_thread_blocked, id=37332, stack(0x000000028f300000,0x000000028f400000) (1024K)]
  0x0000012f0331b520 JavaThread "pool-716-thread-1"                 [_thread_blocked, id=5884, stack(0x000000028f100000,0x000000028f200000) (1024K)]
  0x0000012f0331a170 JavaThread "Timer-715"                         [_thread_blocked, id=34264, stack(0x000000028f600000,0x000000028f700000) (1024K)]
  0x0000012f0331bbb0 JavaThread "Worker-6761: Initialize workspace"        [_thread_blocked, id=44204, stack(0x000000028f400000,0x000000028f500000) (1024K)]
  0x0000012f0331a800 JavaThread "Connection worker"                 [_thread_blocked, id=31348, stack(0x000000028f700000,0x000000028f800000) (1024K)]
  0x0000012f03318730 JavaThread "pool-717-thread-1"                 [_thread_blocked, id=17436, stack(0x000000028f500000,0x000000028f600000) (1024K)]
  0x0000012f03318dc0 JavaThread "Timer-716"                         [_thread_blocked, id=43532, stack(0x000000028fa00000,0x000000028fb00000) (1024K)]
  0x0000012f0331cf60 JavaThread "Worker-6776: Initialize workspace"        [_thread_blocked, id=13092, stack(0x000000028f800000,0x000000028f900000) (1024K)]
  0x0000012f0331c8d0 JavaThread "Connection worker"                 [_thread_blocked, id=29924, stack(0x000000028fb00000,0x000000028fc00000) (1024K)]
  0x0000012f0331c240 JavaThread "pool-718-thread-1"                 [_thread_blocked, id=26104, stack(0x000000028f900000,0x000000028fa00000) (1024K)]
  0x0000012f0331e9a0 JavaThread "Timer-717"                         [_thread_blocked, id=43904, stack(0x000000028fe00000,0x000000028ff00000) (1024K)]
  0x0000012f03319ae0 JavaThread "Worker-6787: Initialize workspace"        [_thread_blocked, id=44260, stack(0x000000028fc00000,0x000000028fd00000) (1024K)]
  0x0000012f0331d5f0 JavaThread "Connection worker"                 [_thread_blocked, id=37752, stack(0x000000028ff00000,0x0000000290000000) (1024K)]
  0x0000012f0331f030 JavaThread "pool-719-thread-1"                 [_thread_blocked, id=39852, stack(0x000000028fd00000,0x000000028fe00000) (1024K)]
  0x0000012f0331f6c0 JavaThread "Timer-718"                         [_thread_blocked, id=30300, stack(0x0000000290200000,0x0000000290300000) (1024K)]
  0x0000012f03312b50 JavaThread "Worker-6801: Initialize workspace"        [_thread_blocked, id=29140, stack(0x0000000290100000,0x0000000290200000) (1024K)]
  0x0000012f033131e0 JavaThread "Connection worker"                 [_thread_blocked, id=39084, stack(0x0000000290300000,0x0000000290400000) (1024K)]
  0x0000012f03310a80 JavaThread "pool-720-thread-1"                 [_thread_blocked, id=39832, stack(0x0000000290000000,0x0000000290100000) (1024K)]
  0x0000012f042125d0 JavaThread "Timer-719"                         [_thread_blocked, id=36780, stack(0x0000000290600000,0x0000000290700000) (1024K)]
  0x0000012f041f81d0 JavaThread "Worker-6805: Initialize workspace"        [_thread_blocked, id=6868, stack(0x0000000290800000,0x0000000290900000) (1024K)]
  0x0000012f0331e310 JavaThread "Connection worker"                 [_thread_blocked, id=27792, stack(0x0000000290900000,0x0000000290a00000) (1024K)]
  0x0000012f042025e0 JavaThread "pool-721-thread-1"                 [_thread_blocked, id=30868, stack(0x0000000290b00000,0x0000000290c00000) (1024K)]
  0x0000012f035595f0 JavaThread "Timer-720"                         [_thread_blocked, id=19288, stack(0x0000000291000000,0x0000000291100000) (1024K)]
  0x0000012f042074a0 JavaThread "Worker-6818: Initialize workspace"        [_thread_blocked, id=41280, stack(0x0000000290700000,0x0000000290800000) (1024K)]
  0x0000012ecc2db6d0 JavaThread "Connection worker"                 [_thread_blocked, id=20816, stack(0x0000000291100000,0x0000000291200000) (1024K)]
  0x0000012f0542bb00 JavaThread "pool-722-thread-1"                 [_thread_blocked, id=25376, stack(0x0000000291200000,0x0000000291300000) (1024K)]
  0x0000012f0542e8f0 JavaThread "Timer-721"                         [_thread_blocked, id=33724, stack(0x0000000291400000,0x0000000291500000) (1024K)]
  0x0000012f0542d540 JavaThread "Worker-6829: Initialize workspace"        [_thread_blocked, id=1528, stack(0x0000000290d00000,0x0000000290e00000) (1024K)]
  0x0000012f0542dbd0 JavaThread "Connection worker"                 [_thread_blocked, id=15256, stack(0x0000000291500000,0x0000000291600000) (1024K)]
  0x0000012f0542fca0 JavaThread "pool-723-thread-1"                 [_thread_blocked, id=20048, stack(0x0000000291300000,0x0000000291400000) (1024K)]
  0x0000012f0542ef80 JavaThread "Timer-722"                         [_thread_blocked, id=9700, stack(0x0000000291a00000,0x0000000291b00000) (1024K)]
  0x0000012f0542c820 JavaThread "Worker-6840: Initialize workspace"        [_thread_blocked, id=37320, stack(0x0000000291700000,0x0000000291800000) (1024K)]
  0x0000012f05433e40 JavaThread "Timer-723"                         [_thread_blocked, id=30416, stack(0x0000000292400000,0x0000000292500000) (1024K)]
  0x0000012f054316e0 JavaThread "Worker-6849: Initialize workspace"        [_thread_blocked, id=42100, stack(0x0000000291b00000,0x0000000291c00000) (1024K)]
  0x0000012f05435f10 JavaThread "Connection worker"                 [_thread_blocked, id=13376, stack(0x0000000292600000,0x0000000292700000) (1024K)]
  0x0000012f054351f0 JavaThread "pool-725-thread-1"                 [_thread_blocked, id=39400, stack(0x0000000292100000,0x0000000292200000) (1024K)]
  0x0000012f054365a0 JavaThread "Timer-724"                         [_thread_blocked, id=42492, stack(0x0000000292c00000,0x0000000292d00000) (1024K)]
  0x0000012f05436c30 JavaThread "Worker-6864: Initialize workspace"        [_thread_blocked, id=21080, stack(0x0000000292b00000,0x0000000292c00000) (1024K)]
  0x0000012f054344d0 JavaThread "Connection worker"                 [_thread_blocked, id=8712, stack(0x0000000292d00000,0x0000000292e00000) (1024K)]
  0x0000012f05435880 JavaThread "pool-726-thread-1"                 [_thread_blocked, id=36400, stack(0x0000000292a00000,0x0000000292b00000) (1024K)]
  0x0000012f05438d00 JavaThread "Timer-725"                         [_thread_blocked, id=27332, stack(0x0000000293000000,0x0000000293100000) (1024K)]
  0x0000012f05433120 JavaThread "Worker-6872: Initialize workspace"        [_thread_blocked, id=25016, stack(0x0000000292e00000,0x0000000292f00000) (1024K)]
  0x0000012f05439a20 JavaThread "Connection worker"                 [_thread_blocked, id=21004, stack(0x0000000293100000,0x0000000293200000) (1024K)]
  0x0000012f05439390 JavaThread "pool-727-thread-1"                 [_thread_blocked, id=44660, stack(0x0000000292f00000,0x0000000293000000) (1024K)]
  0x0000012f0543a740 JavaThread "Timer-726"                         [_thread_blocked, id=27564, stack(0x0000000293300000,0x0000000293400000) (1024K)]
  0x0000012f0543a0b0 JavaThread "Worker-6882: Initialize workspace"        [_thread_blocked, id=42752, stack(0x0000000293200000,0x0000000293300000) (1024K)]
  0x0000012f0543add0 JavaThread "Connection worker"                 [_thread_blocked, id=11964, stack(0x0000000293800000,0x0000000293900000) (1024K)]
  0x0000012f05437fe0 JavaThread "pool-728-thread-1"                 [_thread_blocked, id=31084, stack(0x0000000293600000,0x0000000293700000) (1024K)]
  0x0000012f0543cea0 JavaThread "Timer-727"                         [_thread_blocked, id=36212, stack(0x0000000293a00000,0x0000000293b00000) (1024K)]
  0x0000012f0543ef70 JavaThread "Worker-6892: Initialize workspace"        [_thread_blocked, id=34900, stack(0x0000000293900000,0x0000000293a00000) (1024K)]
  0x0000012f0543e8e0 JavaThread "Connection worker"                 [_thread_blocked, id=33004, stack(0x0000000293400000,0x0000000293500000) (1024K)]
  0x0000012f05437950 JavaThread "pool-729-thread-1"                 [_thread_blocked, id=24860, stack(0x000000022c800000,0x000000022c900000) (1024K)]
  0x0000012f0543d530 JavaThread "Timer-728"                         [_thread_blocked, id=38124, stack(0x0000000293d00000,0x0000000293e00000) (1024K)]
  0x0000012f05430330 JavaThread "Connection worker"                 [_thread_blocked, id=16376, stack(0x0000000291e00000,0x0000000291f00000) (1024K)]
  0x0000012f0542ceb0 JavaThread "Worker-6903: Initialize workspace"        [_thread_blocked, id=35284, stack(0x0000000292000000,0x0000000292100000) (1024K)]
  0x0000012f0543baf0 JavaThread "Connection worker"                 [_thread_blocked, id=27948, stack(0x0000000201f00000,0x0000000202000000) (1024K)]
  0x0000012f0543c180 JavaThread "pool-730-thread-1"                 [_thread_blocked, id=8000, stack(0x0000000293f00000,0x0000000294000000) (1024K)]
  0x0000012f0543fc90 JavaThread "Timer-729"                         [_thread_blocked, id=22828, stack(0x0000000294000000,0x0000000294100000) (1024K)]
  0x0000012f0543dbc0 JavaThread "Worker-6916: Initialize workspace"        [_thread_blocked, id=14316, stack(0x0000000293b00000,0x0000000293c00000) (1024K)]
  0x0000012f0543c810 JavaThread "Connection worker"                 [_thread_blocked, id=10092, stack(0x0000000294200000,0x0000000294300000) (1024K)]
  0x0000012f05443110 JavaThread "pool-731-thread-1"                 [_thread_blocked, id=37104, stack(0x0000000294400000,0x0000000294500000) (1024K)]
  0x0000012f05440320 JavaThread "Timer-730"                         [_thread_blocked, id=34124, stack(0x0000000294500000,0x0000000294600000) (1024K)]
  0x0000012f05441d60 JavaThread "Worker-6929: Initialize workspace"        [_thread_blocked, id=17936, stack(0x0000000293e00000,0x0000000293f00000) (1024K)]
  0x0000012f054416d0 JavaThread "Connection worker"                 [_thread_blocked, id=13452, stack(0x0000000294600000,0x0000000294700000) (1024K)]
  0x0000012f0543f600 JavaThread "pool-732-thread-1"                 [_thread_blocked, id=41236, stack(0x0000000294300000,0x0000000294400000) (1024K)]
  0x0000012f054437a0 JavaThread "Timer-731"                         [_thread_blocked, id=41408, stack(0x0000000294900000,0x0000000294a00000) (1024K)]
  0x0000012f054444c0 JavaThread "Worker-6939: Initialize workspace"        [_thread_blocked, id=10308, stack(0x0000000294700000,0x0000000294800000) (1024K)]
  0x0000012f05444b50 JavaThread "Timer-732"                         [_thread_blocked, id=35316, stack(0x0000000294d00000,0x0000000294e00000) (1024K)]
  0x0000012f05443e30 JavaThread "Worker-6949: Initialize workspace"        [_thread_blocked, id=29752, stack(0x0000000294b00000,0x0000000294c00000) (1024K)]
  0x0000012f05448660 JavaThread "Connection worker"                 [_thread_blocked, id=26380, stack(0x0000000294f00000,0x0000000295000000) (1024K)]
  0x0000012f05447fd0 JavaThread "pool-734-thread-1"                 [_thread_blocked, id=31152, stack(0x0000000294c00000,0x0000000294d00000) (1024K)]
  0x0000012f05448cf0 JavaThread "Timer-733"                         [_thread_blocked, id=44692, stack(0x0000000212400000,0x0000000212500000) (1024K)]
  0x0000012f05445870 JavaThread "Worker-6962: Initialize workspace"        [_thread_blocked, id=35792, stack(0x0000000211f00000,0x0000000212000000) (1024K)]
  0x0000012f05445f00 JavaThread "Connection worker"                 [_thread_blocked, id=32104, stack(0x0000000211200000,0x0000000211300000) (1024K)]
  0x0000012f05449a10 JavaThread "pool-735-thread-1"                 [_thread_blocked, id=33604, stack(0x0000000213d00000,0x0000000213e00000) (1024K)]
  0x0000012f0544c800 JavaThread "Timer-734"                         [_thread_blocked, id=21016, stack(0x0000000295000000,0x0000000295100000) (1024K)]
  0x0000012f05449380 JavaThread "Worker-6973: Initialize workspace"        [_thread_blocked, id=20336, stack(0x000000021b900000,0x000000021ba00000) (1024K)]
  0x0000012f0544a730 JavaThread "Connection worker"                 [_thread_blocked, id=20296, stack(0x0000000295200000,0x0000000295300000) (1024K)]
  0x0000012f05446590 JavaThread "pool-736-thread-1"                 [_thread_blocked, id=43468, stack(0x000000026b500000,0x000000026b600000) (1024K)]
  0x0000012f0544c170 JavaThread "Timer-735"                         [_thread_blocked, id=43016, stack(0x0000000295600000,0x0000000295700000) (1024K)]
  0x0000012f0544e240 JavaThread "Worker-6983: Initialize workspace"        [_thread_blocked, id=44068, stack(0x0000000295300000,0x0000000295400000) (1024K)]
  0x0000012f0544ef60 JavaThread "Timer-736"                         [_thread_blocked, id=43048, stack(0x0000000295800000,0x0000000295900000) (1024K)]
  0x0000012f0544d520 JavaThread "Worker-6998: Initialize workspace"        [_thread_blocked, id=43480, stack(0x0000000295700000,0x0000000295800000) (1024K)]
  0x0000012f0544adc0 JavaThread "Connection worker"                 [_thread_blocked, id=36692, stack(0x0000000295a00000,0x0000000295b00000) (1024K)]
  0x0000012f0544e8d0 JavaThread "pool-738-thread-1"                 [_thread_blocked, id=43252, stack(0x0000000295500000,0x0000000295600000) (1024K)]
  0x0000012f05451030 JavaThread "Timer-737"                         [_thread_blocked, id=17288, stack(0x0000000296000000,0x0000000296100000) (1024K)]
  0x0000012f05413e60 JavaThread "Worker-7006: Initialize workspace"        [_thread_blocked, id=41900, stack(0x0000000295e00000,0x0000000295f00000) (1024K)]
  0x0000012f05414b80 JavaThread "Timer-738"                         [_thread_blocked, id=44792, stack(0x0000000296200000,0x0000000296300000) (1024K)]
  0x0000012f05413140 JavaThread "Worker-7018: Initialize workspace"        [_thread_blocked, id=37392, stack(0x0000000295c00000,0x0000000295d00000) (1024K)]
  0x0000012f05411d90 JavaThread "Connection worker"                 [_thread_blocked, id=37876, stack(0x0000000296400000,0x0000000296500000) (1024K)]
  0x0000012f05412420 JavaThread "pool-740-thread-1"                 [_thread_blocked, id=260, stack(0x0000000296100000,0x0000000296200000) (1024K)]
  0x0000012f05415f30 JavaThread "Timer-739"                         [_thread_blocked, id=41316, stack(0x0000000296a00000,0x0000000296b00000) (1024K)]
  0x0000012f054137d0 JavaThread "Worker-7028: Initialize workspace"        [_thread_blocked, id=10456, stack(0x0000000296900000,0x0000000296a00000) (1024K)]
  0x0000012f05418690 JavaThread "Connection worker"                 [_thread_blocked, id=22036, stack(0x0000000296d00000,0x0000000296e00000) (1024K)]
  0x0000012f054158a0 JavaThread "pool-741-thread-1"                 [_thread_blocked, id=23368, stack(0x0000000297100000,0x0000000297200000) (1024K)]
  0x0000012f0541c830 JavaThread "Timer-740"                         [_thread_blocked, id=16456, stack(0x0000000297300000,0x0000000297400000) (1024K)]
  0x0000012f05411700 JavaThread "Worker-7041: Initialize workspace"        [_thread_blocked, id=10828, stack(0x0000000296600000,0x0000000296700000) (1024K)]
  0x0000012f0541b480 JavaThread "Connection worker"                 [_thread_blocked, id=34508, stack(0x0000000297700000,0x0000000297800000) (1024K)]
  0x0000012f05418d20 JavaThread "pool-742-thread-1"                 [_thread_blocked, id=24316, stack(0x000000020ca00000,0x000000020cb00000) (1024K)]
  0x0000012f0541fcb0 JavaThread "Timer-741"                         [_thread_blocked, id=9532, stack(0x0000000298000000,0x0000000298100000) (1024K)]
  0x0000012f0541e900 JavaThread "Worker-7054: Initialize workspace"        [_thread_blocked, id=39184, stack(0x0000000297900000,0x0000000297a00000) (1024K)]
  0x0000012f054244e0 JavaThread "Timer-742"                         [_thread_blocked, id=27604, stack(0x0000000298800000,0x0000000298900000) (1024K)]
  0x0000012f0541d550 JavaThread "Worker-7064: Initialize workspace"        [_thread_blocked, id=27724, stack(0x0000000206000000,0x0000000206100000) (1024K)]
  0x0000012f05424b70 JavaThread "Connection worker"                 [_thread_blocked, id=41828, stack(0x0000000225800000,0x0000000225900000) (1024K)]
  0x0000012f054265b0 JavaThread "Connection worker"                 [_thread_blocked, id=29120, stack(0x0000000200500000,0x0000000200600000) (1024K)]
  0x0000012f05423e50 JavaThread "pool-744-thread-1"                 [_thread_blocked, id=20060, stack(0x000000021be00000,0x000000021bf00000) (1024K)]
  0x0000012f0542ade0 JavaThread "Timer-743"                         [_thread_blocked, id=10008, stack(0x0000000299000000,0x0000000299100000) (1024K)]
  0x0000012f05427ff0 JavaThread "Worker-7076: Initialize workspace"        [_thread_blocked, id=6880, stack(0x0000000298a00000,0x0000000298b00000) (1024K)]
  0x0000012ecd0aa780 JavaThread "Connection worker"                 [_thread_in_native, id=18460, stack(0x0000000299900000,0x0000000299a00000) (1024K)]
  0x0000012eff9f1270 JavaThread "pool-745-thread-1"                 [_thread_blocked, id=38888, stack(0x0000000299a00000,0x0000000299b00000) (1024K)]
  0x0000012eced56710 JavaThread "Timer-744"                         [_thread_blocked, id=22064, stack(0x000000029a100000,0x000000029a200000) (1024K)]
  0x0000012efed5abe0 JavaThread "Worker-7090: Initialize workspace"        [_thread_blocked, id=39528, stack(0x000000029ad00000,0x000000029ae00000) (1024K)]
  0x0000012f060cc220 JavaThread "Connection worker"                 [_thread_blocked, id=28404, stack(0x000000029b000000,0x000000029b100000) (1024K)]
  0x0000012f060cf010 JavaThread "pool-746-thread-1"                 [_thread_blocked, id=26912, stack(0x000000029a400000,0x000000029a500000) (1024K)]
  0x0000012f060d03c0 JavaThread "Timer-745"                         [_thread_blocked, id=6912, stack(0x0000000293700000,0x0000000293800000) (1024K)]
  0x0000012f060cd5d0 JavaThread "Worker-7103: Initialize workspace"        [_thread_blocked, id=27880, stack(0x000000023c100000,0x000000023c200000) (1024K)]
  0x0000012f060d10e0 JavaThread "Connection worker"                 [_thread_blocked, id=37756, stack(0x0000000220500000,0x0000000220600000) (1024K)]
  0x0000012f060d1770 JavaThread "Connection worker"                 [_thread_blocked, id=33676, stack(0x0000000235100000,0x0000000235200000) (1024K)]
  0x0000012f060cfd30 JavaThread "Connection worker"                 [_thread_blocked, id=9508, stack(0x0000000238900000,0x0000000238a00000) (1024K)]
  0x0000012f060ce2f0 JavaThread "pool-747-thread-1"                 [_thread_blocked, id=31784, stack(0x000000021f400000,0x000000021f500000) (1024K)]
  0x0000012f060d1e00 JavaThread "Timer-746"                         [_thread_blocked, id=34492, stack(0x000000029b600000,0x000000029b700000) (1024K)]
  0x0000012f060d3840 JavaThread "Connection worker"                 [_thread_blocked, id=34916, stack(0x0000000228000000,0x0000000228100000) (1024K)]
  0x0000012f060ccf40 JavaThread "Connection worker"                 [_thread_blocked, id=24528, stack(0x0000000228200000,0x0000000228300000) (1024K)]
  0x0000012f060d2490 JavaThread "Worker-7114: Initialize workspace"        [_thread_blocked, id=16996, stack(0x000000023c300000,0x000000023c400000) (1024K)]
  0x0000012f060d6cc0 JavaThread "Connection worker"                 [_thread_blocked, id=36036, stack(0x0000000238200000,0x0000000238300000) (1024K)]
  0x0000012f060d3ed0 JavaThread "Connection worker"                 [_thread_blocked, id=23600, stack(0x0000000210c00000,0x0000000210d00000) (1024K)]
  0x0000012f060d8700 JavaThread "Connection worker"                 [_thread_blocked, id=6920, stack(0x000000020e500000,0x000000020e600000) (1024K)]
  0x0000012f060d5fa0 JavaThread "Connection worker"                 [_thread_blocked, id=10692, stack(0x000000020e700000,0x000000020e800000) (1024K)]
  0x0000012f060d6630 JavaThread "pool-748-thread-1"                 [_thread_blocked, id=40452, stack(0x0000000215d00000,0x0000000215e00000) (1024K)]
  0x0000012f060d7350 JavaThread "Connection worker"                 [_thread_blocked, id=42852, stack(0x0000000216700000,0x0000000216800000) (1024K)]
  0x0000012f060d79e0 JavaThread "Connection worker"                 [_thread_blocked, id=28692, stack(0x0000000238700000,0x0000000238800000) (1024K)]
  0x0000012f060dae60 JavaThread "Connection worker"                 [_thread_blocked, id=26536, stack(0x0000000221c00000,0x0000000221d00000) (1024K)]
  0x0000012f060db4f0 JavaThread "Connection worker"                 [_thread_blocked, id=37372, stack(0x000000023c600000,0x000000023c700000) (1024K)]
  0x0000012f060da140 JavaThread "Timer-747"                         [_thread_blocked, id=42716, stack(0x000000023e000000,0x000000023e100000) (1024K)]
  0x0000012f060dc210 JavaThread "Connection worker"                 [_thread_blocked, id=39232, stack(0x0000000218800000,0x0000000218900000) (1024K)]
  0x0000012f060d9420 JavaThread "pool-749-thread-1"                 [_thread_blocked, id=28256, stack(0x0000000221e00000,0x0000000221f00000) (1024K)]
  0x0000012f060d9ab0 JavaThread "Connection worker"                 [_thread_blocked, id=38300, stack(0x000000023ea00000,0x000000023eb00000) (1024K)]
  0x0000012f060dd5c0 JavaThread "Connection worker"                 [_thread_blocked, id=38596, stack(0x0000000232300000,0x0000000232400000) (1024K)]
  0x0000012f060df690 JavaThread "Connection worker"                 [_thread_blocked, id=26312, stack(0x000000023eb00000,0x000000023ec00000) (1024K)]
  0x0000012f060de970 JavaThread "Connection worker"                 [_thread_blocked, id=24348, stack(0x0000000210900000,0x0000000210a00000) (1024K)]
  0x0000012f060df000 JavaThread "Connection worker"                 [_thread_blocked, id=31896, stack(0x0000000211000000,0x0000000211100000) (1024K)]
  0x0000012f060de2e0 JavaThread "Worker-7129: Initialize workspace"        [_thread_blocked, id=19308, stack(0x0000000212a00000,0x0000000212b00000) (1024K)]
  0x0000012f060dfd20 JavaThread "Connection worker"                 [_thread_blocked, id=28508, stack(0x0000000235b00000,0x0000000235c00000) (1024K)]
  0x0000012f060e0a40 JavaThread "Connection worker"                 [_thread_blocked, id=26808, stack(0x0000000210500000,0x0000000210600000) (1024K)]
  0x0000012f060e5270 JavaThread "Connection worker"                 [_thread_blocked, id=34416, stack(0x0000000205e00000,0x0000000205f00000) (1024K)]
  0x0000012f060e31a0 JavaThread "Timer-748"                         [_thread_blocked, id=36992, stack(0x0000000210400000,0x0000000210500000) (1024K)]
  0x0000012f060e1760 JavaThread "Connection worker"                 [_thread_blocked, id=33592, stack(0x000000022e100000,0x000000022e200000) (1024K)]
  0x0000012f060e10d0 JavaThread "Connection worker"                 [_thread_blocked, id=19632, stack(0x000000020ff00000,0x0000000210000000) (1024K)]
  0x0000012f060ddc50 JavaThread "Connection worker"                 [_thread_blocked, id=35860, stack(0x0000000205b00000,0x0000000205c00000) (1024K)]
  0x0000012f060e3ec0 JavaThread "Connection worker"                 [_thread_blocked, id=37852, stack(0x0000000213000000,0x0000000213100000) (1024K)]
  0x0000012f060e3830 JavaThread "Connection worker"                 [_thread_blocked, id=40412, stack(0x0000000215f00000,0x0000000216000000) (1024K)]
  0x0000012f060e4550 JavaThread "Connection worker"                 [_thread_blocked, id=43224, stack(0x000000020c200000,0x000000020c300000) (1024K)]
  0x0000012f060e2480 JavaThread "Connection worker"                 [_thread_blocked, id=41976, stack(0x000000020ee00000,0x000000020ef00000) (1024K)]
  0x0000012f060e4be0 JavaThread "Connection worker"                 [_thread_blocked, id=32212, stack(0x000000020f700000,0x000000020f800000) (1024K)]
  0x0000012f060e1df0 JavaThread "Connection worker"                 [_thread_blocked, id=43288, stack(0x0000000209d00000,0x0000000209e00000) (1024K)]
  0x0000012f060e2b10 JavaThread "Connection worker"                 [_thread_blocked, id=10436, stack(0x000000020f300000,0x000000020f400000) (1024K)]
  0x0000012f060e5900 JavaThread "pool-750-thread-1"                 [_thread_blocked, id=13636, stack(0x0000000210100000,0x0000000210200000) (1024K)]
  0x0000012f060e86f0 JavaThread "Timer-749"                         [_thread_blocked, id=37180, stack(0x0000000211900000,0x0000000211a00000) (1024K)]
  0x0000012f060e7340 JavaThread "Connection worker"                 [_thread_blocked, id=31500, stack(0x0000000215600000,0x0000000215700000) (1024K)]
  0x0000012f060e5f90 JavaThread "Connection worker"                 [_thread_blocked, id=43292, stack(0x0000000210800000,0x0000000210900000) (1024K)]
  0x0000012f060e8d80 JavaThread "Connection worker"                 [_thread_blocked, id=42236, stack(0x000000020c500000,0x000000020c600000) (1024K)]
  0x0000012f060e9aa0 JavaThread "Connection worker"                 [_thread_blocked, id=42676, stack(0x000000020df00000,0x000000020e000000) (1024K)]
  0x0000012f060e9410 JavaThread "Connection worker"                 [_thread_blocked, id=19676, stack(0x000000020c100000,0x000000020c200000) (1024K)]
  0x0000012f060e6620 JavaThread "pool-751-thread-1"                 [_thread_blocked, id=26220, stack(0x0000000210d00000,0x0000000210e00000) (1024K)]
  0x0000012f060e79d0 JavaThread "Connection worker"                 [_thread_blocked, id=42796, stack(0x0000000211500000,0x0000000211600000) (1024K)]
  0x0000012f060ea130 JavaThread "Connection worker"                 [_thread_blocked, id=11996, stack(0x0000000214700000,0x0000000214800000) (1024K)]
  0x0000012f060e8060 JavaThread "Connection worker"                 [_thread_blocked, id=6120, stack(0x0000000211300000,0x0000000211400000) (1024K)]
  0x0000012f060e6cb0 JavaThread "Connection worker"                 [_thread_blocked, id=34272, stack(0x0000000213500000,0x0000000213600000) (1024K)]
  0x0000012f060ed5b0 JavaThread "Connection worker"                 [_thread_blocked, id=35600, stack(0x0000000213600000,0x0000000213700000) (1024K)]
  0x0000012f060eb4e0 JavaThread "Connection worker"                 [_thread_blocked, id=23936, stack(0x0000000214200000,0x0000000214300000) (1024K)]
  0x0000012f060ec200 JavaThread "Connection worker"                 [_thread_blocked, id=35484, stack(0x0000000200a00000,0x0000000200b00000) (1024K)]
  0x0000012f060ec890 JavaThread "Connection worker"                 [_thread_blocked, id=38748, stack(0x0000000214300000,0x0000000214400000) (1024K)]
  0x0000012f060ecf20 JavaThread "Worker-7151: Initialize workspace"        [_thread_blocked, id=34936, stack(0x0000000216000000,0x0000000216100000) (1024K)]
  0x0000012f060eae50 JavaThread "Timer-750"                         [_thread_blocked, id=29200, stack(0x0000000216a00000,0x0000000216b00000) (1024K)]
  0x0000012f060ee960 JavaThread "Connection worker"                 [_thread_blocked, id=17312, stack(0x0000000216f00000,0x0000000217000000) (1024K)]
  0x0000012f060edc40 JavaThread "Worker-7159: Initialize workspace"        [_thread_blocked, id=25436, stack(0x0000000216300000,0x0000000216400000) (1024K)]
  0x0000012f060ebb70 JavaThread "Connection worker"                 [_thread_blocked, id=24724, stack(0x0000000216900000,0x0000000216a00000) (1024K)]
  0x0000012f060f03a0 JavaThread "pool-752-thread-1"                 [_thread_blocked, id=17472, stack(0x0000000217300000,0x0000000217400000) (1024K)]
  0x0000012f060f10c0 JavaThread "Timer-751"                         [_thread_blocked, id=15252, stack(0x0000000217b00000,0x0000000217c00000) (1024K)]
  0x0000012f060eeff0 JavaThread "Worker-7168: Initialize workspace"        [_thread_blocked, id=3280, stack(0x0000000217500000,0x0000000217600000) (1024K)]
  0x0000012f060ea7c0 JavaThread "Connection worker"                 [_thread_blocked, id=36172, stack(0x0000000216e00000,0x0000000216f00000) (1024K)]
  0x0000012f060ef680 JavaThread "Connection worker"                 [_thread_blocked, id=10160, stack(0x0000000218500000,0x0000000218600000) (1024K)]
  0x0000012f060f1750 JavaThread "pool-753-thread-1"                 [_thread_blocked, id=28988, stack(0x0000000218900000,0x0000000218a00000) (1024K)]
  0x0000012f060ee2d0 JavaThread "Timer-752"                         [_thread_blocked, id=31720, stack(0x0000000218d00000,0x0000000218e00000) (1024K)]
  0x0000012f060b2b40 JavaThread "Connection worker"                 [_thread_blocked, id=15712, stack(0x0000000219200000,0x0000000219300000) (1024K)]
  0x0000012f060b3ef0 JavaThread "Worker-7178: Initialize workspace"        [_thread_blocked, id=42588, stack(0x0000000218600000,0x0000000218700000) (1024K)]
  0x0000012f060b4580 JavaThread "Connection worker"                 [_thread_blocked, id=41484, stack(0x0000000204a00000,0x0000000204b00000) (1024K)]
  0x0000012f060b3860 JavaThread "Connection worker"                 [_thread_blocked, id=5104, stack(0x0000000203100000,0x0000000203200000) (1024K)]
  0x0000012f060b24b0 JavaThread "Connection worker"                 [_thread_blocked, id=10716, stack(0x0000000203500000,0x0000000203600000) (1024K)]
  0x0000012f060b1100 JavaThread "Connection worker"                 [_thread_blocked, id=38828, stack(0x0000000210f00000,0x0000000211000000) (1024K)]
  0x0000012f060b52a0 JavaThread "Connection worker"                 [_thread_blocked, id=21808, stack(0x000000020e600000,0x000000020e700000) (1024K)]
  0x0000012f060b1790 JavaThread "Timer-753"                         [_thread_blocked, id=34380, stack(0x0000000210700000,0x0000000210800000) (1024K)]
  0x0000012f060b1e20 JavaThread "pool-754-thread-1"                 [_thread_blocked, id=7620, stack(0x0000000218100000,0x0000000218200000) (1024K)]
  0x0000012f060b6ce0 JavaThread "Connection worker"                 [_thread_blocked, id=31524, stack(0x0000000219100000,0x0000000219200000) (1024K)]
  0x0000012f060b4c10 JavaThread "Connection worker"                 [_thread_blocked, id=34944, stack(0x0000000217100000,0x0000000217200000) (1024K)]
  0x0000012f060b5930 JavaThread "pool-755-thread-1"                 [_thread_blocked, id=32704, stack(0x000000020de00000,0x000000020df00000) (1024K)]
  0x0000012f060b5fc0 JavaThread "Worker-7192: Initialize workspace"        [_thread_blocked, id=33088, stack(0x000000020e200000,0x000000020e300000) (1024K)]
  0x0000012f060b31d0 JavaThread "Connection worker"                 [_thread_blocked, id=44408, stack(0x0000000219300000,0x0000000219400000) (1024K)]
  0x0000012f060ba7f0 JavaThread "Connection worker"                 [_thread_blocked, id=44412, stack(0x0000000218f00000,0x0000000219000000) (1024K)]
  0x0000012f060b8090 JavaThread "Connection worker"                 [_thread_blocked, id=44420, stack(0x0000000219900000,0x0000000219a00000) (1024K)]
  0x0000012f060b7370 JavaThread "Timer-754"                         [_thread_blocked, id=44468, stack(0x0000000218200000,0x0000000218300000) (1024K)]
  0x0000012f060be990 JavaThread "Worker-7200: Initialize workspace"        [_thread_blocked, id=23920, stack(0x0000000226500000,0x0000000226600000) (1024K)]
  0x0000012f060bbba0 JavaThread "Connection worker"                 [_thread_blocked, id=3732, stack(0x000000021ca00000,0x000000021cb00000) (1024K)]
  0x0000012f060bc8c0 JavaThread "Connection worker"                 [_thread_blocked, id=44924, stack(0x000000021bf00000,0x000000021c000000) (1024K)]
  0x0000012f060ba160 JavaThread "Connection worker"                 [_thread_blocked, id=25348, stack(0x0000000225f00000,0x0000000226000000) (1024K)]
  0x0000012f060bfd40 JavaThread "pool-756-thread-1"                 [_thread_blocked, id=32304, stack(0x0000000226b00000,0x0000000226c00000) (1024K)]
  0x0000012f060bdc70 JavaThread "Connection worker"                 [_thread_blocked, id=44892, stack(0x0000000227800000,0x0000000227900000) (1024K)]
  0x0000012f060c0a60 JavaThread "Timer-755"                         [_thread_blocked, id=44932, stack(0x0000000227f00000,0x0000000228000000) (1024K)]
  0x0000012f060c1e10 JavaThread "Connection worker"                 [_thread_blocked, id=24384, stack(0x000000022eb00000,0x000000022ec00000) (1024K)]
  0x0000012f060bf6b0 JavaThread "Connection worker"                 [_thread_blocked, id=35088, stack(0x0000000226600000,0x0000000226700000) (1024K)]
  0x0000012f060c79f0 JavaThread "Connection worker"                 [_thread_blocked, id=17208, stack(0x000000021a700000,0x000000021a800000) (1024K)]
  0x0000012f060c4570 JavaThread "Connection worker"                 [_thread_blocked, id=38608, stack(0x0000000203400000,0x0000000203500000) (1024K)]
  0x0000012f060c8da0 JavaThread "Connection worker"                 [_thread_blocked, id=26652, stack(0x0000000203000000,0x0000000203100000) (1024K)]
  0x0000012f060b9ad0 JavaThread "Connection worker"                 [_thread_blocked, id=44500, stack(0x000000020da00000,0x000000020db00000) (1024K)]
  0x0000012f060b7a00 JavaThread "Connection worker"                 [_thread_blocked, id=19936, stack(0x000000020c000000,0x000000020c100000) (1024K)]
  0x0000012f060b8db0 JavaThread "Worker-7214: Initialize workspace"        [_thread_blocked, id=43564, stack(0x000000020e100000,0x000000020e200000) (1024K)]
  0x0000012f060b9440 JavaThread "pool-757-thread-1"                 [_thread_blocked, id=39604, stack(0x000000020ed00000,0x000000020ee00000) (1024K)]
  0x0000012f060bae80 JavaThread "Timer-756"                         [_thread_blocked, id=23220, stack(0x0000000218a00000,0x0000000218b00000) (1024K)]
  0x0000012f060b8720 JavaThread "Worker-7219: Initialize workspace"        [_thread_blocked, id=39004, stack(0x0000000218e00000,0x0000000218f00000) (1024K)]
  0x0000012f060bcf50 JavaThread "Connection worker"                 [_thread_blocked, id=15472, stack(0x0000000217c00000,0x0000000217d00000) (1024K)]
  0x0000012f060b6650 JavaThread "pool-758-thread-1"                 [_thread_blocked, id=21608, stack(0x0000000215300000,0x0000000215400000) (1024K)]
  0x0000012f060bc230 JavaThread "Timer-757"                         [_thread_blocked, id=29960, stack(0x000000021b200000,0x000000021b300000) (1024K)]
  0x0000012f060bb510 JavaThread "Worker-7233: Initialize workspace"        [_thread_blocked, id=24644, stack(0x0000000219600000,0x0000000219700000) (1024K)]
  0x0000012f060c03d0 JavaThread "Connection worker"                 [_thread_blocked, id=13612, stack(0x0000000218b00000,0x0000000218c00000) (1024K)]
  0x0000012f060bf020 JavaThread "pool-759-thread-1"                 [_thread_blocked, id=12968, stack(0x000000020c300000,0x000000020c400000) (1024K)]
  0x0000012f060c1780 JavaThread "Timer-758"                         [_thread_blocked, id=7492, stack(0x000000021f800000,0x000000021f900000) (1024K)]
  0x0000012f060bd5e0 JavaThread "Worker-7243: Initialize workspace"        [_thread_blocked, id=11004, stack(0x000000021c200000,0x000000021c300000) (1024K)]
  0x0000012f060be300 JavaThread "Connection worker"                 [_thread_blocked, id=10000, stack(0x0000000221300000,0x0000000221400000) (1024K)]
  0x0000012f060c24a0 JavaThread "Connection worker"                 [_thread_blocked, id=8640, stack(0x000000021f600000,0x000000021f700000) (1024K)]
  0x0000012f060c31c0 JavaThread "pool-760-thread-1"                 [_thread_blocked, id=31048, stack(0x0000000224300000,0x0000000224400000) (1024K)]
  0x0000012f060c6640 JavaThread "Timer-759"                         [_thread_blocked, id=44628, stack(0x0000000226200000,0x0000000226300000) (1024K)]
  0x0000012f060c3ee0 JavaThread "Connection worker"                 [_thread_blocked, id=36564, stack(0x0000000224900000,0x0000000224a00000) (1024K)]
  0x0000012f060c6cd0 JavaThread "Worker-7255: Initialize workspace"        [_thread_blocked, id=2440, stack(0x0000000226300000,0x0000000226400000) (1024K)]
  0x0000012f060c3850 JavaThread "Connection worker"                 [_thread_blocked, id=16960, stack(0x0000000224500000,0x0000000224600000) (1024K)]
  0x0000012f060c8710 JavaThread "pool-761-thread-1"                 [_thread_blocked, id=42960, stack(0x0000000227500000,0x0000000227600000) (1024K)]
  0x0000012f060c8080 JavaThread "Timer-760"                         [_thread_blocked, id=30036, stack(0x0000000228300000,0x0000000228400000) (1024K)]
  0x0000012f060c9430 JavaThread "Worker-7262: Initialize workspace"        [_thread_blocked, id=31952, stack(0x0000000229900000,0x0000000229a00000) (1024K)]
  0x0000012f060cae70 JavaThread "Connection worker"                 [_thread_blocked, id=38948, stack(0x000000022ee00000,0x000000022ef00000) (1024K)]
  0x0000012f060ce980 JavaThread "Connection worker"                 [_thread_blocked, id=9760, stack(0x000000020b000000,0x000000020b100000) (1024K)]
  0x0000012f060cf6a0 JavaThread "Connection worker"                 [_thread_blocked, id=30812, stack(0x0000000201700000,0x0000000201800000) (1024K)]
  0x0000012f060cbb90 JavaThread "Timer-761"                         [_thread_blocked, id=39492, stack(0x0000000206600000,0x0000000206700000) (1024K)]
  0x0000012f060d31b0 JavaThread "pool-762-thread-1"                 [_thread_blocked, id=36000, stack(0x0000000229000000,0x0000000229100000) (1024K)]
  0x0000012f060cdc60 JavaThread "Worker-7277: Initialize workspace"        [_thread_blocked, id=6376, stack(0x000000020b400000,0x000000020b500000) (1024K)]
  0x0000012f060d0a50 JavaThread "Connection worker"                 [_thread_blocked, id=42028, stack(0x0000000214900000,0x0000000214a00000) (1024K)]
  0x0000012f060cc8b0 JavaThread "pool-763-thread-1"                 [_thread_blocked, id=42016, stack(0x0000000202800000,0x0000000202900000) (1024K)]
  0x0000012f060d4bf0 JavaThread "Connection worker"                 [_thread_blocked, id=27144, stack(0x000000022ef00000,0x000000022f000000) (1024K)]
  0x0000012f060d5910 JavaThread "Connection worker"                 [_thread_blocked, id=42456, stack(0x000000022f500000,0x000000022f600000) (1024K)]
  0x0000012f060d5280 JavaThread "Timer-762"                         [_thread_blocked, id=2484, stack(0x0000000230f00000,0x0000000231000000) (1024K)]
  0x0000012f060d4560 JavaThread "Connection worker"                 [_thread_blocked, id=37208, stack(0x000000022f000000,0x000000022f100000) (1024K)]
  0x0000012f060da7d0 JavaThread "Worker-7287: Initialize workspace"        [_thread_blocked, id=16524, stack(0x000000022f400000,0x000000022f500000) (1024K)]
  0x0000012f060dc8a0 JavaThread "Connection worker"                 [_thread_blocked, id=44244, stack(0x0000000232b00000,0x0000000232c00000) (1024K)]
  0x0000012f060dcf30 JavaThread "pool-764-thread-1"                 [_thread_blocked, id=20080, stack(0x0000000232f00000,0x0000000233000000) (1024K)]
  0x0000012f060efd10 JavaThread "Timer-763"                         [_thread_blocked, id=27668, stack(0x0000000233200000,0x0000000233300000) (1024K)]
  0x0000012f060ca150 JavaThread "Worker-7301: Initialize workspace"        [_thread_blocked, id=38364, stack(0x0000000232d00000,0x0000000232e00000) (1024K)]
  0x0000012f060d8d90 JavaThread "Connection worker"                 [_thread_blocked, id=28464, stack(0x0000000233500000,0x0000000233600000) (1024K)]
  0x0000012f060c9ac0 JavaThread "pool-765-thread-1"                 [_thread_blocked, id=25264, stack(0x0000000232600000,0x0000000232700000) (1024K)]
  0x0000012ecd097310 JavaThread "Timer-764"                         [_thread_blocked, id=44636, stack(0x0000000233a00000,0x0000000233b00000) (1024K)]
  0x0000012ecd098030 JavaThread "Worker-7309: Initialize workspace"        [_thread_blocked, id=15980, stack(0x0000000233700000,0x0000000233800000) (1024K)]
  0x0000012ecd09ae20 JavaThread "Connection worker"                 [_thread_blocked, id=36836, stack(0x0000000234200000,0x0000000234300000) (1024K)]
  0x0000012ecd09a790 JavaThread "pool-766-thread-1"                 [_thread_blocked, id=44928, stack(0x0000000233600000,0x0000000233700000) (1024K)]
  0x0000012ecd09dc10 JavaThread "Timer-765"                         [_thread_blocked, id=36776, stack(0x0000000235e00000,0x0000000235f00000) (1024K)]
  0x0000012ecd09c1d0 JavaThread "Worker-7316: Initialize workspace"        [_thread_blocked, id=10372, stack(0x0000000236b00000,0x0000000236c00000) (1024K)]
  0x0000012ecd0986c0 JavaThread "Connection worker"                 [_thread_blocked, id=44480, stack(0x0000000235300000,0x0000000235400000) (1024K)]
  0x0000012ecd0979a0 JavaThread "pool-767-thread-1"                 [_thread_blocked, id=33720, stack(0x0000000235000000,0x0000000235100000) (1024K)]
  0x0000012ecd09e930 JavaThread "Timer-766"                         [_thread_blocked, id=8104, stack(0x0000000237400000,0x0000000237500000) (1024K)]
  0x0000012ecd09e2a0 JavaThread "Worker-7330: Initialize workspace"        [_thread_blocked, id=44900, stack(0x0000000236700000,0x0000000236800000) (1024K)]
  0x0000012ecd09d580 JavaThread "Connection worker"                 [_thread_blocked, id=41936, stack(0x0000000237800000,0x0000000237900000) (1024K)]
  0x0000012ecd09efc0 JavaThread "pool-768-thread-1"                 [_thread_blocked, id=41064, stack(0x0000000237200000,0x0000000237300000) (1024K)]
  0x0000012ecd09cef0 JavaThread "Timer-767"                         [_thread_blocked, id=22564, stack(0x0000000237e00000,0x0000000237f00000) (1024K)]
  0x0000012ecd09fce0 JavaThread "Worker-7342: Initialize workspace"        [_thread_blocked, id=44996, stack(0x0000000237a00000,0x0000000237b00000) (1024K)]
  0x0000012ecd0a1090 JavaThread "Connection worker"                 [_thread_blocked, id=3156, stack(0x0000000238a00000,0x0000000238b00000) (1024K)]
  0x0000012ecd0a5230 JavaThread "pool-769-thread-1"                 [_thread_blocked, id=26236, stack(0x0000000238000000,0x0000000238100000) (1024K)]
  0x0000012ecd0a7300 JavaThread "Timer-768"                         [_thread_blocked, id=26404, stack(0x0000000239b00000,0x0000000239c00000) (1024K)]
  0x0000012ecd0a7990 JavaThread "Connection worker"                 [_thread_blocked, id=16268, stack(0x0000000239f00000,0x000000023a000000) (1024K)]
  0x0000012ecd0a58c0 JavaThread "Worker-7352: Initialize workspace"        [_thread_blocked, id=37348, stack(0x0000000238e00000,0x0000000238f00000) (1024K)]
  0x0000012ecd0a2440 JavaThread "Connection worker"                 [_thread_blocked, id=11244, stack(0x0000000239500000,0x0000000239600000) (1024K)]
  0x0000012ecd0a8d40 JavaThread "Connection worker"                 [_thread_blocked, id=13972, stack(0x0000000239d00000,0x0000000239e00000) (1024K)]
  0x0000012ecd0ab4a0 JavaThread "pool-770-thread-1"                 [_thread_blocked, id=24508, stack(0x000000023a500000,0x000000023a600000) (1024K)]
  0x0000012ecd0a9a60 JavaThread "Timer-769"                         [_thread_blocked, id=41640, stack(0x000000023a800000,0x000000023a900000) (1024K)]
  0x0000012ecd0a5f50 JavaThread "Connection worker"                 [_thread_blocked, id=12832, stack(0x000000023a300000,0x000000023a400000) (1024K)]
  0x0000012ecd0ad570 JavaThread "pool-771-thread-1"                 [_thread_blocked, id=5984, stack(0x000000023ac00000,0x000000023ad00000) (1024K)]
  0x0000012ecd0aae10 JavaThread "Worker-7368: Initialize workspace"        [_thread_blocked, id=18824, stack(0x000000023a100000,0x000000023a200000) (1024K)]
  0x0000012ecd0a93d0 JavaThread "Connection worker"                 [_thread_blocked, id=20492, stack(0x000000023b000000,0x000000023b100000) (1024K)]
  0x0000012ecd0b5f40 JavaThread "Timer-770"                         [_thread_blocked, id=4060, stack(0x000000023e300000,0x000000023e400000) (1024K)]
  0x0000012ecd0abb30 JavaThread "Worker-7375: Initialize workspace"        [_thread_blocked, id=19404, stack(0x000000023bd00000,0x000000023be00000) (1024K)]
  0x0000012ecd0b4500 JavaThread "Connection worker"                 [_thread_blocked, id=43428, stack(0x000000023f200000,0x000000023f300000) (1024K)]
  0x0000012ecd0b8d30 JavaThread "pool-772-thread-1"                 [_thread_blocked, id=23208, stack(0x000000023f600000,0x000000023f700000) (1024K)]
  0x0000012ecd0b93c0 JavaThread "Timer-771"                         [_thread_blocked, id=10960, stack(0x000000023f700000,0x000000023f800000) (1024K)]
  0x0000012ecd0b72f0 JavaThread "Worker-7391: Initialize workspace"        [_thread_blocked, id=42412, stack(0x000000023f800000,0x000000023f900000) (1024K)]
  0x0000012ecd0bc840 JavaThread "Connection worker"                 [_thread_blocked, id=15176, stack(0x0000000240500000,0x0000000240600000) (1024K)]
  0x0000012ecd0b9a50 JavaThread "pool-773-thread-1"                 [_thread_blocked, id=32484, stack(0x000000023c900000,0x000000023ca00000) (1024K)]
  0x0000012ecd080390 JavaThread "Timer-772"                         [_thread_blocked, id=30224, stack(0x0000000240b00000,0x0000000240c00000) (1024K)]
  0x0000012ecd07c880 JavaThread "Worker-7399: Initialize workspace"        [_thread_blocked, id=21732, stack(0x0000000232c00000,0x0000000232d00000) (1024K)]
  0x0000012ecd07d5a0 JavaThread "Connection worker"                 [_thread_blocked, id=37004, stack(0x0000000240600000,0x0000000240700000) (1024K)]
  0x0000012ecd083180 JavaThread "Connection worker"                 [_thread_blocked, id=2996, stack(0x0000000240900000,0x0000000240a00000) (1024K)]
  0x0000012ecd07cf10 JavaThread "pool-774-thread-1"                 [_thread_blocked, id=29472, stack(0x0000000231c00000,0x0000000231d00000) (1024K)]
  0x0000012ecd090a10 JavaThread "Timer-773"                         [_thread_blocked, id=43172, stack(0x0000000221200000,0x0000000221300000) (1024K)]
  0x0000012ecd0858e0 JavaThread "Worker-7410: Initialize workspace"        [_thread_blocked, id=40848, stack(0x0000000240d00000,0x0000000240e00000) (1024K)]
  0x0000012ecd08fcf0 JavaThread "Connection worker"                 [_thread_blocked, id=29972, stack(0x0000000241200000,0x0000000241300000) (1024K)]
  0x0000012ecd0958d0 JavaThread "pool-775-thread-1"                 [_thread_blocked, id=20484, stack(0x0000000249a00000,0x0000000249b00000) (1024K)]
  0x0000012f05412ab0 JavaThread "Timer-774"                         [_thread_blocked, id=41896, stack(0x000000024a000000,0x000000024a100000) (1024K)]
  0x0000012f05411070 JavaThread "Worker-7420: Initialize workspace"        [_thread_blocked, id=44344, stack(0x0000000248a00000,0x0000000248b00000) (1024K)]
  0x0000012f05415210 JavaThread "Connection worker"                 [_thread_blocked, id=44256, stack(0x0000000241d00000,0x0000000241e00000) (1024K)]
  0x0000012f054144f0 JavaThread "Connection worker"                 [_thread_blocked, id=44312, stack(0x0000000243a00000,0x0000000243b00000) (1024K)]
  0x0000012f054165c0 JavaThread "Connection worker"                 [_thread_blocked, id=44212, stack(0x000000022ed00000,0x000000022ee00000) (1024K)]
  0x0000012f05416c50 JavaThread "Connection worker"                 [_thread_blocked, id=40876, stack(0x0000000242300000,0x0000000242400000) (1024K)]
  0x0000012f05419a40 JavaThread "pool-776-thread-1"                 [_thread_blocked, id=18220, stack(0x0000000242900000,0x0000000242a00000) (1024K)]
  0x0000012f0541a0d0 JavaThread "Timer-775"                         [_thread_blocked, id=43360, stack(0x0000000216400000,0x0000000216500000) (1024K)]
  0x0000012f0541a760 JavaThread "Worker-7432: Initialize workspace"        [_thread_blocked, id=23376, stack(0x000000020ea00000,0x000000020eb00000) (1024K)]
  0x0000012f0541adf0 JavaThread "Connection worker"                 [_thread_blocked, id=38492, stack(0x0000000231900000,0x0000000231a00000) (1024K)]
  0x0000012f05417970 JavaThread "Connection worker"                 [_thread_blocked, id=40828, stack(0x0000000242f00000,0x0000000243000000) (1024K)]
  0x0000012f054172e0 JavaThread "Connection worker"                 [_thread_blocked, id=43980, stack(0x0000000249d00000,0x0000000249e00000) (1024K)]
  0x0000012f0541c1a0 JavaThread "Timer-776"                         [_thread_blocked, id=44948, stack(0x000000024aa00000,0x000000024ab00000) (1024K)]
  0x0000012f0541cec0 JavaThread "pool-777-thread-1"                 [_thread_blocked, id=26596, stack(0x000000024d000000,0x000000024d100000) (1024K)]
  0x0000012f054193b0 JavaThread "Worker-7442: Initialize workspace"        [_thread_blocked, id=38696, stack(0x0000000216c00000,0x0000000216d00000) (1024K)]
  0x0000012f0541dbe0 JavaThread "Connection worker"                 [_thread_blocked, id=33068, stack(0x000000024cd00000,0x000000024ce00000) (1024K)]
  0x0000012f05418000 JavaThread "pool-778-thread-1"                 [_thread_blocked, id=39900, stack(0x000000024a400000,0x000000024a500000) (1024K)]
  0x0000012f0541bb10 JavaThread "Timer-777"                         [_thread_blocked, id=7888, stack(0x000000024d900000,0x000000024da00000) (1024K)]
  0x0000012f05420340 JavaThread "Worker-7453: Initialize workspace"        [_thread_blocked, id=21896, stack(0x000000024d500000,0x000000024d600000) (1024K)]
  0x0000012f0541f620 JavaThread "Connection worker"                 [_thread_blocked, id=26432, stack(0x000000024dc00000,0x000000024dd00000) (1024K)]
  0x0000012f0541e270 JavaThread "pool-779-thread-1"                 [_thread_blocked, id=38028, stack(0x0000000250b00000,0x0000000250c00000) (1024K)]
  0x0000012f054216f0 JavaThread "Timer-778"                         [_thread_blocked, id=37140, stack(0x0000000250c00000,0x0000000250d00000) (1024K)]
  0x0000012f05421d80 JavaThread "Worker-7465: Initialize workspace"        [_thread_blocked, id=38908, stack(0x000000024d200000,0x000000024d300000) (1024K)]
  0x0000012f054209d0 JavaThread "Connection worker"                 [_thread_blocked, id=41520, stack(0x0000000228800000,0x0000000228900000) (1024K)]
  0x0000012f05425200 JavaThread "pool-780-thread-1"                 [_thread_blocked, id=30288, stack(0x000000024ea00000,0x000000024eb00000) (1024K)]
  0x0000012f054272d0 JavaThread "Timer-779"                         [_thread_blocked, id=11084, stack(0x0000000269800000,0x0000000269900000) (1024K)]
  0x0000012f054309c0 JavaThread "Connection worker"                 [_thread_blocked, id=42060, stack(0x0000000271d00000,0x0000000271e00000) (1024K)]
  0x0000012f0542c190 JavaThread "pool-781-thread-1"                 [_thread_blocked, id=19952, stack(0x0000000209200000,0x0000000209300000) (1024K)]
  0x0000012f05431050 JavaThread "Worker-7480: Initialize workspace"        [_thread_blocked, id=26492, stack(0x0000000231200000,0x0000000231300000) (1024K)]
  0x0000012f0543b460 JavaThread "Timer-780"                         [_thread_blocked, id=34876, stack(0x0000000274a00000,0x0000000274b00000) (1024K)]
  0x0000012f05431d70 JavaThread "Worker-7488: Initialize workspace"        [_thread_blocked, id=39696, stack(0x0000000232100000,0x0000000232200000) (1024K)]
  0x0000012f054372c0 JavaThread "Connection worker"                 [_thread_blocked, id=3912, stack(0x0000000234600000,0x0000000234700000) (1024K)]
  0x0000012f05438670 JavaThread "pool-782-thread-1"                 [_thread_blocked, id=41096, stack(0x0000000233b00000,0x0000000233c00000) (1024K)]
  0x0000012f05441040 JavaThread "Timer-781"                         [_thread_blocked, id=22276, stack(0x0000000275b00000,0x0000000275c00000) (1024K)]
  0x0000012f054409b0 JavaThread "Worker-7499: Initialize workspace"        [_thread_blocked, id=27432, stack(0x0000000272c00000,0x0000000272d00000) (1024K)]
  0x0000012f054451e0 JavaThread "Connection worker"                 [_thread_blocked, id=3856, stack(0x0000000276d00000,0x0000000276e00000) (1024K)]
  0x0000012f054472b0 JavaThread "pool-783-thread-1"                 [_thread_blocked, id=32264, stack(0x0000000277700000,0x0000000277800000) (1024K)]
  0x0000012f05446c20 JavaThread "Timer-782"                         [_thread_blocked, id=30464, stack(0x0000000279e00000,0x0000000279f00000) (1024K)]
  0x0000012f0543e250 JavaThread "Worker-7510: Initialize workspace"        [_thread_blocked, id=42044, stack(0x0000000275200000,0x0000000275300000) (1024K)]
  0x0000012f0544a0a0 JavaThread "Connection worker"                 [_thread_blocked, id=29524, stack(0x000000027a100000,0x000000027a200000) (1024K)]
  0x0000012f0544bae0 JavaThread "pool-784-thread-1"                 [_thread_blocked, id=31036, stack(0x000000027b400000,0x000000027b500000) (1024K)]
  0x0000012f054509a0 JavaThread "Timer-783"                         [_thread_blocked, id=25684, stack(0x000000027cc00000,0x000000027cd00000) (1024K)]
  0x0000012f05427960 JavaThread "Connection worker"                 [_thread_blocked, id=3936, stack(0x0000000280500000,0x0000000280600000) (1024K)]
  0x0000012ed60635b0 JavaThread "Worker-7523: Initialize workspace"        [_thread_blocked, id=6072, stack(0x000000027ca00000,0x000000027cb00000) (1024K)]
  0x0000012ed6064960 JavaThread "Connection worker"                 [_thread_blocked, id=25272, stack(0x0000000279300000,0x0000000279400000) (1024K)]
  0x0000012ed606a540 JavaThread "pool-785-thread-1"                 [_thread_blocked, id=26820, stack(0x0000000281200000,0x0000000281300000) (1024K)]
  0x0000012ed606e6e0 JavaThread "Timer-784"                         [_thread_blocked, id=15548, stack(0x0000000288400000,0x0000000288500000) (1024K)]
  0x0000012ed60663a0 JavaThread "Worker-7532: Initialize workspace"        [_thread_blocked, id=43648, stack(0x0000000280700000,0x0000000280800000) (1024K)]
  0x0000012ed606cca0 JavaThread "Connection worker"                 [_thread_blocked, id=42984, stack(0x0000000288700000,0x0000000288800000) (1024K)]
  0x0000012ed6068b00 JavaThread "pool-786-thread-1"                 [_thread_blocked, id=43400, stack(0x000000027ed00000,0x000000027ee00000) (1024K)]
  0x0000012ed6077dd0 JavaThread "Timer-785"                         [_thread_blocked, id=44372, stack(0x0000000290400000,0x0000000290500000) (1024K)]
  0x0000012ed607b8e0 JavaThread "Worker-7540: Initialize workspace"        [_thread_blocked, id=35392, stack(0x0000000291600000,0x0000000291700000) (1024K)]
  0x0000012ed6080e30 JavaThread "Connection worker"                 [_thread_blocked, id=15848, stack(0x000000028b100000,0x000000028b200000) (1024K)]
  0x0000012ed607ed60 JavaThread "pool-787-thread-1"                 [_thread_blocked, id=18884, stack(0x0000000289d00000,0x0000000289e00000) (1024K)]
  0x0000012ed6085660 JavaThread "Timer-786"                         [_thread_blocked, id=1428, stack(0x0000000291d00000,0x0000000291e00000) (1024K)]
  0x0000012ed6082870 JavaThread "Worker-7552: Initialize workspace"        [_thread_blocked, id=38980, stack(0x0000000291f00000,0x0000000292000000) (1024K)]
  0x0000012ed607e040 JavaThread "Connection worker"                 [_thread_blocked, id=8660, stack(0x0000000291c00000,0x0000000291d00000) (1024K)]
  0x0000012ed6083c20 JavaThread "pool-788-thread-1"                 [_thread_blocked, id=43780, stack(0x0000000290500000,0x0000000290600000) (1024K)]
  0x0000012ed604c630 JavaThread "Timer-787"                         [_thread_blocked, id=10116, stack(0x0000000293500000,0x0000000293600000) (1024K)]
  0x0000012ed6049ed0 JavaThread "Worker-7566: Initialize workspace"        [_thread_blocked, id=36352, stack(0x0000000292700000,0x0000000292800000) (1024K)]
  0x0000012ed6050e60 JavaThread "Connection worker"                 [_thread_blocked, id=35180, stack(0x0000000293c00000,0x0000000293d00000) (1024K)]
  0x0000012ed604d9e0 JavaThread "pool-789-thread-1"                 [_thread_blocked, id=44596, stack(0x0000000292800000,0x0000000292900000) (1024K)]
  0x0000012ed60528a0 JavaThread "Timer-788"                         [_thread_blocked, id=19556, stack(0x0000000295100000,0x0000000295200000) (1024K)]
  0x0000012ed604f420 JavaThread "Worker-7577: Initialize workspace"        [_thread_blocked, id=33744, stack(0x0000000294100000,0x0000000294200000) (1024K)]
  0x0000012ed60563b0 JavaThread "Connection worker"                 [_thread_blocked, id=28240, stack(0x0000000295400000,0x0000000295500000) (1024K)]
  0x0000012ed6057760 JavaThread "pool-790-thread-1"                 [_thread_blocked, id=9616, stack(0x0000000294e00000,0x0000000294f00000) (1024K)]
  0x0000012ed605d9d0 JavaThread "Timer-789"                         [_thread_blocked, id=34224, stack(0x0000000295b00000,0x0000000295c00000) (1024K)]
  0x0000012ed60591a0 JavaThread "Worker-7588: Initialize workspace"        [_thread_blocked, id=17992, stack(0x0000000238600000,0x0000000238700000) (1024K)]
  0x0000012ed60714d0 JavaThread "Connection worker"                 [_thread_blocked, id=26580, stack(0x0000000296300000,0x0000000296400000) (1024K)]
  0x0000012ed6072f10 JavaThread "Connection worker"                 [_thread_blocked, id=44620, stack(0x0000000294800000,0x0000000294900000) (1024K)]
  0x0000012ed6062f20 JavaThread "pool-791-thread-1"                 [_thread_blocked, id=30676, stack(0x0000000238b00000,0x0000000238c00000) (1024K)]
  0x0000012f02a10140 JavaThread "Timer-790"                         [_thread_blocked, id=29728, stack(0x0000000296800000,0x0000000296900000) (1024K)]
  0x0000012f02a107d0 JavaThread "Worker-7599: Initialize workspace"        [_thread_blocked, id=26004, stack(0x0000000237d00000,0x0000000237e00000) (1024K)]
  0x0000012f02a14970 JavaThread "Connection worker"                 [_thread_blocked, id=26716, stack(0x0000000238d00000,0x0000000238e00000) (1024K)]
  0x0000012f02a191a0 JavaThread "pool-792-thread-1"                 [_thread_blocked, id=24732, stack(0x0000000239300000,0x0000000239400000) (1024K)]
  0x0000012f02a1faa0 JavaThread "Timer-791"                         [_thread_blocked, id=17424, stack(0x0000000296700000,0x0000000296800000) (1024K)]
  0x0000012f02a29eb0 JavaThread "Worker-7612: Initialize workspace"        [_thread_blocked, id=37600, stack(0x0000000239c00000,0x0000000239d00000) (1024K)]
  0x0000012f02a30e40 JavaThread "Connection worker"                 [_thread_blocked, id=23024, stack(0x000000023ad00000,0x000000023ae00000) (1024K)]
  0x0000012f02a2f400 JavaThread "pool-793-thread-1"                 [_thread_blocked, id=29016, stack(0x000000023ae00000,0x000000023af00000) (1024K)]
  0x0000012f02a342c0 JavaThread "Timer-792"                         [_thread_blocked, id=11968, stack(0x0000000296e00000,0x0000000296f00000) (1024K)]
  0x0000012f02a2fa90 JavaThread "Worker-7623: Initialize workspace"        [_thread_blocked, id=4516, stack(0x0000000294a00000,0x0000000294b00000) (1024K)]
  0x0000012f02a321f0 JavaThread "Connection worker"                 [_thread_blocked, id=18972, stack(0x0000000296c00000,0x0000000296d00000) (1024K)]
  0x0000012f02a35d00 JavaThread "Timer-793"                         [_thread_blocked, id=30756, stack(0x0000000297000000,0x0000000297100000) (1024K)]
  0x0000012f02a39ea0 JavaThread "pool-794-thread-1"                 [_thread_blocked, id=25180, stack(0x0000000297400000,0x0000000297500000) (1024K)]
  0x0000012f02a31b60 JavaThread "Worker-7633: Initialize workspace"        [_thread_blocked, id=31920, stack(0x000000023cd00000,0x000000023ce00000) (1024K)]
  0x0000012f02a32f10 JavaThread "Connection worker"                 [_thread_blocked, id=39904, stack(0x0000000242b00000,0x0000000242c00000) (1024K)]
  0x0000012f02a2d9c0 JavaThread "pool-795-thread-1"                 [_thread_blocked, id=41076, stack(0x000000023bb00000,0x000000023bc00000) (1024K)]
  0x0000012f02a3a530 JavaThread "Timer-794"                         [_thread_blocked, id=6900, stack(0x0000000297500000,0x0000000297600000) (1024K)]
  0x0000012f02a442b0 JavaThread "Worker-7643: Initialize workspace"        [_thread_blocked, id=16204, stack(0x0000000243f00000,0x0000000244000000) (1024K)]
  0x0000012f02a44fd0 JavaThread "Connection worker"                 [_thread_blocked, id=17244, stack(0x0000000248400000,0x0000000248500000) (1024K)]
  0x0000012f02a46380 JavaThread "pool-796-thread-1"                 [_thread_blocked, id=40356, stack(0x0000000223400000,0x0000000223500000) (1024K)]
  0x0000012f02a49800 JavaThread "Timer-795"                         [_thread_blocked, id=35852, stack(0x000000023e900000,0x000000023ea00000) (1024K)]
  0x0000012f02a44940 JavaThread "Worker-7653: Initialize workspace"        [_thread_blocked, id=23416, stack(0x000000023dc00000,0x000000023dd00000) (1024K)]
  0x0000012f02a4d9a0 JavaThread "Connection worker"                 [_thread_blocked, id=13704, stack(0x000000023f100000,0x000000023f200000) (1024K)]
  0x0000012f02a46a10 JavaThread "pool-797-thread-1"                 [_thread_blocked, id=42424, stack(0x000000023ed00000,0x000000023ee00000) (1024K)]
  0x0000012f02a4b240 JavaThread "Timer-796"                         [_thread_blocked, id=42392, stack(0x0000000297800000,0x0000000297900000) (1024K)]
  0x0000012f02a4ed50 JavaThread "Worker-7664: Initialize workspace"        [_thread_blocked, id=34212, stack(0x0000000297600000,0x0000000297700000) (1024K)]
  0x0000012f02a4b8d0 JavaThread "Connection worker"                 [_thread_blocked, id=41276, stack(0x0000000297200000,0x0000000297300000) (1024K)]
  0x0000012f02a4e6c0 JavaThread "pool-798-thread-1"                 [_thread_blocked, id=16972, stack(0x0000000297a00000,0x0000000297b00000) (1024K)]
  0x0000012f02a4c5f0 JavaThread "Timer-797"                         [_thread_blocked, id=22408, stack(0x0000000297c00000,0x0000000297d00000) (1024K)]
  0x0000012f02a21b70 JavaThread "Worker-7673: Initialize workspace"        [_thread_blocked, id=2476, stack(0x0000000297b00000,0x0000000297c00000) (1024K)]
  0x0000012f02a36a20 JavaThread "Connection worker"                 [_thread_blocked, id=41044, stack(0x000000027b900000,0x000000027ba00000) (1024K)]
  0x0000012f02a3bf70 JavaThread "pool-799-thread-1"                 [_thread_blocked, id=20340, stack(0x0000000297d00000,0x0000000297e00000) (1024K)]
  0x0000012f02a1e6f0 JavaThread "Timer-798"                         [_thread_blocked, id=22004, stack(0x000000023fe00000,0x000000023ff00000) (1024K)]
  0x0000012ecd0b2430 JavaThread "Worker-7685: Initialize workspace"        [_thread_blocked, id=44568, stack(0x0000000240400000,0x0000000240500000) (1024K)]
  0x0000012ecd0b3e70 JavaThread "Connection worker"                 [_thread_blocked, id=36880, stack(0x0000000240000000,0x0000000240100000) (1024K)]
  0x0000012ecd0b86a0 JavaThread "pool-800-thread-1"                 [_thread_blocked, id=37308, stack(0x000000023f500000,0x000000023f600000) (1024K)]
  0x0000012ecd0bb490 JavaThread "Timer-799"                         [_thread_blocked, id=9724, stack(0x0000000298200000,0x0000000298300000) (1024K)]
  0x0000012ecd082af0 JavaThread "Worker-7696: Initialize workspace"        [_thread_blocked, id=12072, stack(0x0000000297f00000,0x0000000298000000) (1024K)]
  0x0000012ecd08efd0 JavaThread "Connection worker"                 [_thread_blocked, id=2884, stack(0x0000000298300000,0x0000000298400000) (1024K)]
  0x0000012ecd094bb0 JavaThread "pool-801-thread-1"                 [_thread_blocked, id=33072, stack(0x0000000298400000,0x0000000298500000) (1024K)]
  0x0000012ecd09a100 JavaThread "Timer-800"                         [_thread_blocked, id=41764, stack(0x0000000298900000,0x0000000298a00000) (1024K)]
  0x0000012ecd0910a0 JavaThread "Worker-7706: Initialize workspace"        [_thread_blocked, id=41404, stack(0x0000000298600000,0x0000000298700000) (1024K)]
  0x0000012ecd0a37f0 JavaThread "Connection worker"                 [_thread_blocked, id=21200, stack(0x0000000298b00000,0x0000000298c00000) (1024K)]
  0x0000012ecd0993e0 JavaThread "pool-802-thread-1"                 [_thread_blocked, id=9496, stack(0x0000000298100000,0x0000000298200000) (1024K)]
  0x0000012ecd0a4510 JavaThread "Timer-801"                         [_thread_blocked, id=11596, stack(0x0000000298e00000,0x0000000298f00000) (1024K)]
  0x0000012ecd0a0370 JavaThread "Worker-7716: Initialize workspace"        [_thread_blocked, id=33336, stack(0x0000000298c00000,0x0000000298d00000) (1024K)]
  0x0000012ecd0a65e0 JavaThread "Connection worker"                 [_thread_blocked, id=32432, stack(0x0000000298f00000,0x0000000299000000) (1024K)]
  0x0000012ecd0a1720 JavaThread "pool-803-thread-1"                 [_thread_blocked, id=42780, stack(0x0000000299100000,0x0000000299200000) (1024K)]
  0x0000012ecd0b09f0 JavaThread "Timer-802"                         [_thread_blocked, id=34544, stack(0x0000000299500000,0x0000000299600000) (1024K)]
  0x0000012ecd0ac1c0 JavaThread "Worker-7726: Initialize workspace"        [_thread_blocked, id=37200, stack(0x0000000250d00000,0x0000000250e00000) (1024K)]
  0x0000012ecd0bae00 JavaThread "Connection worker"                 [_thread_blocked, id=10408, stack(0x0000000299300000,0x0000000299400000) (1024K)]
  0x0000012ecd0b65d0 JavaThread "pool-804-thread-1"                 [_thread_blocked, id=4864, stack(0x0000000250f00000,0x0000000251000000) (1024K)]
  0x0000012ecd0aefb0 JavaThread "Timer-803"                         [_thread_blocked, id=28304, stack(0x0000000299700000,0x0000000299800000) (1024K)]
  0x0000012eced37ae0 JavaThread "Worker-7734: Initialize workspace"        [_thread_blocked, id=19940, stack(0x0000000299b00000,0x0000000299c00000) (1024K)]
  0x0000012eced38e90 JavaThread "Connection worker"                 [_thread_blocked, id=13924, stack(0x0000000299600000,0x0000000299700000) (1024K)]
  0x0000012eced34660 JavaThread "pool-805-thread-1"                 [_thread_blocked, id=44028, stack(0x0000000299400000,0x0000000299500000) (1024K)]
  0x0000012eced3d030 JavaThread "Timer-804"                         [_thread_blocked, id=34884, stack(0x0000000299d00000,0x0000000299e00000) (1024K)]
  0x0000012eced35a10 JavaThread "Worker-7748: Initialize workspace"        [_thread_blocked, id=16144, stack(0x0000000299800000,0x0000000299900000) (1024K)]
  0x0000012eced4a8c0 JavaThread "Connection worker"                 [_thread_blocked, id=40304, stack(0x000000027fc00000,0x000000027fd00000) (1024K)]
  0x0000012eced3c9a0 JavaThread "pool-806-thread-1"                 [_thread_blocked, id=32680, stack(0x0000000200200000,0x0000000200300000) (1024K)]
  0x0000012eced51ee0 JavaThread "Timer-805"                         [_thread_blocked, id=26316, stack(0x000000029a000000,0x000000029a100000) (1024K)]
  0x0000012eced60b20 JavaThread "Worker-7759: Initialize workspace"        [_thread_blocked, id=40400, stack(0x0000000299c00000,0x0000000299d00000) (1024K)]
  0x0000012eced66d90 JavaThread "Connection worker"                 [_thread_blocked, id=34180, stack(0x000000028ad00000,0x000000028ae00000) (1024K)]
  0x0000012f060dbb80 JavaThread "pool-807-thread-1"                 [_thread_blocked, id=36432, stack(0x000000029a600000,0x000000029a700000) (1024K)]
  0x0000012f060e03b0 JavaThread "Timer-806"                         [_thread_blocked, id=9704, stack(0x000000029a700000,0x000000029a800000) (1024K)]
  0x0000012f060d2b20 JavaThread "Worker-7770: Initialize workspace"        [_thread_blocked, id=27288, stack(0x0000000299e00000,0x0000000299f00000) (1024K)]
  0x0000012f060c10f0 JavaThread "Connection worker"                 [_thread_blocked, id=33448, stack(0x000000029a800000,0x000000029a900000) (1024K)]
  0x0000012f060d8070 JavaThread "pool-808-thread-1"                 [_thread_blocked, id=38832, stack(0x000000029a200000,0x000000029a300000) (1024K)]
  0x0000012f060c5290 JavaThread "Timer-807"                         [_thread_blocked, id=28124, stack(0x000000029ae00000,0x000000029af00000) (1024K)]
  0x0000012f060c5fb0 JavaThread "Worker-7782: Initialize workspace"        [_thread_blocked, id=33160, stack(0x000000029aa00000,0x000000029ab00000) (1024K)]
  0x0000012f060c7360 JavaThread "Connection worker"                 [_thread_blocked, id=28924, stack(0x000000029af00000,0x000000029b000000) (1024K)]
  0x0000012f060c5920 JavaThread "pool-809-thread-1"                 [_thread_blocked, id=43972, stack(0x0000000262500000,0x0000000262600000) (1024K)]
  0x0000012f0420afb0 JavaThread "Timer-808"                         [_thread_blocked, id=4704, stack(0x000000029b100000,0x000000029b200000) (1024K)]
  0x0000012f041db670 JavaThread "Worker-7793: Initialize workspace"        [_thread_blocked, id=18372, stack(0x000000029ac00000,0x000000029ad00000) (1024K)]
  0x0000012f041deaf0 JavaThread "Connection worker"                 [_thread_blocked, id=40896, stack(0x000000029b200000,0x000000029b300000) (1024K)]
  0x0000012f041d81f0 JavaThread "pool-810-thread-1"                 [_thread_blocked, id=26828, stack(0x0000000263a00000,0x0000000263b00000) (1024K)]
  0x0000012f041f1f60 JavaThread "Timer-809"                         [_thread_blocked, id=31564, stack(0x000000029b500000,0x000000029b600000) (1024K)]
  0x0000012f041f7b40 JavaThread "Worker-7802: Initialize workspace"        [_thread_blocked, id=34276, stack(0x000000029b400000,0x000000029b500000) (1024K)]
  0x0000012f041f8860 JavaThread "Connection worker"                 [_thread_blocked, id=33208, stack(0x0000000290c00000,0x0000000290d00000) (1024K)]
  0x0000012f041f2c80 JavaThread "pool-811-thread-1"                 [_thread_blocked, id=19912, stack(0x0000000291900000,0x0000000291a00000) (1024K)]
  0x0000012f041e46d0 JavaThread "Timer-810"                         [_thread_blocked, id=10700, stack(0x000000029b800000,0x000000029b900000) (1024K)]
  0x0000012f05425890 JavaThread "Worker-7814: Initialize workspace"        [_thread_blocked, id=38172, stack(0x000000029b300000,0x000000029b400000) (1024K)]
  0x0000012f054237c0 JavaThread "Connection worker"                 [_thread_blocked, id=25072, stack(0x000000029b900000,0x000000029ba00000) (1024K)]
  0x0000012f0541ef90 JavaThread "pool-812-thread-1"                 [_thread_blocked, id=24008, stack(0x0000000290a00000,0x0000000290b00000) (1024K)]
  0x0000012f05426c40 JavaThread "Timer-811"                         [_thread_blocked, id=29380, stack(0x000000029ba00000,0x000000029bb00000) (1024K)]
  0x0000012f054423f0 JavaThread "Worker-7822: Initialize workspace"        [_thread_blocked, id=15760, stack(0x000000029bb00000,0x000000029bc00000) (1024K)]
  0x0000012f0544b450 JavaThread "Connection worker"                 [_thread_blocked, id=39112, stack(0x0000000291800000,0x0000000291900000) (1024K)]
  0x0000012f05450310 JavaThread "pool-813-thread-1"                 [_thread_blocked, id=39328, stack(0x000000029bc00000,0x000000029bd00000) (1024K)]
  0x0000012f05422aa0 JavaThread "Timer-812"                         [_thread_blocked, id=11396, stack(0x0000000266400000,0x0000000266500000) (1024K)]
  0x0000012f05429a30 JavaThread "Worker-7837: Initialize workspace"        [_thread_blocked, id=5964, stack(0x000000029b700000,0x000000029b800000) (1024K)]
  0x0000012f0542a0c0 JavaThread "Connection worker"                 [_thread_blocked, id=9040, stack(0x000000026f100000,0x000000026f200000) (1024K)]
  0x0000012f05432400 JavaThread "pool-814-thread-1"                 [_thread_blocked, id=39092, stack(0x0000000272300000,0x0000000272400000) (1024K)]
  0x0000012f05425f20 JavaThread "Timer-813"                         [_thread_blocked, id=43836, stack(0x0000000256100000,0x0000000256200000) (1024K)]
  0x0000012f05421060 JavaThread "Worker-7846: Initialize workspace"        [_thread_blocked, id=18960, stack(0x0000000209a00000,0x0000000209b00000) (1024K)]
  0x0000012f0542f610 JavaThread "Connection worker"                 [_thread_blocked, id=31220, stack(0x0000000292300000,0x0000000292400000) (1024K)]
  0x0000012f0542a750 JavaThread "pool-815-thread-1"                 [_thread_blocked, id=35472, stack(0x000000022ec00000,0x000000022ed00000) (1024K)]
  0x0000012f05442a80 JavaThread "Timer-814"                         [_thread_blocked, id=43736, stack(0x0000000292900000,0x0000000292a00000) (1024K)]
  0x0000012ecc7b3de0 JavaThread "Worker-7856: Initialize workspace"        [_thread_blocked, id=5804, stack(0x0000000265f00000,0x0000000266000000) (1024K)]
  0x0000012ecc7be880 JavaThread "Connection worker"                 [_thread_blocked, id=26676, stack(0x000000029bd00000,0x000000029be00000) (1024K)]
  0x0000012ecc7b1d10 JavaThread "pool-816-thread-1"                 [_thread_blocked, id=9896, stack(0x000000026f500000,0x000000026f600000) (1024K)]
  0x0000012ecc7c02c0 JavaThread "Timer-815"                         [_thread_blocked, id=31660, stack(0x0000000296500000,0x0000000296600000) (1024K)]
  0x0000012ecc7bc120 JavaThread "Worker-7867: Initialize workspace"        [_thread_blocked, id=5928, stack(0x0000000295f00000,0x0000000296000000) (1024K)]
  0x0000012ecc7c4460 JavaThread "Connection worker"                 [_thread_blocked, id=40704, stack(0x000000029bf00000,0x000000029c000000) (1024K)]
  0x0000012ecc7c8c90 JavaThread "pool-817-thread-1"                 [_thread_blocked, id=19320, stack(0x0000000295d00000,0x0000000295e00000) (1024K)]
  0x0000012ecc7cd4c0 JavaThread "Timer-816"                         [_thread_blocked, id=37596, stack(0x000000029c000000,0x000000029c100000) (1024K)]
  0x0000012ed60542e0 JavaThread "Worker-7878: Initialize workspace"        [_thread_blocked, id=38224, stack(0x0000000270100000,0x0000000270200000) (1024K)]
  0x0000012ed6058480 JavaThread "Connection worker"                 [_thread_blocked, id=6944, stack(0x0000000295900000,0x0000000295a00000) (1024K)]
  0x0000012ed6060e50 JavaThread "pool-818-thread-1"                 [_thread_blocked, id=7892, stack(0x000000029be00000,0x000000029bf00000) (1024K)]
  0x0000012ed606d9c0 JavaThread "Timer-817"                         [_thread_blocked, id=22956, stack(0x000000029c200000,0x000000029c300000) (1024K)]
  0x0000012ed6070e40 JavaThread "Worker-7891: Initialize workspace"        [_thread_blocked, id=2616, stack(0x000000025a900000,0x000000025aa00000) (1024K)]
  0x0000012ed6074fe0 JavaThread "Connection worker"                 [_thread_blocked, id=36844, stack(0x0000000296f00000,0x0000000297000000) (1024K)]
  0x0000012ed6079ea0 JavaThread "pool-819-thread-1"                 [_thread_blocked, id=7156, stack(0x000000029c100000,0x000000029c200000) (1024K)]
  0x0000012ed607d9b0 JavaThread "Timer-818"                         [_thread_blocked, id=37112, stack(0x000000027db00000,0x000000027dc00000) (1024K)]
  0x0000012ed607d320 JavaThread "Worker-7901: Initialize workspace"        [_thread_blocked, id=26240, stack(0x0000000297e00000,0x0000000297f00000) (1024K)]
  0x0000012ed6088ae0 JavaThread "Connection worker"                 [_thread_blocked, id=41872, stack(0x000000029c300000,0x000000029c400000) (1024K)]
  0x0000012ed6089170 JavaThread "pool-820-thread-1"                 [_thread_blocked, id=42592, stack(0x000000029c400000,0x000000029c500000) (1024K)]
  0x0000012ed6084940 JavaThread "Timer-819"                         [_thread_blocked, id=31280, stack(0x0000000292200000,0x0000000292300000) (1024K)]
  0x0000012ed60821e0 JavaThread "Worker-7909: Initialize workspace"        [_thread_blocked, id=35384, stack(0x000000029c600000,0x000000029c700000) (1024K)]
  0x0000012ed60491b0 JavaThread "Connection worker"                 [_thread_blocked, id=17696, stack(0x0000000296b00000,0x0000000296c00000) (1024K)]
  0x0000012ed6078460 JavaThread "pool-821-thread-1"                 [_thread_blocked, id=43064, stack(0x0000000298d00000,0x0000000298e00000) (1024K)]
  0x0000012f05531580 JavaThread "Timer-820"                         [_thread_blocked, id=36896, stack(0x000000029c500000,0x000000029c600000) (1024K)]
  0x0000012f054fe130 JavaThread "Worker-7920: Initialize workspace"        [_thread_blocked, id=16392, stack(0x0000000264000000,0x0000000264100000) (1024K)]
  0x0000012f05532fc0 JavaThread "Connection worker"                 [_thread_blocked, id=13180, stack(0x0000000292500000,0x0000000292600000) (1024K)]
  0x0000012f0552f4b0 JavaThread "pool-822-thread-1"                 [_thread_blocked, id=19584, stack(0x0000000274100000,0x0000000274200000) (1024K)]
  0x0000012f0551e110 JavaThread "Timer-821"                         [_thread_blocked, id=27376, stack(0x000000029a500000,0x000000029a600000) (1024K)]
  0x0000012f05507190 JavaThread "Worker-7933: Initialize workspace"        [_thread_blocked, id=44004, stack(0x0000000299200000,0x0000000299300000) (1024K)]
  0x0000012f05523660 JavaThread "Connection worker"                 [_thread_blocked, id=43484, stack(0x000000029c700000,0x000000029c800000) (1024K)]
  0x0000012f05523cf0 JavaThread "pool-823-thread-1"                 [_thread_blocked, id=27984, stack(0x000000029c800000,0x000000029c900000) (1024K)]
  0x0000012ecd179430 JavaThread "Timer-822"                         [_thread_blocked, id=44604, stack(0x000000029ca00000,0x000000029cb00000) (1024K)]
  0x0000012ecd17a7e0 JavaThread "Worker-7944: Initialize workspace"        [_thread_blocked, id=27440, stack(0x0000000299f00000,0x000000029a000000) (1024K)]
  0x0000012ecd17c220 JavaThread "Connection worker"                 [_thread_blocked, id=18112, stack(0x0000000267c00000,0x0000000267d00000) (1024K)]
  0x0000012ecd17e2f0 JavaThread "pool-824-thread-1"                 [_thread_blocked, id=44156, stack(0x0000000271a00000,0x0000000271b00000) (1024K)]
  0x0000012ecd182490 JavaThread "Timer-823"                         [_thread_blocked, id=28188, stack(0x000000029cc00000,0x000000029cd00000) (1024K)]
  0x0000012ecd183ed0 JavaThread "Worker-7955: Initialize workspace"        [_thread_blocked, id=17540, stack(0x000000029cb00000,0x000000029cc00000) (1024K)]
  0x0000012f0542e260 JavaThread "Connection worker"                 [_thread_blocked, id=15164, stack(0x000000029cd00000,0x000000029ce00000) (1024K)]
  0x0000012f0542b470 JavaThread "pool-825-thread-1"                 [_thread_blocked, id=44516, stack(0x000000029ce00000,0x000000029cf00000) (1024K)]
  0x0000012f05434b60 JavaThread "Timer-824"                         [_thread_blocked, id=43968, stack(0x000000029d000000,0x000000029d100000) (1024K)]
  0x0000012f054337b0 JavaThread "Worker-7965: Initialize workspace"        [_thread_blocked, id=41612, stack(0x000000029cf00000,0x000000029d000000) (1024K)]
  0x0000012f054293a0 JavaThread "Connection worker"                 [_thread_blocked, id=25572, stack(0x000000029d300000,0x000000029d400000) (1024K)]
  0x0000012f0544fc80 JavaThread "pool-826-thread-1"                 [_thread_blocked, id=27056, stack(0x000000029d400000,0x000000029d500000) (1024K)]
  0x0000012f032f9b00 JavaThread "Timer-825"                         [_thread_blocked, id=39312, stack(0x000000029d600000,0x000000029d700000) (1024K)]
  0x0000012f032fc8f0 JavaThread "Worker-7977: Initialize workspace"        [_thread_blocked, id=41688, stack(0x000000029d100000,0x000000029d200000) (1024K)]
  0x0000012f0331dc80 JavaThread "Exec process"                      [_thread_in_native, id=42828, stack(0x000000029d500000,0x000000029d600000) (1024K)]
  0x0000012f032e9480 JavaThread "Exec process Thread 2"             [_thread_blocked, id=23184, stack(0x000000029d700000,0x000000029d800000) (1024K)]
  0x0000012f032f1e50 JavaThread "Exec process"                      [_thread_in_native, id=7044, stack(0x000000029d900000,0x000000029da00000) (1024K)]
  0x0000012ecd0a4ba0 JavaThread "Exec process Thread 2"             [_thread_blocked, id=28620, stack(0x000000029db00000,0x000000029dc00000) (1024K)]
  0x0000012ecd0aa0f0 JavaThread "Connection worker"                 [_thread_blocked, id=27532, stack(0x000000029a900000,0x000000029aa00000) (1024K)]
  0x0000012ecd0ba0e0 JavaThread "Exec process"                      [_thread_blocked, id=19112, stack(0x000000029da00000,0x000000029db00000) (1024K)]
  0x0000012ecd093e90 JavaThread "pool-827-thread-1"                 [_thread_blocked, id=27192, stack(0x000000029dc00000,0x000000029dd00000) (1024K)]
  0x0000012eced49ba0 JavaThread "Exec process Thread 2"             [_thread_blocked, id=22808, stack(0x000000029de00000,0x000000029df00000) (1024K)]
  0x0000012eced4c990 JavaThread "Timer-826"                         [_thread_blocked, id=36544, stack(0x000000029df00000,0x000000029e000000) (1024K)]
  0x0000012eced72be0 JavaThread "Exec process"                      [_thread_in_native, id=39952, stack(0x000000029dd00000,0x000000029de00000) (1024K)]
  0x0000012f060ca7e0 JavaThread "Exec process Thread 2"             [_thread_blocked, id=21444, stack(0x000000029e000000,0x000000029e100000) (1024K)]
  0x0000012ec1af3f50 JavaThread "Worker-7992: Initialize workspace"        [_thread_blocked, id=37860, stack(0x000000029e300000,0x000000029e400000) (1024K)]
  0x0000012ec1afb570 JavaThread "Connection worker"                 [_thread_blocked, id=34796, stack(0x000000029d800000,0x000000029d900000) (1024K)]
  0x0000012ec1afbc00 JavaThread "pool-828-thread-1"                 [_thread_blocked, id=25192, stack(0x000000029ab00000,0x000000029ac00000) (1024K)]
  0x0000012eca6548c0 JavaThread "Timer-827"                         [_thread_blocked, id=41840, stack(0x000000029e800000,0x000000029e900000) (1024K)]
  0x0000012f02a2d330 JavaThread "Worker-7999: Initialize workspace"        [_thread_blocked, id=37520, stack(0x000000029e500000,0x000000029e600000) (1024K)]
  0x0000012f02a4bf60 JavaThread "Connection worker"                 [_thread_blocked, id=42260, stack(0x000000029e700000,0x000000029e800000) (1024K)]
  0x0000012f02a39180 JavaThread "pool-829-thread-1"                 [_thread_blocked, id=43084, stack(0x000000029e900000,0x000000029ea00000) (1024K)]
  0x0000012ed13f4210 JavaThread "Timer-828"                         [_thread_blocked, id=41736, stack(0x000000029ed00000,0x000000029ee00000) (1024K)]
  0x0000012ed64f8400 JavaThread "Worker-8008: Initialize workspace"        [_thread_blocked, id=36240, stack(0x000000029ec00000,0x000000029ed00000) (1024K)]
  0x0000012ed64fcc30 JavaThread "Connection worker"                 [_thread_blocked, id=37832, stack(0x000000029eb00000,0x000000029ec00000) (1024K)]
  0x0000012ed64fab60 JavaThread "pool-830-thread-1"                 [_thread_blocked, id=16040, stack(0x000000029ea00000,0x000000029eb00000) (1024K)]
  0x0000012f04205a60 JavaThread "Timer-829"                         [_thread_blocked, id=35556, stack(0x000000029f000000,0x000000029f100000) (1024K)]
  0x0000012eca654230 JavaThread "Connection worker"                 [_thread_blocked, id=14164, stack(0x0000000216500000,0x0000000216600000) (1024K)]
  0x0000012eca65cc00 JavaThread "Worker-8019: Initialize workspace"        [_thread_blocked, id=35656, stack(0x000000029ee00000,0x000000029ef00000) (1024K)]
  0x0000012ed13ea490 JavaThread "Connection worker"                 [_thread_blocked, id=39204, stack(0x0000000235c00000,0x0000000235d00000) (1024K)]
  0x0000012f0544ce90 JavaThread "pool-831-thread-1"                 [_thread_blocked, id=43208, stack(0x000000029f200000,0x000000029f300000) (1024K)]
  0x0000012f0544dbb0 JavaThread "Timer-830"                         [_thread_blocked, id=43108, stack(0x000000029f300000,0x000000029f400000) (1024K)]
  0x0000012ecc7c5810 JavaThread "Worker-8028: Initialize workspace"        [_thread_blocked, id=43256, stack(0x000000029f100000,0x000000029f200000) (1024K)]
  0x0000012f041fb650 JavaThread "Connection worker"                 [_thread_blocked, id=43176, stack(0x000000029f400000,0x000000029f500000) (1024K)]
  0x0000012ed13f1ab0 JavaThread "pool-832-thread-1"                 [_thread_blocked, id=36004, stack(0x000000029f600000,0x000000029f700000) (1024K)]
  0x0000012f032e8760 JavaThread "Timer-831"                         [_thread_blocked, id=23800, stack(0x000000029f700000,0x000000029f800000) (1024K)]
  0x0000012ecd0b7980 JavaThread "Worker-8039: Initialize workspace"        [_thread_blocked, id=17556, stack(0x000000029ef00000,0x000000029f000000) (1024K)]
  0x0000012efed5ed80 JavaThread "Connection worker"                 [_thread_blocked, id=32268, stack(0x000000029f800000,0x000000029f900000) (1024K)]
  0x0000012efed5f410 JavaThread "pool-833-thread-1"                 [_thread_blocked, id=16056, stack(0x000000029fa00000,0x000000029fb00000) (1024K)]
  0x0000012ecd1dfc70 JavaThread "Timer-832"                         [_thread_blocked, id=13164, stack(0x000000029fb00000,0x000000029fc00000) (1024K)]
  0x0000012eced48e80 JavaThread "Worker-8049: Initialize workspace"        [_thread_blocked, id=10564, stack(0x000000029f900000,0x000000029fa00000) (1024K)]
  0x0000012f060c4c00 JavaThread "Connection worker"                 [_thread_blocked, id=34872, stack(0x000000029fc00000,0x000000029fd00000) (1024K)]
  0x0000012f060cb500 JavaThread "pool-834-thread-1"                 [_thread_blocked, id=19264, stack(0x000000029f500000,0x000000029f600000) (1024K)]
  0x0000012ec1b0f070 JavaThread "Timer-833"                         [_thread_blocked, id=35452, stack(0x000000029ff00000,0x00000002a0000000) (1024K)]
  0x0000012ecc2d7bc0 JavaThread "Worker-8063: Initialize workspace"        [_thread_blocked, id=17680, stack(0x000000029fd00000,0x000000029fe00000) (1024K)]
  0x0000012ecc2f0c10 JavaThread "Connection worker"                 [_thread_blocked, id=39040, stack(0x00000002a0000000,0x00000002a0100000) (1024K)]
  0x0000012ecc2e5ae0 JavaThread "pool-835-thread-1"                 [_thread_blocked, id=32660, stack(0x000000029fe00000,0x000000029ff00000) (1024K)]
  0x0000012f032f24e0 JavaThread "Timer-834"                         [_thread_blocked, id=18864, stack(0x00000002a0300000,0x00000002a0400000) (1024K)]
  0x0000012efed5c620 JavaThread "Exec process"                      [_thread_in_native, id=32828, stack(0x00000002a0500000,0x00000002a0600000) (1024K)]
  0x0000012ecae78cd0 JavaThread "Exec process Thread 2"             [_thread_blocked, id=27076, stack(0x00000002a0700000,0x00000002a0800000) (1024K)]
  0x0000012ecae7ce70 JavaThread "Worker-8072: Initialize workspace"        [_thread_blocked, id=39240, stack(0x00000002a0100000,0x00000002a0200000) (1024K)]
  0x0000012ecd0d2d20 JavaThread "Connection worker"                 [_thread_blocked, id=24772, stack(0x00000002a0400000,0x00000002a0500000) (1024K)]
  0x0000012ecd0cde60 JavaThread "pool-836-thread-1"                 [_thread_blocked, id=29560, stack(0x00000002a0200000,0x00000002a0300000) (1024K)]
  0x0000012ecd0e2680 JavaThread "Timer-835"                         [_thread_blocked, id=33832, stack(0x00000002a0b00000,0x00000002a0c00000) (1024K)]
  0x0000012ecd0dc410 JavaThread "Worker-8084: Initialize workspace"        [_thread_blocked, id=18160, stack(0x00000002a0a00000,0x00000002a0b00000) (1024K)]
  0x0000012ecd0e1ff0 JavaThread "Connection worker"                 [_thread_blocked, id=43244, stack(0x00000002a0c00000,0x00000002a0d00000) (1024K)]
  0x0000012ecd0deb70 JavaThread "pool-837-thread-1"                 [_thread_blocked, id=37612, stack(0x00000002a0800000,0x00000002a0900000) (1024K)]
  0x0000012ecd0e6190 JavaThread "Timer-836"                         [_thread_blocked, id=27996, stack(0x00000002a0f00000,0x00000002a1000000) (1024K)]
  0x0000012ecae77fb0 JavaThread "Worker-8093: Initialize workspace"        [_thread_blocked, id=18056, stack(0x00000002a0e00000,0x00000002a0f00000) (1024K)]
  0x0000012efed5d9d0 JavaThread "Connection worker"                 [_thread_blocked, id=45096, stack(0x00000002a1400000,0x00000002a1500000) (1024K)]
  0x0000012ecd1e1020 JavaThread "pool-838-thread-1"                 [_thread_blocked, id=45240, stack(0x00000002a0d00000,0x00000002a0e00000) (1024K)]
  0x0000012ecd503800 JavaThread "Timer-837"                         [_thread_blocked, id=45296, stack(0x00000002a1900000,0x00000002a1a00000) (1024K)]
  0x0000012ecd5086c0 JavaThread "Worker-8102: Initialize workspace"        [_thread_blocked, id=45328, stack(0x00000002a1b00000,0x00000002a1c00000) (1024K)]
  0x0000012ecd50a790 JavaThread "Connection worker"                 [_thread_blocked, id=45456, stack(0x00000002a1800000,0x00000002a1900000) (1024K)]
  0x0000012ecd4ff660 JavaThread "Exec process"                      [_thread_in_native, id=45480, stack(0x00000002a1700000,0x00000002a1800000) (1024K)]
  0x0000012ecd4d03b0 JavaThread "pool-839-thread-1"                 [_thread_blocked, id=45504, stack(0x00000002a1a00000,0x00000002a1b00000) (1024K)]
  0x0000012ecd4e03a0 JavaThread "Exec process Thread 2"             [_thread_blocked, id=45540, stack(0x00000002a1e00000,0x00000002a1f00000) (1024K)]
  0x0000012ecd4f0a20 JavaThread "Timer-838"                         [_thread_blocked, id=45592, stack(0x00000002a1f00000,0x00000002a2000000) (1024K)]
  0x0000012ecd4cf000 JavaThread "Worker-8116: Initialize workspace"        [_thread_blocked, id=45688, stack(0x00000002a1d00000,0x00000002a1e00000) (1024K)]
  0x0000012ecd4f6600 JavaThread "Connection worker"                 [_thread_blocked, id=45736, stack(0x00000002a2000000,0x00000002a2100000) (1024K)]
  0x0000012ecd4f8040 JavaThread "pool-840-thread-1"                 [_thread_blocked, id=45752, stack(0x00000002a2100000,0x00000002a2200000) (1024K)]
  0x0000012ecd4d86f0 JavaThread "Timer-839"                         [_thread_blocked, id=45808, stack(0x00000002a2300000,0x00000002a2400000) (1024K)]
  0x0000012ed507a5d0 JavaThread "Worker-8124: Initialize workspace"        [_thread_blocked, id=45852, stack(0x00000002a2400000,0x00000002a2500000) (1024K)]
  0x0000012ed50777e0 JavaThread "Connection worker"                 [_thread_blocked, id=45948, stack(0x00000002a2200000,0x00000002a2300000) (1024K)]
  0x0000012ed5078b90 JavaThread "pool-841-thread-1"                 [_thread_blocked, id=45952, stack(0x00000002a1c00000,0x00000002a1d00000) (1024K)]
  0x0000012ed508d3b0 JavaThread "Timer-840"                         [_thread_blocked, id=45968, stack(0x00000002a2700000,0x00000002a2800000) (1024K)]
  0x0000012ed5080840 JavaThread "Worker-8137: Initialize workspace"        [_thread_blocked, id=46000, stack(0x00000002a2600000,0x00000002a2700000) (1024K)]
  0x0000012ed5089f30 JavaThread "Connection worker"                 [_thread_blocked, id=46028, stack(0x00000002a2800000,0x00000002a2900000) (1024K)]
  0x0000012ed507c6a0 JavaThread "pool-842-thread-1"                 [_thread_blocked, id=46036, stack(0x00000002a2500000,0x00000002a2600000) (1024K)]
  0x0000012ed5090830 JavaThread "Exec process"                      [_thread_in_native, id=46040, stack(0x00000002a2900000,0x00000002a2a00000) (1024K)]
  0x0000012ecd4fdc20 JavaThread "Exec process Thread 2"             [_thread_blocked, id=46068, stack(0x00000002a2d00000,0x00000002a2e00000) (1024K)]
  0x0000012ecd4e5260 JavaThread "Timer-841"                         [_thread_blocked, id=40596, stack(0x00000002a2c00000,0x00000002a2d00000) (1024K)]
  0x0000012f035412c0 JavaThread "Connection worker"                 [_thread_blocked, id=13324, stack(0x00000002a2b00000,0x00000002a2c00000) (1024K)]
  0x0000012f0354d7a0 JavaThread "pool-843-thread-1"                 [_thread_blocked, id=21580, stack(0x00000002a2e00000,0x00000002a2f00000) (1024K)]
  0x0000012f0353eb60 JavaThread "Exec process"                      [_thread_in_native, id=39992, stack(0x00000002a2a00000,0x00000002a2b00000) (1024K)]
  0x0000012f0355ca70 JavaThread "Exec process Thread 2"             [_thread_blocked, id=31516, stack(0x00000002a3000000,0x00000002a3100000) (1024K)]
  0x0000012f03561930 JavaThread "Worker-8152: Initialize workspace"        [_thread_blocked, id=34840, stack(0x00000002a3200000,0x00000002a3300000) (1024K)]
  0x0000012f03560c10 JavaThread "Connection worker"                 [_thread_blocked, id=13528, stack(0x000000021d100000,0x000000021d200000) (1024K)]
  0x0000012f03564720 JavaThread "Connection worker"                 [_thread_blocked, id=24232, stack(0x000000021d600000,0x000000021d700000) (1024K)]
  0x0000012f035612a0 JavaThread "Connection worker"                 [_thread_blocked, id=45884, stack(0x0000000244300000,0x0000000244400000) (1024K)]
  0x0000012f0357a2f0 JavaThread "Exec process"                      [_thread_in_native, id=45880, stack(0x0000000244d00000,0x0000000244e00000) (1024K)]
  0x0000012effa00bd0 JavaThread "Exec process Thread 2"             [_thread_blocked, id=45964, stack(0x000000029c900000,0x000000029ca00000) (1024K)]
  0x0000012eff9f67c0 JavaThread "Exec process"                      [_thread_in_native, id=24340, stack(0x0000000289a00000,0x0000000289b00000) (1024K)]
  0x0000012effa046e0 JavaThread "Timer-842"                         [_thread_blocked, id=37344, stack(0x00000002a2f00000,0x00000002a3000000) (1024K)]
  0x0000012effa0afe0 JavaThread "Exec process Thread 2"             [_thread_blocked, id=18688, stack(0x00000002a3400000,0x00000002a3500000) (1024K)]
  0x0000012eff9f5aa0 JavaThread "Worker-8159: Initialize workspace"        [_thread_blocked, id=19208, stack(0x0000000245200000,0x0000000245300000) (1024K)]
  0x0000012f0544f5f0 JavaThread "Connection worker"                 [_thread_blocked, id=10448, stack(0x00000002a3500000,0x00000002a3600000) (1024K)]
  0x0000012f05428680 JavaThread "pool-844-thread-1"                 [_thread_blocked, id=31376, stack(0x00000002a3100000,0x00000002a3200000) (1024K)]
  0x0000012effa0eaf0 JavaThread "Timer-843"                         [_thread_blocked, id=43416, stack(0x0000000245000000,0x0000000245100000) (1024K)]
  0x0000012f02a114f0 JavaThread "Worker-8168: Initialize workspace"        [_thread_blocked, id=35428, stack(0x0000000243b00000,0x0000000243c00000) (1024K)]
  0x0000012f02a27750 JavaThread "Connection worker"                 [_thread_blocked, id=44572, stack(0x000000024f700000,0x000000024f800000) (1024K)]
  0x0000012f02a11b80 JavaThread "pool-845-thread-1"                 [_thread_blocked, id=36140, stack(0x0000000225d00000,0x0000000225e00000) (1024K)]
  0x0000012ed507c010 JavaThread "Timer-844"                         [_thread_blocked, id=13684, stack(0x00000002a3600000,0x00000002a3700000) (1024K)]
  0x0000012eff9f7b70 JavaThread "Worker-8178: Initialize workspace"        [_thread_blocked, id=24092, stack(0x00000002a3300000,0x00000002a3400000) (1024K)]
  0x0000012f02a2a540 JavaThread "Connection worker"                 [_thread_blocked, id=29600, stack(0x00000002a3a00000,0x00000002a3b00000) (1024K)]
  0x0000012ed508b970 JavaThread "pool-846-thread-1"                 [_thread_blocked, id=42916, stack(0x00000002a3700000,0x00000002a3800000) (1024K)]
  0x0000012ecd181e00 JavaThread "Timer-845"                         [_thread_blocked, id=45660, stack(0x00000002a3e00000,0x00000002a3f00000) (1024K)]
  0x0000012ed508e760 JavaThread "Connection worker"                 [_thread_blocked, id=45524, stack(0x0000000208c00000,0x0000000208d00000) (1024K)]
  0x0000012ed5093620 JavaThread "Connection worker"                 [_thread_blocked, id=45528, stack(0x0000000206500000,0x0000000206600000) (1024K)]
  0x0000012ed50901a0 JavaThread "Connection worker"                 [_thread_blocked, id=12292, stack(0x0000000207f00000,0x0000000208000000) (1024K)]
  0x0000012ecd0e3a30 JavaThread "pool-847-thread-1"                 [_thread_blocked, id=10936, stack(0x0000000243400000,0x0000000243500000) (1024K)]
  0x0000012f02a1ed80 JavaThread "Worker-8194: Initialize workspace"        [_thread_blocked, id=37132, stack(0x00000002a3800000,0x00000002a3900000) (1024K)]
  0x0000012f0354bd60 JavaThread "Timer-846"                         [_thread_blocked, id=23712, stack(0x00000002a4200000,0x00000002a4300000) (1024K)]
  0x0000012ecd4da7c0 JavaThread "Worker-8199: Initialize workspace"        [_thread_blocked, id=17828, stack(0x00000002a4500000,0x00000002a4600000) (1024K)]
  0x0000012f054516c0 JavaThread "Connection worker"                 [_thread_blocked, id=39044, stack(0x0000000207e00000,0x0000000207f00000) (1024K)]
  0x0000012f05432a90 JavaThread "pool-848-thread-1"                 [_thread_blocked, id=34192, stack(0x0000000208600000,0x0000000208700000) (1024K)]
  0x0000012ecd104730 JavaThread "Timer-847"                         [_thread_blocked, id=45864, stack(0x000000021ae00000,0x000000021af00000) (1024K)]
  0x0000012ecd08c1e0 JavaThread "Worker-8210: Initialize workspace"        [_thread_blocked, id=33048, stack(0x000000020d700000,0x000000020d800000) (1024K)]
  0x0000012eced487f0 JavaThread "Connection worker"                 [_thread_blocked, id=24548, stack(0x000000021af00000,0x000000021b000000) (1024K)]
  0x0000012eced48160 JavaThread "pool-849-thread-1"                 [_thread_blocked, id=27952, stack(0x000000021ad00000,0x000000021ae00000) (1024K)]
  0x0000012effa0a950 JavaThread "Timer-848"                         [_thread_blocked, id=40120, stack(0x0000000230900000,0x0000000230a00000) (1024K)]
  0x0000012ecd0ae920 JavaThread "Connection worker"                 [_thread_blocked, id=42296, stack(0x0000000244b00000,0x0000000244c00000) (1024K)]
  0x0000012f02a2b8f0 JavaThread "Connection worker"                 [_thread_blocked, id=1708, stack(0x0000000201c00000,0x0000000201d00000) (1024K)]
  0x0000012f02a4f3e0 JavaThread "Worker-8221: Initialize workspace"        [_thread_blocked, id=44748, stack(0x0000000204200000,0x0000000204300000) (1024K)]
  0x0000012f02a263a0 JavaThread "Connection worker"                 [_thread_blocked, id=40752, stack(0x000000021b100000,0x000000021b200000) (1024K)]
  0x0000012f02a1f410 JavaThread "pool-850-thread-1"                 [_thread_blocked, id=38460, stack(0x0000000202b00000,0x0000000202c00000) (1024K)]
  0x0000012f02a33c30 JavaThread "Connection worker"                 [_thread_blocked, id=36680, stack(0x0000000229f00000,0x000000022a000000) (1024K)]
  0x0000012ecd107bb0 JavaThread "Timer-849"                         [_thread_blocked, id=14296, stack(0x000000026ee00000,0x000000026ef00000) (1024K)]
  0x0000012ecc2ef1d0 JavaThread "Worker-8230: Check JDK Index"        [_thread_blocked, id=45856, stack(0x000000029a300000,0x000000029a400000) (1024K)]
  0x0000012ecc2ef860 JavaThread "Worker-8233: Initialize workspace"        [_thread_blocked, id=5892, stack(0x0000000244e00000,0x0000000244f00000) (1024K)]
  0x0000012f05422410 JavaThread "Connection worker"                 [_thread_blocked, id=25616, stack(0x000000024f400000,0x000000024f500000) (1024K)]
Total: 2569

Other Threads:
  0x0000012ef6c50d70 VMThread "VM Thread"                           [id=28772, stack(0x000000025af00000,0x000000025b000000) (1024K)]
  0x0000012ededbca00 WatcherThread "VM Periodic Task Thread"        [id=25360, stack(0x000000025ae00000,0x000000025af00000) (1024K)]
  0x0000012edef51480 WorkerThread "GC Thread#0"                     [id=14772, stack(0x000000025ad00000,0x000000025ae00000) (1024K)]
  0x0000012efc86cb00 WorkerThread "GC Thread#1"                     [id=24964, stack(0x000000025bc00000,0x000000025bd00000) (1024K)]
  0x0000012efc635920 WorkerThread "GC Thread#2"                     [id=23412, stack(0x000000025bd00000,0x000000025be00000) (1024K)]
  0x0000012efc635cd0 WorkerThread "GC Thread#3"                     [id=21088, stack(0x000000025be00000,0x000000025bf00000) (1024K)]
  0x0000012efc636080 WorkerThread "GC Thread#4"                     [id=20072, stack(0x000000025bf00000,0x000000025c000000) (1024K)]
  0x0000012efc636430 WorkerThread "GC Thread#5"                     [id=20956, stack(0x000000025c000000,0x000000025c100000) (1024K)]
  0x0000012efc6367e0 WorkerThread "GC Thread#6"                     [id=29460, stack(0x000000025c100000,0x000000025c200000) (1024K)]
  0x0000012efca816d0 WorkerThread "GC Thread#7"                     [id=33900, stack(0x000000025bb00000,0x000000025bc00000) (1024K)]
  0x0000012efd0eb130 WorkerThread "GC Thread#8"                     [id=24504, stack(0x000000025c700000,0x000000025c800000) (1024K)]
  0x0000012efd0eb4e0 WorkerThread "GC Thread#9"                     [id=16412, stack(0x000000025c800000,0x000000025c900000) (1024K)]
Total: 12

Threads with active compile tasks:
C2 CompilerThread0  1485735 23107       4       java.lang.Throwable::printEnclosedStackTrace (350 bytes)
Total: 1

VM state: at safepoint (normal execution)

VM Mutex/Monitor currently owned by a thread:  ([mutex/lock_event])
[0x00007ffe7caef5b0] Threads_lock - owner thread: 0x0000012ef6c50d70
[0x00007ffe7caef6b0] Heap_lock - owner thread: 0x0000012efed5b900

Heap address: 0x0000000080000000, size: 2048 MB, Compressed Oops mode: 32-bit

CDS archive(s) mapped at: [0x0000012e80000000-0x0000012e80ba0000-0x0000012e80ba0000), size 12189696, SharedBaseAddress: 0x0000012e80000000, ArchiveRelocationMode: 1.
Compressed class space mapped at: 0x0000012e81000000-0x0000012ec1000000, reserved size: 1073741824
Narrow klass base: 0x0000012e80000000, Narrow klass shift: 0, Narrow klass range: 0x100000000

GC Precious Log:
 CardTable entry size: 512
 CPUs: 12 total, 12 available
 Memory: 16000M
 Large Page Support: Disabled
 NUMA Support: Disabled
 Compressed Oops: Enabled (32-bit)
 Alignments: Space 512K, Generation 512K, Heap 2M
 Heap Min Capacity: 100M
 Heap Initial Capacity: 100M
 Heap Max Capacity: 2G
 Pre-touch: Disabled
 Parallel Workers: 10

Heap:
 PSYoungGen      total 4096K, used 1001K [0x00000000d5580000, 0x00000000d5b80000, 0x0000000100000000)
  eden space 3072K, 0% used [0x00000000d5580000,0x00000000d5580000,0x00000000d5880000)
  from space 1024K, 97% used [0x00000000d5a80000,0x00000000d5b7a510,0x00000000d5b80000)
  to   space 1536K, 0% used [0x00000000d5880000,0x00000000d5880000,0x00000000d5a00000)
 ParOldGen       total 1146368K, used 1146207K [0x0000000080000000, 0x00000000c5f80000, 0x00000000d5580000)
  object space 1146368K, 99% used [0x0000000080000000,0x00000000c5f57c88,0x00000000c5f80000)
 Metaspace       used 89692K, committed 92160K, reserved 1179648K
  class space    used 10134K, committed 11328K, reserved 1048576K

Card table byte_map: [0x0000012ede8d0000,0x0000012edece0000] _byte_map_base: 0x0000012ede4d0000

Marking Bits: (ParMarkBitMap*) 0x00007ffe7caf44a0
 Begin Bits: [0x0000012ef13e0000, 0x0000012ef33e0000)
 End Bits:   [0x0000012ef33e0000, 0x0000012ef53e0000)

Polling page: 0x0000012edce90000

Metaspace:

Usage:
  Non-class:     77.69 MB used.
      Class:      9.90 MB used.
       Both:     87.59 MB used.

Virtual space:
  Non-class space:      128.00 MB reserved,      78.94 MB ( 62%) committed,  2 nodes.
      Class space:        1.00 GB reserved,      11.06 MB (  1%) committed,  1 nodes.
             Both:        1.12 GB reserved,      90.00 MB (  8%) committed. 

Chunk freelists:
   Non-Class:  773.00 KB
       Class:  4.80 MB
        Both:  5.55 MB

MaxMetaspaceSize: unlimited
CompressedClassSpaceSize: 1.00 GB
Initial GC threshold: 21.00 MB
Current GC threshold: 149.69 MB
CDS: on
 - commit_granule_bytes: 65536.
 - commit_granule_words: 8192.
 - virtual_space_node_default_size: 8388608.
 - enlarge_chunks_in_place: 1.
 - use_allocation_guard: 0.


Internal statistics:

num_allocs_failed_limit: 9.
num_arena_births: 4240.
num_arena_deaths: 1370.
num_vsnodes_births: 3.
num_vsnodes_deaths: 0.
num_space_committed: 1440.
num_space_uncommitted: 0.
num_chunks_returned_to_freelist: 1896.
num_chunks_taken_from_freelist: 10257.
num_chunk_merges: 852.
num_chunk_splits: 5490.
num_chunks_enlarged: 2144.
num_inconsistent_stats: 0.

CodeHeap 'non-profiled nmethods': size=120000Kb used=17147Kb max_used=17809Kb free=102852Kb
 bounds [0x0000012ee9c00000, 0x0000012eead70000, 0x0000012ef1130000]
CodeHeap 'profiled nmethods': size=120000Kb used=29295Kb max_used=43108Kb free=90704Kb
 bounds [0x0000012ee2130000, 0x0000012ee4b50000, 0x0000012ee9660000]
CodeHeap 'non-nmethods': size=5760Kb used=1478Kb max_used=1542Kb free=4281Kb
 bounds [0x0000012ee9660000, 0x0000012ee98d0000, 0x0000012ee9c00000]
CodeCache: size=245760Kb, used=47920Kb, max_used=62459Kb, free=197837Kb
 total_blobs=15430, nmethods=14641, adapters=694, full_count=0
Compilation: enabled, stopped_count=0, restarted_count=0

Compilation events (20 events):
Event: 1466.221 Thread 0x0000012edeed5a00 nmethod 23073 0x0000012eea4acc90 code [0x0000012eea4ace20, 0x0000012eea4acf48]
Event: 1469.678 Thread 0x0000012ef6c93f40 23074       3       org.gradle.launcher.daemon.client.DaemonClientServicesSupport::createDaemonStarter (21 bytes)
Event: 1469.711 Thread 0x0000012ef6c93f40 nmethod 23074 0x0000012ee3ae4490 code [0x0000012ee3ae4640, 0x0000012ee3ae4828]
Event: 1469.711 Thread 0x0000012ef6c93f40 23075       3       org.gradle.launcher.daemon.client.DefaultDaemonStarter::<init> (50 bytes)
Event: 1469.714 Thread 0x0000012ef6c93f40 nmethod 23075 0x0000012ee27abb90 code [0x0000012ee27abd40, 0x0000012ee27abf60]
Event: 1469.714 Thread 0x0000012ef6c93f40 23076       3       org.gradle.launcher.daemon.client.DaemonClientServicesSupport::createDaemonConnector (32 bytes)
Event: 1469.720 Thread 0x0000012ef6c93f40 nmethod 23076 0x0000012ee28f4d10 code [0x0000012ee28f4f20, 0x0000012ee28f5488]
Event: 1469.720 Thread 0x0000012ef6c93f40 23077   !   3       org.gradle.internal.event.DefaultListenerManager$EventBroadcast::getBroadcaster (59 bytes)
Event: 1469.723 Thread 0x0000012ef6c93f40 nmethod 23077 0x0000012ee3d1e310 code [0x0000012ee3d1e4e0, 0x0000012ee3d1e8d0]
Event: 1469.723 Thread 0x0000012ef6c93f40 23078       3       org.gradle.launcher.daemon.protocol.DaemonMessageSerializer::create (453 bytes)
Event: 1469.745 Thread 0x0000012ef6c93f40 nmethod 23078 0x0000012ee2600310 code [0x0000012ee2600ac0, 0x0000012ee2605988]
Event: 1471.055 Thread 0x0000012edeed5a00 23103       4       java.util.regex.Matcher::find (69 bytes)
Event: 1471.082 Thread 0x0000012edeed5a00 nmethod 23103 0x0000012ee9d96f90 code [0x0000012ee9d97140, 0x0000012ee9d97560]
Event: 1481.196 Thread 0x0000012ef6c93f40 23104       3       com.google.common.base.Joiner::on (9 bytes)
Event: 1481.207 Thread 0x0000012ef6c93f40 nmethod 23104 0x0000012ee267e890 code [0x0000012ee267ea60, 0x0000012ee267edd8]
Event: 1483.173 Thread 0x0000012edeed5a00 23105   !   4       org.eclipse.jdt.ls.core.internal.managers.StandardProjectsManager::buildSupports (139 bytes)
Event: 1483.566 Thread 0x0000012edeed5a00 nmethod 23105 0x0000012eea092590 code [0x0000012eea092aa0, 0x0000012eea096710]
Event: 1483.566 Thread 0x0000012edeed5a00 23106       4       org.eclipse.jdt.launching.JavaRuntime::getJavaProject (123 bytes)
Event: 1483.712 Thread 0x0000012edeed5a00 nmethod 23106 0x0000012ee9c8d410 code [0x0000012ee9c8d720, 0x0000012ee9c8e700]
Event: 1483.782 Thread 0x0000012edeed5a00 23107       4       java.lang.Throwable::printEnclosedStackTrace (350 bytes)

GC Heap History (20 events):
Event: 1483.100 GC heap after
{Heap after GC invocations=14108 (full 7):
 PSYoungGen      total 3584K, used 352K [0x00000000d5580000, 0x00000000d5a80000, 0x0000000100000000)
  eden space 3072K, 0% used [0x00000000d5580000,0x00000000d5580000,0x00000000d5880000)
  from space 512K, 68% used [0x00000000d5a00000,0x00000000d5a58000,0x00000000d5a80000)
  to   space 1024K, 0% used [0x00000000d5880000,0x00000000d5880000,0x00000000d5980000)
 ParOldGen       total 1140736K, used 1140517K [0x0000000080000000, 0x00000000c5a00000, 0x00000000d5580000)
  object space 1140736K, 99% used [0x0000000080000000,0x00000000c59c97c0,0x00000000c5a00000)
 Metaspace       used 89680K, committed 92160K, reserved 1179648K
  class space    used 10131K, committed 11328K, reserved 1048576K
}
Event: 1483.166 GC heap before
{Heap before GC invocations=14109 (full 7):
 PSYoungGen      total 3584K, used 3424K [0x00000000d5580000, 0x00000000d5a80000, 0x0000000100000000)
  eden space 3072K, 100% used [0x00000000d5580000,0x00000000d5880000,0x00000000d5880000)
  from space 512K, 68% used [0x00000000d5a00000,0x00000000d5a58000,0x00000000d5a80000)
  to   space 1024K, 0% used [0x00000000d5880000,0x00000000d5880000,0x00000000d5980000)
 ParOldGen       total 1140736K, used 1140517K [0x0000000080000000, 0x00000000c5a00000, 0x00000000d5580000)
  object space 1140736K, 99% used [0x0000000080000000,0x00000000c59c97c0,0x00000000c5a00000)
 Metaspace       used 89681K, committed 92160K, reserved 1179648K
  class space    used 10132K, committed 11328K, reserved 1048576K
}
Event: 1483.172 GC heap after
{Heap after GC invocations=14109 (full 7):
 PSYoungGen      total 4096K, used 320K [0x00000000d5580000, 0x00000000d5a80000, 0x0000000100000000)
  eden space 3072K, 0% used [0x00000000d5580000,0x00000000d5580000,0x00000000d5880000)
  from space 1024K, 31% used [0x00000000d5880000,0x00000000d58d0000,0x00000000d5980000)
  to   space 512K, 0% used [0x00000000d5a00000,0x00000000d5a00000,0x00000000d5a80000)
 ParOldGen       total 1140736K, used 1140621K [0x0000000080000000, 0x00000000c5a00000, 0x00000000d5580000)
  object space 1140736K, 99% used [0x0000000080000000,0x00000000c59e37c0,0x00000000c5a00000)
 Metaspace       used 89681K, committed 92160K, reserved 1179648K
  class space    used 10132K, committed 11328K, reserved 1048576K
}
Event: 1483.279 GC heap before
{Heap before GC invocations=14110 (full 7):
 PSYoungGen      total 4096K, used 3392K [0x00000000d5580000, 0x00000000d5a80000, 0x0000000100000000)
  eden space 3072K, 100% used [0x00000000d5580000,0x00000000d5880000,0x00000000d5880000)
  from space 1024K, 31% used [0x00000000d5880000,0x00000000d58d0000,0x00000000d5980000)
  to   space 512K, 0% used [0x00000000d5a00000,0x00000000d5a00000,0x00000000d5a80000)
 ParOldGen       total 1140736K, used 1140624K [0x0000000080000000, 0x00000000c5a00000, 0x00000000d5580000)
  object space 1140736K, 99% used [0x0000000080000000,0x00000000c59e4170,0x00000000c5a00000)
 Metaspace       used 89686K, committed 92160K, reserved 1179648K
  class space    used 10133K, committed 11328K, reserved 1048576K
}
Event: 1483.285 GC heap after
{Heap after GC invocations=14110 (full 7):
 PSYoungGen      total 3584K, used 489K [0x00000000d5580000, 0x00000000d5a80000, 0x0000000100000000)
  eden space 3072K, 0% used [0x00000000d5580000,0x00000000d5580000,0x00000000d5880000)
  from space 512K, 95% used [0x00000000d5a00000,0x00000000d5a7a4f0,0x00000000d5a80000)
  to   space 1024K, 0% used [0x00000000d5880000,0x00000000d5880000,0x00000000d5980000)
 ParOldGen       total 1141248K, used 1140937K [0x0000000080000000, 0x00000000c5a80000, 0x00000000d5580000)
  object space 1141248K, 99% used [0x0000000080000000,0x00000000c5a32690,0x00000000c5a80000)
 Metaspace       used 89686K, committed 92160K, reserved 1179648K
  class space    used 10133K, committed 11328K, reserved 1048576K
}
Event: 1483.317 GC heap before
{Heap before GC invocations=14111 (full 7):
 PSYoungGen      total 3584K, used 3561K [0x00000000d5580000, 0x00000000d5a80000, 0x0000000100000000)
  eden space 3072K, 100% used [0x00000000d5580000,0x00000000d5880000,0x00000000d5880000)
  from space 512K, 95% used [0x00000000d5a00000,0x00000000d5a7a4f0,0x00000000d5a80000)
  to   space 1024K, 0% used [0x00000000d5880000,0x00000000d5880000,0x00000000d5980000)
 ParOldGen       total 1141248K, used 1140937K [0x0000000080000000, 0x00000000c5a80000, 0x00000000d5580000)
  object space 1141248K, 99% used [0x0000000080000000,0x00000000c5a32690,0x00000000c5a80000)
 Metaspace       used 89686K, committed 92160K, reserved 1179648K
  class space    used 10133K, committed 11328K, reserved 1048576K
}
Event: 1483.325 GC heap after
{Heap after GC invocations=14111 (full 7):
 PSYoungGen      total 4096K, used 1024K [0x00000000d5580000, 0x00000000d5c80000, 0x0000000100000000)
  eden space 3072K, 0% used [0x00000000d5580000,0x00000000d5580000,0x00000000d5880000)
  from space 1024K, 100% used [0x00000000d5880000,0x00000000d5980000,0x00000000d5980000)
  to   space 2048K, 0% used [0x00000000d5a80000,0x00000000d5a80000,0x00000000d5c80000)
 ParOldGen       total 1141760K, used 1141410K [0x0000000080000000, 0x00000000c5b00000, 0x00000000d5580000)
  object space 1141760K, 99% used [0x0000000080000000,0x00000000c5aa8b80,0x00000000c5b00000)
 Metaspace       used 89686K, committed 92160K, reserved 1179648K
  class space    used 10133K, committed 11328K, reserved 1048576K
}
Event: 1483.398 GC heap before
{Heap before GC invocations=14112 (full 7):
 PSYoungGen      total 4096K, used 4096K [0x00000000d5580000, 0x00000000d5c80000, 0x0000000100000000)
  eden space 3072K, 100% used [0x00000000d5580000,0x00000000d5880000,0x00000000d5880000)
  from space 1024K, 100% used [0x00000000d5880000,0x00000000d5980000,0x00000000d5980000)
  to   space 2048K, 0% used [0x00000000d5a80000,0x00000000d5a80000,0x00000000d5c80000)
 ParOldGen       total 1141760K, used 1141414K [0x0000000080000000, 0x00000000c5b00000, 0x00000000d5580000)
  object space 1141760K, 99% used [0x0000000080000000,0x00000000c5aa9be0,0x00000000c5b00000)
 Metaspace       used 89689K, committed 92160K, reserved 1179648K
  class space    used 10133K, committed 11328K, reserved 1048576K
}
Event: 1483.407 GC heap after
{Heap after GC invocations=14112 (full 7):
 PSYoungGen      total 5120K, used 1909K [0x00000000d5580000, 0x00000000d5c80000, 0x0000000100000000)
  eden space 3072K, 0% used [0x00000000d5580000,0x00000000d5580000,0x00000000d5880000)
  from space 2048K, 93% used [0x00000000d5a80000,0x00000000d5c5d428,0x00000000d5c80000)
  to   space 2048K, 0% used [0x00000000d5880000,0x00000000d5880000,0x00000000d5a80000)
 ParOldGen       total 1142784K, used 1142318K [0x0000000080000000, 0x00000000c5c00000, 0x00000000d5580000)
  object space 1142784K, 99% used [0x0000000080000000,0x00000000c5b8bbe0,0x00000000c5c00000)
 Metaspace       used 89689K, committed 92160K, reserved 1179648K
  class space    used 10133K, committed 11328K, reserved 1048576K
}
Event: 1483.543 GC heap before
{Heap before GC invocations=14113 (full 7):
 PSYoungGen      total 5120K, used 4981K [0x00000000d5580000, 0x00000000d5c80000, 0x0000000100000000)
  eden space 3072K, 99% used [0x00000000d5580000,0x00000000d587fff8,0x00000000d5880000)
  from space 2048K, 93% used [0x00000000d5a80000,0x00000000d5c5d428,0x00000000d5c80000)
  to   space 2048K, 0% used [0x00000000d5880000,0x00000000d5880000,0x00000000d5a80000)
 ParOldGen       total 1142784K, used 1142318K [0x0000000080000000, 0x00000000c5c00000, 0x00000000d5580000)
  object space 1142784K, 99% used [0x0000000080000000,0x00000000c5b8bbe0,0x00000000c5c00000)
 Metaspace       used 89690K, committed 92160K, reserved 1179648K
  class space    used 10134K, committed 11328K, reserved 1048576K
}
Event: 1483.551 GC heap after
{Heap after GC invocations=14113 (full 7):
 PSYoungGen      total 4096K, used 864K [0x00000000d5580000, 0x00000000d5b80000, 0x0000000100000000)
  eden space 3072K, 0% used [0x00000000d5580000,0x00000000d5580000,0x00000000d5880000)
  from space 1024K, 84% used [0x00000000d5880000,0x00000000d5958000,0x00000000d5980000)
  to   space 1536K, 0% used [0x00000000d5a00000,0x00000000d5a00000,0x00000000d5b80000)
 ParOldGen       total 1144320K, used 1144006K [0x0000000080000000, 0x00000000c5d80000, 0x00000000d5580000)
  object space 1144320K, 99% used [0x0000000080000000,0x00000000c5d31be0,0x00000000c5d80000)
 Metaspace       used 89690K, committed 92160K, reserved 1179648K
  class space    used 10134K, committed 11328K, reserved 1048576K
}
Event: 1483.760 GC heap before
{Heap before GC invocations=14114 (full 7):
 PSYoungGen      total 4096K, used 3936K [0x00000000d5580000, 0x00000000d5b80000, 0x0000000100000000)
  eden space 3072K, 100% used [0x00000000d5580000,0x00000000d5880000,0x00000000d5880000)
  from space 1024K, 84% used [0x00000000d5880000,0x00000000d5958000,0x00000000d5980000)
  to   space 1536K, 0% used [0x00000000d5a00000,0x00000000d5a00000,0x00000000d5b80000)
 ParOldGen       total 1144320K, used 1144006K [0x0000000080000000, 0x00000000c5d80000, 0x00000000d5580000)
  object space 1144320K, 99% used [0x0000000080000000,0x00000000c5d31be0,0x00000000c5d80000)
 Metaspace       used 89692K, committed 92160K, reserved 1179648K
  class space    used 10134K, committed 11328K, reserved 1048576K
}
Event: 1483.768 GC heap after
{Heap after GC invocations=14114 (full 7):
 PSYoungGen      total 3584K, used 352K [0x00000000d5580000, 0x00000000d5a80000, 0x0000000100000000)
  eden space 3072K, 0% used [0x00000000d5580000,0x00000000d5580000,0x00000000d5880000)
  from space 512K, 68% used [0x00000000d5a00000,0x00000000d5a58000,0x00000000d5a80000)
  to   space 1024K, 0% used [0x00000000d5880000,0x00000000d5880000,0x00000000d5980000)
 ParOldGen       total 1144832K, used 1144734K [0x0000000080000000, 0x00000000c5e00000, 0x00000000d5580000)
  object space 1144832K, 99% used [0x0000000080000000,0x00000000c5de7be0,0x00000000c5e00000)
 Metaspace       used 89692K, committed 92160K, reserved 1179648K
  class space    used 10134K, committed 11328K, reserved 1048576K
}
Event: 1483.817 GC heap before
{Heap before GC invocations=14115 (full 7):
 PSYoungGen      total 3584K, used 3423K [0x00000000d5580000, 0x00000000d5a80000, 0x0000000100000000)
  eden space 3072K, 99% used [0x00000000d5580000,0x00000000d587fff0,0x00000000d5880000)
  from space 512K, 68% used [0x00000000d5a00000,0x00000000d5a58000,0x00000000d5a80000)
  to   space 1024K, 0% used [0x00000000d5880000,0x00000000d5880000,0x00000000d5980000)
 ParOldGen       total 1144832K, used 1144734K [0x0000000080000000, 0x00000000c5e00000, 0x00000000d5580000)
  object space 1144832K, 99% used [0x0000000080000000,0x00000000c5de7be0,0x00000000c5e00000)
 Metaspace       used 89692K, committed 92160K, reserved 1179648K
  class space    used 10134K, committed 11328K, reserved 1048576K
}
Event: 1483.824 GC heap after
{Heap after GC invocations=14115 (full 7):
 PSYoungGen      total 4096K, used 320K [0x00000000d5580000, 0x00000000d5a80000, 0x0000000100000000)
  eden space 3072K, 0% used [0x00000000d5580000,0x00000000d5580000,0x00000000d5880000)
  from space 1024K, 31% used [0x00000000d5880000,0x00000000d58d0000,0x00000000d5980000)
  to   space 512K, 0% used [0x00000000d5a00000,0x00000000d5a00000,0x00000000d5a80000)
 ParOldGen       total 1145344K, used 1144902K [0x0000000080000000, 0x00000000c5e80000, 0x00000000d5580000)
  object space 1145344K, 99% used [0x0000000080000000,0x00000000c5e11bf0,0x00000000c5e80000)
 Metaspace       used 89692K, committed 92160K, reserved 1179648K
  class space    used 10134K, committed 11328K, reserved 1048576K
}
Event: 1483.952 GC heap before
{Heap before GC invocations=14116 (full 7):
 PSYoungGen      total 4096K, used 3392K [0x00000000d5580000, 0x00000000d5a80000, 0x0000000100000000)
  eden space 3072K, 100% used [0x00000000d5580000,0x00000000d5880000,0x00000000d5880000)
  from space 1024K, 31% used [0x00000000d5880000,0x00000000d58d0000,0x00000000d5980000)
  to   space 512K, 0% used [0x00000000d5a00000,0x00000000d5a00000,0x00000000d5a80000)
 ParOldGen       total 1145344K, used 1144902K [0x0000000080000000, 0x00000000c5e80000, 0x00000000d5580000)
  object space 1145344K, 99% used [0x0000000080000000,0x00000000c5e11bf0,0x00000000c5e80000)
 Metaspace       used 89692K, committed 92160K, reserved 1179648K
  class space    used 10134K, committed 11328K, reserved 1048576K
}
Event: 1483.958 GC heap after
{Heap after GC invocations=14116 (full 7):
 PSYoungGen      total 3584K, used 320K [0x00000000d5580000, 0x00000000d5a80000, 0x0000000100000000)
  eden space 3072K, 0% used [0x00000000d5580000,0x00000000d5580000,0x00000000d5880000)
  from space 512K, 62% used [0x00000000d5a00000,0x00000000d5a50000,0x00000000d5a80000)
  to   space 512K, 0% used [0x00000000d5980000,0x00000000d5980000,0x00000000d5a00000)
 ParOldGen       total 1145344K, used 1144987K [0x0000000080000000, 0x00000000c5e80000, 0x00000000d5580000)
  object space 1145344K, 99% used [0x0000000080000000,0x00000000c5e26c00,0x00000000c5e80000)
 Metaspace       used 89692K, committed 92160K, reserved 1179648K
  class space    used 10134K, committed 11328K, reserved 1048576K
}
Event: 1484.026 GC heap before
{Heap before GC invocations=14117 (full 7):
 PSYoungGen      total 3584K, used 3391K [0x00000000d5580000, 0x00000000d5a80000, 0x0000000100000000)
  eden space 3072K, 99% used [0x00000000d5580000,0x00000000d587fff0,0x00000000d5880000)
  from space 512K, 62% used [0x00000000d5a00000,0x00000000d5a50000,0x00000000d5a80000)
  to   space 512K, 0% used [0x00000000d5980000,0x00000000d5980000,0x00000000d5a00000)
 ParOldGen       total 1145344K, used 1144987K [0x0000000080000000, 0x00000000c5e80000, 0x00000000d5580000)
  object space 1145344K, 99% used [0x0000000080000000,0x00000000c5e26c00,0x00000000c5e80000)
 Metaspace       used 89692K, committed 92160K, reserved 1179648K
  class space    used 10134K, committed 11328K, reserved 1048576K
}
Event: 1484.032 GC heap after
{Heap after GC invocations=14117 (full 7):
 PSYoungGen      total 3584K, used 320K [0x00000000d5580000, 0x00000000d5a80000, 0x0000000100000000)
  eden space 3072K, 0% used [0x00000000d5580000,0x00000000d5580000,0x00000000d5880000)
  from space 512K, 62% used [0x00000000d5980000,0x00000000d59d0000,0x00000000d5a00000)
  to   space 512K, 0% used [0x00000000d5a00000,0x00000000d5a00000,0x00000000d5a80000)
 ParOldGen       total 1145344K, used 1145091K [0x0000000080000000, 0x00000000c5e80000, 0x00000000d5580000)
  object space 1145344K, 99% used [0x0000000080000000,0x00000000c5e40c20,0x00000000c5e80000)
 Metaspace       used 89692K, committed 92160K, reserved 1179648K
  class space    used 10134K, committed 11328K, reserved 1048576K
}
Event: 1484.061 GC heap before
{Heap before GC invocations=14118 (full 7):
 PSYoungGen      total 3584K, used 3391K [0x00000000d5580000, 0x00000000d5a80000, 0x0000000100000000)
  eden space 3072K, 99% used [0x00000000d5580000,0x00000000d587fff8,0x00000000d5880000)
  from space 512K, 62% used [0x00000000d5980000,0x00000000d59d0000,0x00000000d5a00000)
  to   space 512K, 0% used [0x00000000d5a00000,0x00000000d5a00000,0x00000000d5a80000)
 ParOldGen       total 1145344K, used 1145091K [0x0000000080000000, 0x00000000c5e80000, 0x00000000d5580000)
  object space 1145344K, 99% used [0x0000000080000000,0x00000000c5e40c20,0x00000000c5e80000)
 Metaspace       used 89692K, committed 92160K, reserved 1179648K
  class space    used 10134K, committed 11328K, reserved 1048576K
}

Dll operation events (20 events):
Event: 0.216 Attempting to load shared library C:\Users\ASUS\.vscode\extensions\redhat.java-1.56.0-win32-x64\jre\21.0.12.1-win32-x86_64\bin\zip.dll
Event: 0.216 Loaded shared library C:\Users\ASUS\.vscode\extensions\redhat.java-1.56.0-win32-x64\jre\21.0.12.1-win32-x86_64\bin\zip.dll
Event: 0.255 Attempting to load shared library C:\Users\ASUS\.vscode\extensions\redhat.java-1.56.0-win32-x64\jre\21.0.12.1-win32-x86_64\bin\jimage.dll
Event: 0.256 Loaded shared library C:\Users\ASUS\.vscode\extensions\redhat.java-1.56.0-win32-x64\jre\21.0.12.1-win32-x86_64\bin\jimage.dll
Event: 0.418 Attempting to load shared library c:\Users\ASUS\.vscode\extensions\redhat.java-1.56.0-win32-x64\jre\21.0.12.1-win32-x86_64\bin\verify.dll
Event: 0.419 Loaded shared library c:\Users\ASUS\.vscode\extensions\redhat.java-1.56.0-win32-x64\jre\21.0.12.1-win32-x86_64\bin\verify.dll
Event: 2.901 Attempting to load shared library C:\Users\ASUS\AppData\Roaming\Code\User\globalStorage\redhat.java\1.56.0\config_win\org.eclipse.equinox.launcher\org.eclipse.equinox.launcher.win32.win32.x86_64_1.3.100.v20260804-1928\eclipse_11924.dll
Event: 2.905 Loaded shared library C:\Users\ASUS\AppData\Roaming\Code\User\globalStorage\redhat.java\1.56.0\config_win\org.eclipse.equinox.launcher\org.eclipse.equinox.launcher.win32.win32.x86_64_1.3.100.v20260804-1928\eclipse_11924.dll
Event: 12.033 Attempting to load shared library C:\Users\ASUS\AppData\Local\Temp\jna--2031288575\jna8729190246543628886.dll
Event: 12.277 Loaded shared library C:\Users\ASUS\AppData\Local\Temp\jna--2031288575\jna8729190246543628886.dll
Event: 35.375 Attempting to load shared library C:\Users\ASUS\.gradle\native\1def1411415f61bf3af743bc5b6707747c0891f09f0c88961ee8f79bc544acac\windows-amd64\native-platform.dll
Event: 35.390 Loaded shared library C:\Users\ASUS\.gradle\native\1def1411415f61bf3af743bc5b6707747c0891f09f0c88961ee8f79bc544acac\windows-amd64\native-platform.dll
Event: 41.191 Attempting to load shared library C:\Users\ASUS\.vscode\extensions\redhat.java-1.56.0-win32-x64\jre\21.0.12.1-win32-x86_64\bin\management.dll
Event: 41.191 Loaded shared library C:\Users\ASUS\.vscode\extensions\redhat.java-1.56.0-win32-x64\jre\21.0.12.1-win32-x86_64\bin\management.dll
Event: 41.196 Attempting to load shared library C:\Users\ASUS\.vscode\extensions\redhat.java-1.56.0-win32-x64\jre\21.0.12.1-win32-x86_64\bin\management_ext.dll
Event: 41.197 Loaded shared library C:\Users\ASUS\.vscode\extensions\redhat.java-1.56.0-win32-x64\jre\21.0.12.1-win32-x86_64\bin\management_ext.dll
Event: 46.400 Attempting to load shared library C:\Users\ASUS\.vscode\extensions\redhat.java-1.56.0-win32-x64\jre\21.0.12.1-win32-x86_64\bin\extnet.dll
Event: 46.401 Loaded shared library C:\Users\ASUS\.vscode\extensions\redhat.java-1.56.0-win32-x64\jre\21.0.12.1-win32-x86_64\bin\extnet.dll
Event: 47.560 Attempting to load shared library C:\Users\ASUS\.vscode\extensions\redhat.java-1.56.0-win32-x64\jre\21.0.12.1-win32-x86_64\bin\sunmscapi.dll
Event: 47.567 Loaded shared library C:\Users\ASUS\.vscode\extensions\redhat.java-1.56.0-win32-x64\jre\21.0.12.1-win32-x86_64\bin\sunmscapi.dll

Deoptimization events (20 events):
Event: 1464.612 Thread 0x0000012ecc2e5450 DEOPT PACKING pc=0x0000012ee3295142 sp=0x000000022c4ff600
Event: 1464.613 Thread 0x0000012ecc2e5450 DEOPT UNPACKING pc=0x0000012ee96b4242 sp=0x000000022c4fead0 mode 0
Event: 1464.731 Thread 0x0000012f02a40110 DEOPT PACKING pc=0x0000012ee270b66f sp=0x000000022dcff6d0
Event: 1464.731 Thread 0x0000012f02a40110 DEOPT UNPACKING pc=0x0000012ee96b4242 sp=0x000000022dcfebf8 mode 0
Event: 1471.171 Thread 0x0000012f02a27750 Uncommon trap: trap_request=0xffffffc6 fr.pc=0x0000012eea2dcbd8 relative=0x00000000000056f8
Event: 1471.171 Thread 0x0000012f02a27750 Uncommon trap: reason=bimorphic_or_optimized_type_check action=maybe_recompile pc=0x0000012eea2dcbd8 method=java.lang.Throwable.printEnclosedStackTrace(Ljava/lang/Throwable$PrintStreamOrWriter;[Ljava/lang/StackTraceElement;Ljava/lang/String;Ljava/lang/Str
Event: 1471.171 Thread 0x0000012f02a27750 DEOPT PACKING pc=0x0000012eea2dcbd8 sp=0x0000000243bfec30
Event: 1471.302 Thread 0x0000012f02a27750 DEOPT UNPACKING pc=0x0000012ee96b3aa2 sp=0x0000000243bfec30 mode 2
Event: 1471.304 Thread 0x0000012f02a27750 Uncommon trap: trap_request=0xffffffc6 fr.pc=0x0000012eea2dcbd8 relative=0x00000000000056f8
Event: 1471.304 Thread 0x0000012f02a27750 Uncommon trap: reason=bimorphic_or_optimized_type_check action=maybe_recompile pc=0x0000012eea2dcbd8 method=java.lang.Throwable.printEnclosedStackTrace(Ljava/lang/Throwable$PrintStreamOrWriter;[Ljava/lang/StackTraceElement;Ljava/lang/String;Ljava/lang/Str
Event: 1471.304 Thread 0x0000012f02a27750 DEOPT PACKING pc=0x0000012eea2dcbd8 sp=0x0000000243bfec80
Event: 1471.305 Thread 0x0000012ed507c010 Uncommon trap: trap_request=0xffffffc6 fr.pc=0x0000012eea2dcbd8 relative=0x00000000000056f8
Event: 1471.305 Thread 0x0000012ed507c010 Uncommon trap: reason=bimorphic_or_optimized_type_check action=maybe_recompile pc=0x0000012eea2dcbd8 method=java.lang.Throwable.printEnclosedStackTrace(Ljava/lang/Throwable$PrintStreamOrWriter;[Ljava/lang/StackTraceElement;Ljava/lang/String;Ljava/lang/Str
Event: 1471.305 Thread 0x0000012ed507c010 DEOPT PACKING pc=0x0000012eea2dcbd8 sp=0x000000026eefecd0
Event: 1471.306 Thread 0x0000012ed507c010 DEOPT UNPACKING pc=0x0000012ee96b3aa2 sp=0x000000026eefecd0 mode 2
Event: 1471.344 Thread 0x0000012f02a27750 DEOPT UNPACKING pc=0x0000012ee96b3aa2 sp=0x0000000243bfec80 mode 2
Event: 1471.361 Thread 0x0000012ed507c010 Uncommon trap: trap_request=0xffffffc6 fr.pc=0x0000012eea2dcbd8 relative=0x00000000000056f8
Event: 1471.361 Thread 0x0000012ed507c010 Uncommon trap: reason=bimorphic_or_optimized_type_check action=maybe_recompile pc=0x0000012eea2dcbd8 method=java.lang.Throwable.printEnclosedStackTrace(Ljava/lang/Throwable$PrintStreamOrWriter;[Ljava/lang/StackTraceElement;Ljava/lang/String;Ljava/lang/Str
Event: 1471.361 Thread 0x0000012ed507c010 DEOPT PACKING pc=0x0000012eea2dcbd8 sp=0x000000026eefed20
Event: 1471.361 Thread 0x0000012ed507c010 DEOPT UNPACKING pc=0x0000012ee96b3aa2 sp=0x000000026eefed20 mode 2

Classes loaded (20 events):
Event: 316.873 Loading class java/util/stream/Nodes$CollectorTask$OfRef
Event: 316.874 Loading class java/util/stream/Nodes$CollectorTask
Event: 317.557 Loading class java/util/stream/Nodes$CollectorTask done
Event: 317.557 Loading class java/util/stream/Nodes$CollectorTask$OfRef done
Event: 317.565 Loading class java/util/function/LongFunction
Event: 317.566 Loading class java/util/function/LongFunction done
Event: 317.567 Loading class java/util/stream/Nodes$ConcNode
Event: 317.567 Loading class java/util/stream/Nodes$AbstractConcNode
Event: 317.568 Loading class java/util/stream/Nodes$AbstractConcNode done
Event: 317.568 Loading class java/util/stream/Nodes$ConcNode done
Event: 317.684 Loading class java/io/ObjectOutputStream$BlockDataOutputStream
Event: 317.685 Loading class java/io/ObjectOutputStream$BlockDataOutputStream done
Event: 317.685 Loading class java/io/ObjectOutputStream$HandleTable
Event: 317.685 Loading class java/io/ObjectOutputStream$HandleTable done
Event: 317.685 Loading class java/io/ObjectOutputStream$ReplaceTable
Event: 317.685 Loading class java/io/ObjectOutputStream$ReplaceTable done
Event: 470.123 Loading class sun/net/ConnectionResetException
Event: 470.124 Loading class sun/net/ConnectionResetException done
Event: 1289.793 Loading class sun/net/util/SocketExceptions
Event: 1289.966 Loading class sun/net/util/SocketExceptions done

Classes unloaded (20 events):
Event: 303.733 Thread 0x0000012ef6c50d70 Unloading class 0x0000012e81839c00 'java/lang/invoke/LambdaForm$MH+0x0000012e81839c00'
Event: 303.733 Thread 0x0000012ef6c50d70 Unloading class 0x0000012e81839800 'java/lang/invoke/LambdaForm$MH+0x0000012e81839800'
Event: 303.733 Thread 0x0000012ef6c50d70 Unloading class 0x0000012e81839400 'java/lang/invoke/LambdaForm$MH+0x0000012e81839400'
Event: 303.733 Thread 0x0000012ef6c50d70 Unloading class 0x0000012e81838c00 'java/lang/invoke/LambdaForm$MH+0x0000012e81838c00'
Event: 303.733 Thread 0x0000012ef6c50d70 Unloading class 0x0000012e81839000 'java/lang/invoke/LambdaForm$MH+0x0000012e81839000'
Event: 303.733 Thread 0x0000012ef6c50d70 Unloading class 0x0000012e81838800 'java/lang/invoke/LambdaForm$MH+0x0000012e81838800'
Event: 303.733 Thread 0x0000012ef6c50d70 Unloading class 0x0000012e81838400 'java/lang/invoke/LambdaForm$MH+0x0000012e81838400'
Event: 303.733 Thread 0x0000012ef6c50d70 Unloading class 0x0000012e81837c00 'java/lang/invoke/LambdaForm$MH+0x0000012e81837c00'
Event: 303.733 Thread 0x0000012ef6c50d70 Unloading class 0x0000012e81837800 'java/lang/invoke/LambdaForm$MH+0x0000012e81837800'
Event: 303.733 Thread 0x0000012ef6c50d70 Unloading class 0x0000012e81837400 'java/lang/invoke/LambdaForm$MH+0x0000012e81837400'
Event: 303.734 Thread 0x0000012ef6c50d70 Unloading class 0x0000012e81837000 'java/lang/invoke/LambdaForm$MH+0x0000012e81837000'
Event: 303.734 Thread 0x0000012ef6c50d70 Unloading class 0x0000012e81836c00 'java/lang/invoke/LambdaForm$MH+0x0000012e81836c00'
Event: 303.734 Thread 0x0000012ef6c50d70 Unloading class 0x0000012e81836400 'java/lang/invoke/LambdaForm$MH+0x0000012e81836400'
Event: 303.734 Thread 0x0000012ef6c50d70 Unloading class 0x0000012e81836800 'java/lang/invoke/LambdaForm$MH+0x0000012e81836800'
Event: 303.734 Thread 0x0000012ef6c50d70 Unloading class 0x0000012e81836000 'java/lang/invoke/LambdaForm$MH+0x0000012e81836000'
Event: 303.734 Thread 0x0000012ef6c50d70 Unloading class 0x0000012e81835c00 'java/lang/invoke/LambdaForm$MH+0x0000012e81835c00'
Event: 303.734 Thread 0x0000012ef6c50d70 Unloading class 0x0000012e81835400 'java/lang/invoke/LambdaForm$MH+0x0000012e81835400'
Event: 303.734 Thread 0x0000012ef6c50d70 Unloading class 0x0000012e81834c00 'java/lang/invoke/LambdaForm$MH+0x0000012e81834c00'
Event: 303.734 Thread 0x0000012ef6c50d70 Unloading class 0x0000012e81834800 'java/lang/invoke/LambdaForm$MH+0x0000012e81834800'
Event: 303.734 Thread 0x0000012ef6c50d70 Unloading class 0x0000012e81835000 'java/lang/invoke/LambdaForm$MH+0x0000012e81835000'

Classes redefined (0 events):
No events

Internal exceptions (20 events):
Event: 1479.518 Thread 0x0000012f02a1ed80 Exception <a 'sun/nio/fs/WindowsException'{0x00000000d55abac8}> (0x00000000d55abac8) 
thrown [s\src\hotspot\share\prims\jni.cpp, line 520]
Event: 1479.519 Thread 0x0000012f02a1ed80 Exception <a 'sun/nio/fs/WindowsException'{0x00000000d55abfa0}> (0x00000000d55abfa0) 
thrown [s\src\hotspot\share\prims\jni.cpp, line 520]
Event: 1479.519 Thread 0x0000012f02a1ed80 Exception <a 'sun/nio/fs/WindowsException'{0x00000000d562ec48}> (0x00000000d562ec48) 
thrown [s\src\hotspot\share\prims\jni.cpp, line 520]
Event: 1479.519 Thread 0x0000012f02a1ed80 Exception <a 'sun/nio/fs/WindowsException'{0x00000000d562f138}> (0x00000000d562f138) 
thrown [s\src\hotspot\share\prims\jni.cpp, line 520]
Event: 1480.717 Thread 0x0000012ecd4da7c0 Exception <a 'sun/nio/fs/WindowsException'{0x00000000d55b9b68}> (0x00000000d55b9b68) 
thrown [s\src\hotspot\share\prims\jni.cpp, line 520]
Event: 1480.717 Thread 0x0000012ecd4da7c0 Exception <a 'sun/nio/fs/WindowsException'{0x00000000d55ba060}> (0x00000000d55ba060) 
thrown [s\src\hotspot\share\prims\jni.cpp, line 520]
Event: 1480.718 Thread 0x0000012ecd4da7c0 Exception <a 'sun/nio/fs/WindowsException'{0x00000000d55ba910}> (0x00000000d55ba910) 
thrown [s\src\hotspot\share\prims\jni.cpp, line 520]
Event: 1480.718 Thread 0x0000012ecd4da7c0 Exception <a 'sun/nio/fs/WindowsException'{0x00000000d55bade8}> (0x00000000d55bade8) 
thrown [s\src\hotspot\share\prims\jni.cpp, line 520]
Event: 1480.727 Thread 0x0000012ecd4da7c0 Exception <a 'sun/nio/fs/WindowsException'{0x00000000d561e990}> (0x00000000d561e990) 
thrown [s\src\hotspot\share\prims\jni.cpp, line 520]
Event: 1480.727 Thread 0x0000012ecd4da7c0 Exception <a 'sun/nio/fs/WindowsException'{0x00000000d561ee80}> (0x00000000d561ee80) 
thrown [s\src\hotspot\share\prims\jni.cpp, line 520]
Event: 1482.724 Thread 0x0000012eff9f4d80 Exception <a 'sun/nio/fs/WindowsException'{0x00000000d56c6788}> (0x00000000d56c6788) 
thrown [s\src\hotspot\share\prims\jni.cpp, line 520]
Event: 1483.190 Thread 0x0000012ecd08c1e0 Exception <a 'sun/nio/fs/WindowsException'{0x00000000d56482d8}> (0x00000000d56482d8) 
thrown [s\src\hotspot\share\prims\jni.cpp, line 520]
Event: 1483.190 Thread 0x0000012ecd08c1e0 Exception <a 'sun/nio/fs/WindowsException'{0x00000000d56487d0}> (0x00000000d56487d0) 
thrown [s\src\hotspot\share\prims\jni.cpp, line 520]
Event: 1483.218 Thread 0x0000012ecd08c1e0 Exception <a 'sun/nio/fs/WindowsException'{0x00000000d564fe10}> (0x00000000d564fe10) 
thrown [s\src\hotspot\share\prims\jni.cpp, line 520]
Event: 1483.218 Thread 0x0000012ecd08c1e0 Exception <a 'sun/nio/fs/WindowsException'{0x00000000d56502e8}> (0x00000000d56502e8) 
thrown [s\src\hotspot\share\prims\jni.cpp, line 520]
Event: 1483.240 Thread 0x0000012ecd08c1e0 Exception <a 'sun/nio/fs/WindowsException'{0x00000000d5651550}> (0x00000000d5651550) 
thrown [s\src\hotspot\share\prims\jni.cpp, line 520]
Event: 1483.240 Thread 0x0000012ecd08c1e0 Exception <a 'sun/nio/fs/WindowsException'{0x00000000d5651a40}> (0x00000000d5651a40) 
thrown [s\src\hotspot\share\prims\jni.cpp, line 520]
Event: 1483.510 Thread 0x0000012f05422410 Exception <a 'java/lang/NoSuchMethodError'{0x00000000d5781548}: static Lorg/gradle/api/GradleException;.<clinit>()V> (0x00000000d5781548) 
thrown [s\src\hotspot\share\prims\jni.cpp, line 1111]
Event: 1483.582 Thread 0x0000012f05422410 Exception <a 'java/lang/NoSuchMethodError'{0x00000000d5590ce8}: static Lorg/gradle/internal/exceptions/ContextAwareException;.<clinit>()V> (0x00000000d5590ce8) 
thrown [s\src\hotspot\share\prims\jni.cpp, line 1111]
Event: 1483.583 Thread 0x0000012f05422410 Exception <a 'java/lang/NoSuchMethodError'{0x00000000d566b9a8}: static Lorg/gradle/internal/exceptions/LocationAwareException;.<clinit>()V> (0x00000000d566b9a8) 
thrown [s\src\hotspot\share\prims\jni.cpp, line 1111]

ZGC Phase Switch (0 events):
No events

VM Operations (20 events):
Event: 1483.277 Executing safepoint VM operation: ParallelGCFailedAllocation (Allocation Failure) done
Event: 1483.278 Executing safepoint VM operation: ParallelGCFailedAllocation (Allocation Failure)
Event: 1483.285 Executing safepoint VM operation: ParallelGCFailedAllocation (Allocation Failure) done
Event: 1483.307 Executing safepoint VM operation: ParallelGCFailedAllocation (Allocation Failure)
Event: 1483.326 Executing safepoint VM operation: ParallelGCFailedAllocation (Allocation Failure) done
Event: 1483.391 Executing safepoint VM operation: ParallelGCFailedAllocation (Allocation Failure)
Event: 1483.397 Executing safepoint VM operation: ParallelGCFailedAllocation (Allocation Failure) done
Event: 1483.398 Executing safepoint VM operation: ParallelGCFailedAllocation (Allocation Failure)
Event: 1483.407 Executing safepoint VM operation: ParallelGCFailedAllocation (Allocation Failure) done
Event: 1483.526 Executing safepoint VM operation: ParallelGCFailedAllocation (Allocation Failure)
Event: 1483.552 Executing safepoint VM operation: ParallelGCFailedAllocation (Allocation Failure) done
Event: 1483.753 Executing safepoint VM operation: ParallelGCFailedAllocation (Allocation Failure)
Event: 1483.768 Executing safepoint VM operation: ParallelGCFailedAllocation (Allocation Failure) done
Event: 1483.803 Executing safepoint VM operation: ParallelGCFailedAllocation (Allocation Failure)
Event: 1483.824 Executing safepoint VM operation: ParallelGCFailedAllocation (Allocation Failure) done
Event: 1483.926 Executing safepoint VM operation: ParallelGCFailedAllocation (Allocation Failure)
Event: 1483.959 Executing safepoint VM operation: ParallelGCFailedAllocation (Allocation Failure) done
Event: 1484.019 Executing safepoint VM operation: ParallelGCFailedAllocation (Allocation Failure)
Event: 1484.033 Executing safepoint VM operation: ParallelGCFailedAllocation (Allocation Failure) done
Event: 1484.047 Executing safepoint VM operation: ParallelGCFailedAllocation (Allocation Failure)

Memory protections (0 events):
No events

Nmethod flushes (20 events):
Event: 1249.946 Thread 0x0000012ef6c50d70 flushing  nmethod 0x0000012ee447ad90
Event: 1249.946 Thread 0x0000012ef6c50d70 flushing  nmethod 0x0000012ee4597610
Event: 1249.946 Thread 0x0000012ef6c50d70 flushing  nmethod 0x0000012ee45e8a10
Event: 1249.946 Thread 0x0000012ef6c50d70 flushing  nmethod 0x0000012ee45ee410
Event: 1249.946 Thread 0x0000012ef6c50d70 flushing  nmethod 0x0000012ee478aa90
Event: 1249.946 Thread 0x0000012ef6c50d70 flushing  nmethod 0x0000012ee4889c90
Event: 1249.946 Thread 0x0000012ef6c50d70 flushing  nmethod 0x0000012ee4922410
Event: 1249.946 Thread 0x0000012ef6c50d70 flushing  nmethod 0x0000012ee4928b90
Event: 1249.946 Thread 0x0000012ef6c50d70 flushing  nmethod 0x0000012ee4989190
Event: 1249.946 Thread 0x0000012ef6c50d70 flushing  nmethod 0x0000012ee49d9210
Event: 1249.946 Thread 0x0000012ef6c50d70 flushing  nmethod 0x0000012ee49ec290
Event: 1249.946 Thread 0x0000012ef6c50d70 flushing  nmethod 0x0000012ee4a10710
Event: 1249.946 Thread 0x0000012ef6c50d70 flushing  nmethod 0x0000012ee4a15b90
Event: 1249.946 Thread 0x0000012ef6c50d70 flushing  nmethod 0x0000012ee4a19490
Event: 1249.946 Thread 0x0000012ef6c50d70 flushing  nmethod 0x0000012ee4a2f790
Event: 1249.946 Thread 0x0000012ef6c50d70 flushing  nmethod 0x0000012ee4a30310
Event: 1249.946 Thread 0x0000012ef6c50d70 flushing  nmethod 0x0000012ee4ac0f90
Event: 1249.946 Thread 0x0000012ef6c50d70 flushing  nmethod 0x0000012ee4ae1010
Event: 1249.946 Thread 0x0000012ef6c50d70 flushing  nmethod 0x0000012ee4b02290
Event: 1249.947 Thread 0x0000012ef6c50d70 flushing  nmethod 0x0000012ee4b3af10

Events (20 events):
Event: 1483.666 Thread 0x0000012f05422410 Thread exited: 0x0000012f05422410
Event: 1483.702 Thread 0x0000012f05411700 Thread added: 0x0000012f02a33c30
Event: 1483.751 Thread 0x0000012efd46ac80 Thread added: 0x0000012ecd0e9ca0
Event: 1483.769 Thread 0x0000012ecd0e9ca0 Thread added: 0x0000012ecd0ebd70
Event: 1483.770 Thread 0x0000012ecd0e05b0 Thread exited: 0x0000012ecd0e05b0
Event: 1483.770 Thread 0x0000012ecc2ef860 Thread exited: 0x0000012ecc2ef860
Event: 1483.780 Thread 0x0000012ecd0ebd70 Thread exited: 0x0000012ecd0ebd70
Event: 1483.795 Thread 0x0000012ecd0e9ca0 Thread added: 0x0000012ecd0ebd70
Event: 1483.798 Thread 0x0000012efc9f8ac0 Thread added: 0x0000012ecd103380
Event: 1483.866 Thread 0x0000012ecd103380 Thread added: 0x0000012ecd1088d0
Event: 1483.866 Thread 0x0000012ecd103380 Thread added: 0x0000012ecd0e05b0
Event: 1483.875 Thread 0x0000012ecd1088d0 Thread exited: 0x0000012ecd1088d0
Event: 1483.919 Thread 0x0000012ecd0e9ca0 Thread added: 0x0000012ecd107bb0
Event: 1483.932 Thread 0x0000012ecd0e9ca0 Thread added: 0x0000012ecd1088d0
Event: 1484.016 Thread 0x0000012ecd1088d0 Thread exited: 0x0000012ecd1088d0
Event: 1484.016 Thread 0x0000012ecd0e9ca0 Thread added: 0x0000012ecc2ef1d0
Event: 1484.019 Thread 0x0000012ecc2ef1d0 Thread added: 0x0000012ecc2ef860
Event: 1484.034 Thread 0x0000012ecc2ef860 Thread exited: 0x0000012ecc2ef860
Event: 1484.035 Thread 0x0000012ecd0ebd70 Thread exited: 0x0000012ecd0ebd70
Event: 1484.047 Thread 0x0000012ecd0e9ca0 Thread added: 0x0000012ecc2ef860


Dynamic libraries:
0x00007ff60cbc0000 - 0x00007ff60cbce000 	c:\Users\ASUS\.vscode\extensions\redhat.java-1.56.0-win32-x64\jre\21.0.12.1-win32-x86_64\bin\java.exe
0x00007fff1ca20000 - 0x00007fff1cc86000 	C:\WINDOWS\SYSTEM32\ntdll.dll
0x00007fff1b9a0000 - 0x00007fff1ba69000 	C:\WINDOWS\System32\KERNEL32.DLL
0x00007fff1a040000 - 0x00007fff1a43f000 	C:\WINDOWS\System32\KERNELBASE.dll
0x00007fff19c30000 - 0x00007fff19d7c000 	C:\WINDOWS\System32\ucrtbase.dll
0x00007fff037e0000 - 0x00007fff037f8000 	c:\Users\ASUS\.vscode\extensions\redhat.java-1.56.0-win32-x64\jre\21.0.12.1-win32-x86_64\bin\jli.dll
0x00007fff1a750000 - 0x00007fff1a916000 	C:\WINDOWS\System32\USER32.dll
0x00007fff19d90000 - 0x00007fff19db7000 	C:\WINDOWS\System32\win32u.dll
0x00007fff1b880000 - 0x00007fff1b8ab000 	C:\WINDOWS\System32\GDI32.dll
0x00007fff19e50000 - 0x00007fff19f79000 	C:\WINDOWS\System32\gdi32full.dll
0x00007fff1a510000 - 0x00007fff1a5b3000 	C:\WINDOWS\System32\msvcp_win.dll
0x00007fff03cb0000 - 0x00007fff03cce000 	c:\Users\ASUS\.vscode\extensions\redhat.java-1.56.0-win32-x64\jre\21.0.12.1-win32-x86_64\bin\VCRUNTIME140.dll
0x00007ffeff530000 - 0x00007ffeff7c1000 	C:\WINDOWS\WinSxS\amd64_microsoft.windows.common-controls_6595b64144ccf1df_6.0.26100.8972_none_3e0da176e32f9d4b\COMCTL32.dll
0x00007fff1c7b0000 - 0x00007fff1c859000 	C:\WINDOWS\System32\msvcrt.dll
0x00007fff1c9a0000 - 0x00007fff1c9d2000 	C:\WINDOWS\System32\IMM32.DLL
0x00007fff146c0000 - 0x00007fff146cc000 	c:\Users\ASUS\.vscode\extensions\redhat.java-1.56.0-win32-x64\jre\21.0.12.1-win32-x86_64\bin\vcruntime140_1.dll
0x00007ffebf820000 - 0x00007ffebf8ad000 	c:\Users\ASUS\.vscode\extensions\redhat.java-1.56.0-win32-x64\jre\21.0.12.1-win32-x86_64\bin\msvcp140.dll
0x00007ffe7be30000 - 0x00007ffe7cbd2000 	c:\Users\ASUS\.vscode\extensions\redhat.java-1.56.0-win32-x64\jre\21.0.12.1-win32-x86_64\bin\server\jvm.dll
0x00007fff1bcd0000 - 0x00007fff1bd8c000 	C:\WINDOWS\System32\ADVAPI32.dll
0x00007fff1bb00000 - 0x00007fff1bbaa000 	C:\WINDOWS\System32\sechost.dll
0x00007fff1bbb0000 - 0x00007fff1bcc8000 	C:\WINDOWS\System32\RPCRT4.dll
0x00007fff1bda0000 - 0x00007fff1be22000 	C:\WINDOWS\System32\WS2_32.dll
0x00007fff19ab0000 - 0x00007fff19b0e000 	C:\WINDOWS\SYSTEM32\POWRPROF.dll
0x00007fff10280000 - 0x00007fff102b6000 	C:\WINDOWS\SYSTEM32\WINMM.dll
0x00007fff05a70000 - 0x00007fff05a7b000 	C:\WINDOWS\SYSTEM32\VERSION.dll
0x00007fff19a90000 - 0x00007fff19aa5000 	C:\WINDOWS\SYSTEM32\UMPDC.dll
0x00007fff188e0000 - 0x00007fff188fb000 	C:\WINDOWS\SYSTEM32\kernel.appcore.dll
0x00007fff14440000 - 0x00007fff1444a000 	c:\Users\ASUS\.vscode\extensions\redhat.java-1.56.0-win32-x64\jre\21.0.12.1-win32-x86_64\bin\jimage.dll
0x00007fff17100000 - 0x00007fff17342000 	C:\WINDOWS\SYSTEM32\DBGHELP.DLL
0x00007fff1c2b0000 - 0x00007fff1c635000 	C:\WINDOWS\System32\combase.dll
0x00007fff1bfa0000 - 0x00007fff1c079000 	C:\WINDOWS\System32\OLEAUT32.dll
0x00007ffef8010000 - 0x00007ffef804b000 	C:\WINDOWS\SYSTEM32\dbgcore.DLL
0x00007fff1a450000 - 0x00007fff1a4fc000 	C:\WINDOWS\System32\bcryptPrimitives.dll
0x00007fff0aaf0000 - 0x00007fff0aaff000 	c:\Users\ASUS\.vscode\extensions\redhat.java-1.56.0-win32-x64\jre\21.0.12.1-win32-x86_64\bin\instrument.dll
0x00007fff037c0000 - 0x00007fff037e0000 	c:\Users\ASUS\.vscode\extensions\redhat.java-1.56.0-win32-x64\jre\21.0.12.1-win32-x86_64\bin\java.dll
0x00007fff1aa80000 - 0x00007fff1b208000 	C:\WINDOWS\System32\SHELL32.dll
0x00007fff176a0000 - 0x00007fff17f3b000 	C:\WINDOWS\SYSTEM32\windows.storage.dll
0x00007fff1c8a0000 - 0x00007fff1c999000 	C:\WINDOWS\System32\SHCORE.dll
0x00007fff1c240000 - 0x00007fff1c2a6000 	C:\WINDOWS\System32\shlwapi.dll
0x00007fff19b50000 - 0x00007fff19b79000 	C:\WINDOWS\SYSTEM32\profapi.dll
0x00007fff03620000 - 0x00007fff03638000 	c:\Users\ASUS\.vscode\extensions\redhat.java-1.56.0-win32-x64\jre\21.0.12.1-win32-x86_64\bin\zip.dll
0x00007fff04200000 - 0x00007fff04210000 	C:\Users\ASUS\.vscode\extensions\redhat.java-1.56.0-win32-x64\jre\21.0.12.1-win32-x86_64\bin\net.dll
0x00007fff12320000 - 0x00007fff12448000 	C:\WINDOWS\SYSTEM32\WINHTTP.dll
0x00007fff18e70000 - 0x00007fff18edc000 	C:\WINDOWS\system32\mswsock.dll
0x00007fff03260000 - 0x00007fff03276000 	C:\Users\ASUS\.vscode\extensions\redhat.java-1.56.0-win32-x64\jre\21.0.12.1-win32-x86_64\bin\nio.dll
0x00007fff03f70000 - 0x00007fff03f80000 	c:\Users\ASUS\.vscode\extensions\redhat.java-1.56.0-win32-x64\jre\21.0.12.1-win32-x86_64\bin\verify.dll
0x00007ffef9dc0000 - 0x00007ffef9e05000 	C:\Users\ASUS\AppData\Roaming\Code\User\globalStorage\redhat.java\1.56.0\config_win\org.eclipse.equinox.launcher\org.eclipse.equinox.launcher.win32.win32.x86_64_1.3.100.v20260804-1928\eclipse_11924.dll
0x00007fff1c0a0000 - 0x00007fff1c239000 	C:\WINDOWS\System32\ole32.dll
0x00007fff19290000 - 0x00007fff192ab000 	C:\WINDOWS\SYSTEM32\CRYPTSP.dll
0x00007fff18840000 - 0x00007fff18879000 	C:\WINDOWS\system32\rsaenh.dll
0x00007fff18f20000 - 0x00007fff18f52000 	C:\WINDOWS\SYSTEM32\USERENV.dll
0x00007fff19b20000 - 0x00007fff19b4a000 	C:\WINDOWS\SYSTEM32\bcrypt.dll
0x00007fff190d0000 - 0x00007fff190dc000 	C:\WINDOWS\SYSTEM32\CRYPTBASE.dll
0x00007fff18290000 - 0x00007fff182c3000 	C:\WINDOWS\SYSTEM32\IPHLPAPI.DLL
0x00007fff1b990000 - 0x00007fff1b99a000 	C:\WINDOWS\System32\NSI.dll
0x00007ffee8790000 - 0x00007ffee87d9000 	C:\Users\ASUS\AppData\Local\Temp\jna--2031288575\jna8729190246543628886.dll
0x00007fff1c860000 - 0x00007fff1c868000 	C:\WINDOWS\System32\PSAPI.DLL
0x00007fff12bb0000 - 0x00007fff12bcd000 	C:\WINDOWS\SYSTEM32\dhcpcsvc6.DLL
0x00007fff12b60000 - 0x00007fff12b85000 	C:\WINDOWS\SYSTEM32\dhcpcsvc.DLL
0x00007fff00fb0000 - 0x00007fff00fd7000 	C:\Users\ASUS\.gradle\native\1def1411415f61bf3af743bc5b6707747c0891f09f0c88961ee8f79bc544acac\windows-amd64\native-platform.dll
0x00007fff03a30000 - 0x00007fff03a3a000 	C:\Users\ASUS\.vscode\extensions\redhat.java-1.56.0-win32-x64\jre\21.0.12.1-win32-x86_64\bin\management.dll
0x00007fff03580000 - 0x00007fff0358c000 	C:\Users\ASUS\.vscode\extensions\redhat.java-1.56.0-win32-x64\jre\21.0.12.1-win32-x86_64\bin\management_ext.dll
0x00007fff02dd0000 - 0x00007fff02dd9000 	C:\Users\ASUS\.vscode\extensions\redhat.java-1.56.0-win32-x64\jre\21.0.12.1-win32-x86_64\bin\extnet.dll
0x00007fff02d50000 - 0x00007fff02d5e000 	C:\Users\ASUS\.vscode\extensions\redhat.java-1.56.0-win32-x64\jre\21.0.12.1-win32-x86_64\bin\sunmscapi.dll
0x00007fff1a5c0000 - 0x00007fff1a73e000 	C:\WINDOWS\System32\CRYPT32.dll
0x00007fff19400000 - 0x00007fff19430000 	C:\WINDOWS\SYSTEM32\ncrypt.dll
0x00007fff193b0000 - 0x00007fff193ef000 	C:\WINDOWS\SYSTEM32\NTASN1.dll
0x00007ffece580000 - 0x00007ffece588000 	C:\WINDOWS\system32\wshunix.dll
0x00007fff18320000 - 0x00007fff18478000 	C:\WINDOWS\SYSTEM32\DNSAPI.dll
0x00007fff18c70000 - 0x00007fff18c7d000 	C:\WINDOWS\SYSTEM32\DSPARSE.dll
0x00007fff0fb00000 - 0x00007fff0fb0b000 	C:\Windows\System32\rasadhlp.dll
0x00007fff12da0000 - 0x00007fff12e26000 	C:\WINDOWS\System32\fwpuclnt.dll

JVMTI agents:
c:\Users\ASUS\.vscode\extensions\redhat.java-1.56.0-win32-x64\lombok\lombok-1.18.39-4050.jar path:c:\Users\ASUS\.vscode\extensions\redhat.java-1.56.0-win32-x64\jre\21.0.12.1-win32-x86_64\bin\instrument.dll, loaded, initialized, instrumentlib options:none

dbghelp: loaded successfully - version: 4.0.5 - missing functions: none
symbol engine: initialized successfully - sym options: 0x614 - pdb path: .;c:\Users\ASUS\.vscode\extensions\redhat.java-1.56.0-win32-x64\jre\21.0.12.1-win32-x86_64\bin;C:\WINDOWS\SYSTEM32;C:\WINDOWS\WinSxS\amd64_microsoft.windows.common-controls_6595b64144ccf1df_6.0.26100.8972_none_3e0da176e32f9d4b;c:\Users\ASUS\.vscode\extensions\redhat.java-1.56.0-win32-x64\jre\21.0.12.1-win32-x86_64\bin\server;C:\Users\ASUS\AppData\Roaming\Code\User\globalStorage\redhat.java\1.56.0\config_win\org.eclipse.equinox.launcher\org.eclipse.equinox.launcher.win32.win32.x86_64_1.3.100.v20260804-1928;C:\Users\ASUS\AppData\Local\Temp\jna--2031288575;C:\Users\ASUS\.gradle\native\1def1411415f61bf3af743bc5b6707747c0891f09f0c88961ee8f79bc544acac\windows-amd64

VM Arguments:
jvm_args: --add-modules=ALL-SYSTEM --add-opens=java.base/java.util=ALL-UNNAMED --add-opens=java.base/java.lang=ALL-UNNAMED --add-opens=java.base/sun.nio.fs=ALL-UNNAMED -Declipse.application=org.eclipse.jdt.ls.core.id1 -Dosgi.bundles.defaultStartLevel=4 -Declipse.product=org.eclipse.jdt.ls.core.product -Djava.import.generatesMetadataFilesAtProjectRoot=false -Dm2e.project.cache.size=50 -DDetectVMInstallationsJob.disabled=true -Dfile.encoding=utf8 -XX:+UseParallelGC -XX:GCTimeRatio=4 -XX:AdaptiveSizePolicyWeight=90 -Dsun.zip.disableMemoryMapping=true -Xmx2G -Xms100m -Xlog:disable -javaagent:c:\Users\ASUS\.vscode\extensions\redhat.java-1.56.0-win32-x64\lombok\lombok-1.18.39-4050.jar -XX:+HeapDumpOnOutOfMemoryError -XX:HeapDumpPath=c:\Users\ASUS\AppData\Roaming\Code\User\workspaceStorage\abc006f80b475779e14d82337ef5c2f0\redhat.java -Daether.dependencyCollector.impl=bf 
java_command: c:\Users\ASUS\.vscode\extensions\redhat.java-1.56.0-win32-x64\server\plugins\org.eclipse.equinox.launcher_1.8.0.v20260804-1928.jar -configuration c:\Users\ASUS\AppData\Roaming\Code\User\globalStorage\redhat.java\1.56.0\config_win -data c:\Users\ASUS\AppData\Roaming\Code\User\workspaceStorage\abc006f80b475779e14d82337ef5c2f0\redhat.java\jdt_ws --stdio
java_class_path (initial): c:\Users\ASUS\.vscode\extensions\redhat.java-1.56.0-win32-x64\server\plugins\org.eclipse.equinox.launcher_1.8.0.v20260804-1928.jar
Launcher Type: SUN_STANDARD

[Global flags]
    uintx AdaptiveSizePolicyWeight                 = 90                                        {product} {command line}
     intx CICompilerCount                          = 4                                         {product} {ergonomic}
    uintx GCTimeRatio                              = 4                                         {product} {command line}
     bool HeapDumpOnOutOfMemoryError               = true                                   {manageable} {command line}
    ccstr HeapDumpPath                             = c:\Users\ASUS\AppData\Roaming\Code\User\workspaceStorage\abc006f80b475779e14d82337ef5c2f0\redhat.java         {manageable} {command line}
   size_t InitialHeapSize                          = 104857600                                 {product} {command line}
   size_t MaxHeapSize                              = 2147483648                                {product} {command line}
   size_t MaxNewSize                               = 715653120                                 {product} {ergonomic}
   size_t MinHeapDeltaBytes                        = 524288                                    {product} {ergonomic}
   size_t MinHeapSize                              = 104857600                                 {product} {command line}
   size_t NewSize                                  = 34603008                                  {product} {ergonomic}
    uintx NonNMethodCodeHeapSize                   = 5839372                                {pd product} {ergonomic}
    uintx NonProfiledCodeHeapSize                  = 122909434                              {pd product} {ergonomic}
   size_t OldSize                                  = 70254592                                  {product} {ergonomic}
    uintx ProfiledCodeHeapSize                     = 122909434                              {pd product} {ergonomic}
    uintx ReservedCodeCacheSize                    = 251658240                              {pd product} {ergonomic}
     bool SegmentedCodeCache                       = true                                      {product} {ergonomic}
   size_t SoftMaxHeapSize                          = 2147483648                             {manageable} {ergonomic}
     bool UseCompressedOops                        = true                           {product lp64_product} {ergonomic}
     bool UseLargePagesIndividualAllocation        = false                                  {pd product} {ergonomic}
     bool UseParallelGC                            = true                                      {product} {command line}

Logging:
Log output configuration:
 #0: stdout all=off uptime,level,tags foldmultilines=false
 #1: stderr all=off uptime,level,tags foldmultilines=false

Release file:
JAVA_VERSION="21.0.12.1" 
MODULES="java.base java.compiler java.datatransfer java.xml java.prefs java.desktop java.instrument java.logging java.management java.security.sasl java.naming java.rmi java.management.rmi java.net.http java.scripting java.security.jgss java.transaction.xa java.sql java.sql.rowset java.xml.crypto java.se java.smartcardio jdk.accessibility jdk.internal.jvmstat jdk.attach jdk.charsets jdk.internal.opt jdk.zipfs jdk.compiler jdk.crypto.ec jdk.crypto.cryptoki jdk.crypto.mscapi jdk.dynalink jdk.internal.ed jdk.editpad jdk.hotspot.agent jdk.httpserver jdk.internal.le jdk.internal.vm.ci jdk.internal.vm.compiler jdk.internal.vm.compiler.management jdk.jartool jdk.javadoc jdk.jcmd jdk.management jdk.management.agent jdk.jconsole jdk.jdeps jdk.jdwp.agent jdk.jdi jdk.jfr jdk.jshell jdk.jsobject jdk.jstatd jdk.localedata jdk.management.jfr jdk.naming.dns jdk.naming.rmi jdk.net jdk.nio.mapmode jdk.random jdk.sctp jdk.security.auth jdk.security.jgss jdk.unsupported jdk.unsupported.desktop jdk.xml.dom" 

Environment Variables:
PATH=C:\Program Files\Eclipse Adoptium\jdk-21.0.11.10-hotspot\bin;C:\app\ASUS\product\23ai\dbhomeFree\bin;C:\Program Files\Common Files\Oracle\Java\javapath;C:\Users\ASUS\Downloads\apache-maven-3.9.11-bin\apache-maven-3.9.11\bin;C:\Python313\Scripts\;C:\Python313\;C:\Program Files\Microsoft MPI\Bin\;C:\WINDOWS\system32;C:\WINDOWS;C:\WINDOWS\System32\Wbem;C:\WINDOWS\System32\WindowsPowerShell\v1.0\;C:\WINDOWS\System32\OpenSSH\;C:\Program Files (x86)\Microsoft SQL Server\160\Tools\Binn\;C:\Program Files\Microsoft SQL Server\160\Tools\Binn\;C:\Program Files\Microsoft SQL Server\Client SDK\ODBC\170\Tools\Binn\;C:\Program Files\Microsoft SQL Server\160\DTS\Binn\;C:\Program Files (x86)\Microsoft SQL Server\160\DTS\Binn\;C:\Program Files\nodejs\;C:\ProgramData\chocolatey\bin;C:\Program Files (x86)\Microsoft SQL Server\150\Tools\Binn\;C:\Program Files\Microsoft SQL Server\150\Tools\Binn\;C:\Program Files\Microsoft SQL Server\150\DTS\Binn\;C:\Program Files (x86)\Microsoft SQL Server\150\DTS\Binn\;C:\Program Files\Java\jdk-24\bin;C:\Program Files\dotnet\;C:\Program Files (x86)\Windows Kits\10\Windows Performance Toolkit\;D:\xampp\php;C:\composer;C:\Program Files\Git\cmd;C:\Program Files\Docker\Docker\resources\bin;;C:\Program Files\PostgreSQL\17\bin;C:\Program Files\Eclipse Adoptium\jdk-21.0.11.10-hotspot\bin;C:\app\ASUS\product\23ai\dbhomeFree\bin;C:\Program Files\Common Files\Oracle\Java\javapath;C:\Users\ASUS\Downloads\apache-maven-3.9.11-bin\apache-maven-3.9.11\bin;C:\Python313\Scripts\;C:\Python313\;C:\Program Files\Microsoft MPI\Bin\;C:\WINDOWS\system32;C:\WINDOWS;C:\WINDOWS\System32\Wbem;C:\WINDOWS\System32\WindowsPowerShell\v1.0\;C:\WINDOWS\System32\OpenSSH\;C:\Program Files (x86)\Microsoft SQL Server\160\Tools\Binn\;C:\Program Files\Microsoft SQL Server\160\Tools\Binn\;C:\Program Files\Microsoft SQL Server\Client SDK\ODBC\170\Tools\Binn\;C:\Program Files\Microsoft SQL Server\160\DTS\Binn\;C:\Program Files (x86)\Microsoft SQL Server\160\DTS\Binn\;C:\Program Files\nodejs\;C:\ProgramData\chocolatey\bin;C:\Program Files (x86)\Microsoft SQL Server\150\Tools\Binn\;C:\Program Files\Microsoft SQL Server\150\Tools\Binn\;C:\Program Files\Microsoft SQL Server\150\DTS\Binn\;C:\Program Files (x86)\Microsoft SQL Server\150\DTS\Binn\;C:\Program Files\Java\jdk-24\bin;C:\Program Files\dotnet\;C:\Program Files (x86)\Windows Kits\10\Windows Performance Toolkit\;D:\xampp\php;C:\composer;C:\Program Files\Git\cmd;C:\Program Files\Docker\Docker\resources\bin;;C:\Program Files\PostgreSQL\17\bin;C:\Users\ASUS\AppData\Local\pi-node\current;C:\Users\ASUS\AppData\Local\Programs\OpenAI\Codex\bin;C:\Users\ASUS\AppData\Local\agy\bin;C:\Users\ASUS\.local\bin;C:\Users\ASUS\AppData\Local\Microsoft\WindowsApps;C:\Users\ASUS\AppData\Local\Programs\Microsoft VS Code\bin;C:\Users\ASUS\AppData\Roaming\npm;C:\flutter\bin;C:\android\cmdline-tools\latest\bin;C:\android\platform-tools;C:\android\emulator;C:\Users\ASUS\.dotnet\tools;C:\Users\ASUS\AppData\Roaming\Composer\vendor\bin;C:\Users\ASUS\AppData\Local\Programs\Antigravity\bin;C:\flutter\bin;C:\Users\ASUS\AppData\Local\Programs\Ollama;C:\Users\ASUS\AppData\Local\Programs\Antigravity IDE\bin;C:\Users\ASUS\AppData\Local\free-claude-code\bin;C:\Users\ASUS\AppData\Roaming\npm;D:\Antigravity IDE\bin
USERNAME=sokleng
OS=Windows_NT
PROCESSOR_IDENTIFIER=Intel64 Family 6 Model 186 Stepping 3, GenuineIntel
TMP=C:\Users\ASUS\AppData\Local\Temp
TEMP=C:\Users\ASUS\AppData\Local\Temp




Periodic native trim disabled

---------------  S Y S T E M  ---------------

OS:
 Windows 11 , 64 bit Build 26100 (10.0.26100.9168)
OS uptime: 0 days 16:09 hours
Hyper-V role detected

CPU: total 12 (initial active 12) (6 cores per cpu, 2 threads per core) family 6 model 186 stepping 3 microcode 0x4121, cx8, cmov, fxsr, ht, mmx, 3dnowpref, sse, sse2, sse3, ssse3, sse4.1, sse4.2, popcnt, lzcnt, tsc, tscinvbit, avx, avx2, aes, erms, clmul, bmi1, bmi2, adx, sha, fma, vzeroupper, clflush, clflushopt, clwb, hv, serialize, rdtscp, rdpid, fsrm, f16c, cet_ibt, cet_ss
Processor Information for processor 0
  Max Mhz: 1300, Current Mhz: 1300, Mhz Limit: 1300
Processor Information for processor 1
  Max Mhz: 1300, Current Mhz: 1300, Mhz Limit: 1300
Processor Information for processor 2
  Max Mhz: 1300, Current Mhz: 1300, Mhz Limit: 1300
Processor Information for processor 3
  Max Mhz: 1300, Current Mhz: 1300, Mhz Limit: 1300
Processor Information for processor 4
  Max Mhz: 1300, Current Mhz: 900, Mhz Limit: 897
Processor Information for processor 5
  Max Mhz: 1300, Current Mhz: 900, Mhz Limit: 897
Processor Information for processor 6
  Max Mhz: 1300, Current Mhz: 900, Mhz Limit: 897
Processor Information for processor 7
  Max Mhz: 1300, Current Mhz: 900, Mhz Limit: 897
Processor Information for processor 8
  Max Mhz: 1300, Current Mhz: 900, Mhz Limit: 897
Processor Information for processor 9
  Max Mhz: 1300, Current Mhz: 900, Mhz Limit: 897
Processor Information for processor 10
  Max Mhz: 1300, Current Mhz: 900, Mhz Limit: 897
Processor Information for processor 11
  Max Mhz: 1300, Current Mhz: 900, Mhz Limit: 897

Memory: 4k page, system-wide physical 16000M (73M free)
TotalPageFile size 65152M (AvailPageFile size 9M)
current process WorkingSet (physical memory assigned to process): 699M, peak: 1267M
current process commit charge ("private bytes"): 1979M, peak: 2215M

vm_info: OpenJDK 64-Bit Server VM (21.0.12.1+1-LTS) for windows-amd64 JRE (21.0.12.1+1-LTS), built on 2026-08-18T00:00:00Z by "admin" with MS VC++ 17.12 (VS2022)

END.
